date,market,region,latitude,longitude,elevation_m,temp_max_c,temp_min_c,rainfall_mm,rain_mm,precip_hours,humidity_max_pct,humidity_min_pct,wind_speed_max_kmh,sunshine_seconds,et0_evapotranspiration_mm,water_balance_mm,fetched_at,data_source
2025-06-14,Kampala,Central,0.38664323,32.580143,1174.0,25.4,18.6,0.8,0.8,2.0,90,55,19.2,42644.55,4.16,-3.3600000000000003,2026-06-14T10:33:38.905678,open-meteo.com
2025-06-15,Kampala,Central,0.38664323,32.580143,1174.0,25.2,19.3,0.3,0.3,3.0,86,55,20.3,42656.29,4.52,-4.22,2026-06-14T10:33:38.905815,open-meteo.com
2025-06-16,Kampala,Central,0.38664323,32.580143,1174.0,25.1,19.2,1.3,1.3,5.0,85,53,20.7,42667.94,4.25,-2.95,2026-06-14T10:33:38.905938,open-meteo.com
2025-06-17,Kampala,Central,0.38664323,32.580143,1174.0,25.0,19.0,1.8,1.8,6.0,90,59,15.8,42680.0,3.95,-2.1500000000000004,2026-06-14T10:33:38.906022,open-meteo.com
2025-06-18,Kampala,Central,0.38664323,32.580143,1174.0,25.9,18.5,1.5,1.5,4.0,92,54,11.1,37531.79,3.28,-1.7799999999999998,2026-06-14T10:33:38.906102,open-meteo.com
2025-06-19,Kampala,Central,0.38664323,32.580143,1174.0,26.1,17.4,0.2,0.2,2.0,97,56,11.4,35270.39,3.17,-2.9699999999999998,2026-06-14T10:33:38.906183,open-meteo.com
2025-06-20,Kampala,Central,0.38664323,32.580143,1174.0,26.6,17.0,0.0,0.0,0.0,95,52,7.7,42718.29,4.23,-4.23,2026-06-14T10:33:38.906263,open-meteo.com
2025-06-21,Kampala,Central,0.38664323,32.580143,1174.0,26.7,17.2,0.7,0.7,6.0,96,48,13.7,42731.54,4.18,-3.4799999999999995,2026-06-14T10:33:38.906340,open-meteo.com
2025-06-22,Kampala,Central,0.38664323,32.580143,1174.0,26.0,18.0,2.0,2.0,5.0,97,62,8.9,40862.07,3.68,-1.6800000000000002,2026-06-14T10:33:38.906419,open-meteo.com
2025-06-23,Kampala,Central,0.38664323,32.580143,1174.0,25.6,17.8,1.0,1.0,4.0,92,62,13.8,42758.39,3.66,-2.66,2026-06-14T10:33:38.906503,open-meteo.com
2025-06-24,Kampala,Central,0.38664323,32.580143,1174.0,24.0,18.5,8.8,8.8,10.0,95,74,17.1,32257.42,2.46,6.340000000000001,2026-06-14T10:33:38.906581,open-meteo.com
2025-06-25,Kampala,Central,0.38664323,32.580143,1174.0,26.1,16.6,0.8,0.8,4.0,100,55,9.2,39581.13,3.94,-3.1399999999999997,2026-06-14T10:33:38.906683,open-meteo.com
2025-06-26,Kampala,Central,0.38664323,32.580143,1174.0,26.5,17.5,1.3,1.3,2.0,93,52,14.6,42798.55,4.19,-2.8900000000000006,2026-06-14T10:33:38.906758,open-meteo.com
2025-06-27,Kampala,Central,0.38664323,32.580143,1174.0,27.0,18.0,0.6,0.6,3.0,89,53,13.2,42811.66,4.3,-3.6999999999999997,2026-06-14T10:33:38.906847,open-meteo.com
2025-06-28,Kampala,Central,0.38664323,32.580143,1174.0,27.2,18.1,1.1,1.1,3.0,92,51,13.5,42824.51,3.93,-2.83,2026-06-14T10:33:38.906955,open-meteo.com
2025-06-29,Kampala,Central,0.38664323,32.580143,1174.0,24.9,18.0,4.0,4.0,8.0,95,65,14.6,27413.58,2.64,1.3599999999999999,2026-06-14T10:33:38.907026,open-meteo.com
2025-06-30,Kampala,Central,0.38664323,32.580143,1174.0,24.9,16.9,0.9,0.9,4.0,97,60,12.4,32777.2,3.47,-2.5700000000000003,2026-06-14T10:33:38.907105,open-meteo.com
2025-07-01,Kampala,Central,0.38664323,32.580143,1174.0,24.1,18.1,5.0,5.0,8.0,89,62,15.2,42860.93,3.47,1.5299999999999998,2026-06-14T10:33:38.907183,open-meteo.com
2025-07-02,Kampala,Central,0.38664323,32.580143,1174.0,25.8,17.1,0.1,0.1,1.0,93,51,17.3,39272.14,4.08,-3.98,2026-06-14T10:33:38.907266,open-meteo.com
2025-07-03,Kampala,Central,0.38664323,32.580143,1174.0,25.2,17.9,8.3,8.3,6.0,92,62,10.5,42882.79,3.7,4.6000000000000005,2026-06-14T10:33:38.907334,open-meteo.com
2025-07-04,Kampala,Central,0.38664323,32.580143,1174.0,25.2,17.5,11.2,11.2,6.0,97,63,9.3,38420.76,3.47,7.729999999999999,2026-06-14T10:33:38.907402,open-meteo.com
2025-07-05,Kampala,Central,0.38664323,32.580143,1174.0,25.5,17.5,2.2,2.2,4.0,97,60,10.4,42588.81,3.71,-1.5099999999999998,2026-06-14T10:33:38.907499,open-meteo.com
2025-07-06,Kampala,Central,0.38664323,32.580143,1174.0,24.8,18.0,8.4,8.4,6.0,93,66,13.7,38610.67,3.13,5.2700000000000005,2026-06-14T10:33:38.907569,open-meteo.com
2025-07-07,Kampala,Central,0.38664323,32.580143,1174.0,24.0,17.7,5.6,5.6,7.0,97,67,11.2,27066.28,2.8,2.8,2026-06-14T10:33:38.907637,open-meteo.com
2025-07-08,Kampala,Central,0.38664323,32.580143,1174.0,25.5,17.0,0.9,0.9,6.0,99,60,10.9,42927.58,3.75,-2.85,2026-06-14T10:33:38.907705,open-meteo.com
2025-07-09,Kampala,Central,0.38664323,32.580143,1174.0,23.1,17.0,8.9,8.9,12.0,98,70,18.8,31431.6,2.84,6.0600000000000005,2026-06-14T10:33:38.907775,open-meteo.com
2025-07-10,Kampala,Central,0.38664323,32.580143,1174.0,21.3,18.1,0.3,0.3,3.0,92,65,16.2,6430.78,1.66,-1.3599999999999999,2026-06-14T10:33:38.907846,open-meteo.com
2025-07-11,Kampala,Central,0.38664323,32.580143,1174.0,24.7,17.4,0.4,0.4,3.0,87,56,17.4,41898.44,3.73,-3.33,2026-06-14T10:33:38.907940,open-meteo.com
2025-07-12,Kampala,Central,0.38664323,32.580143,1174.0,25.2,17.8,4.1,4.1,3.0,91,65,12.2,39026.66,3.53,0.5699999999999998,2026-06-14T10:33:38.908010,open-meteo.com
2025-07-13,Kampala,Central,0.38664323,32.580143,1174.0,26.1,17.3,0.4,0.4,4.0,95,60,11.3,42027.94,3.58,-3.18,2026-06-14T10:33:38.908077,open-meteo.com
2025-07-14,Kampala,Central,0.38664323,32.580143,1174.0,23.6,16.9,13.3,13.3,8.0,100,70,13.5,30843.93,2.73,10.57,2026-06-14T10:33:38.908144,open-meteo.com
2025-07-15,Kampala,Central,0.38664323,32.580143,1174.0,24.9,17.2,1.9,1.9,9.0,97,63,11.6,41436.44,3.63,-1.73,2026-06-14T10:33:38.908227,open-meteo.com
2025-07-16,Kampala,Central,0.38664323,32.580143,1174.0,25.0,16.3,4.0,4.0,5.0,97,59,9.3,42983.25,3.84,0.16000000000000014,2026-06-14T10:33:38.908291,open-meteo.com
2025-07-17,Kampala,Central,0.38664323,32.580143,1174.0,25.4,16.9,0.4,0.4,3.0,96,59,15.7,39412.12,3.2,-2.8000000000000003,2026-06-14T10:33:38.908353,open-meteo.com
2025-07-18,Kampala,Central,0.38664323,32.580143,1174.0,26.9,16.9,0.2,0.2,2.0,100,56,11.3,41067.21,3.99,-3.79,2026-06-14T10:33:38.908415,open-meteo.com
2025-07-19,Kampala,Central,0.38664323,32.580143,1174.0,25.7,17.3,0.3,0.3,3.0,100,64,13.5,39388.59,4.0,-3.7,2026-06-14T10:33:38.908481,open-meteo.com
2025-07-20,Kampala,Central,0.38664323,32.580143,1174.0,25.2,15.7,0.6,0.6,4.0,100,60,15.0,39204.82,3.87,-3.27,2026-06-14T10:33:38.908551,open-meteo.com
2025-07-21,Kampala,Central,0.38664323,32.580143,1174.0,26.1,16.8,0.2,0.2,2.0,91,51,14.0,43003.16,4.38,-4.18,2026-06-14T10:33:38.908619,open-meteo.com
2025-07-22,Kampala,Central,0.38664323,32.580143,1174.0,26.0,17.8,0.0,0.0,0.0,90,56,12.7,38032.56,3.56,-3.56,2026-06-14T10:33:38.908689,open-meteo.com
2025-07-23,Kampala,Central,0.38664323,32.580143,1174.0,25.7,17.0,0.0,0.0,0.0,95,61,12.7,43006.74,4.17,-4.17,2026-06-14T10:33:38.908759,open-meteo.com
2025-07-24,Kampala,Central,0.38664323,32.580143,1174.0,26.0,17.6,0.1,0.1,1.0,95,57,15.3,40392.7,4.19,-4.090000000000001,2026-06-14T10:33:38.908827,open-meteo.com
2025-07-25,Kampala,Central,0.38664323,32.580143,1174.0,26.8,17.5,0.1,0.1,1.0,91,52,14.1,43007.4,4.27,-4.17,2026-06-14T10:33:38.908937,open-meteo.com
2025-07-26,Kampala,Central,0.38664323,32.580143,1174.0,27.8,17.1,0.0,0.0,0.0,96,44,14.6,42310.79,4.58,-4.58,2026-06-14T10:33:38.909008,open-meteo.com
2025-07-27,Kampala,Central,0.38664323,32.580143,1174.0,27.0,16.8,0.0,0.0,0.0,94,48,13.2,43005.14,4.52,-4.52,2026-06-14T10:33:38.909066,open-meteo.com
2025-07-28,Kampala,Central,0.38664323,32.580143,1174.0,26.9,16.1,0.4,0.4,3.0,96,49,15.5,43003.05,4.47,-4.069999999999999,2026-06-14T10:33:38.909131,open-meteo.com
2025-07-29,Kampala,Central,0.38664323,32.580143,1174.0,25.5,17.5,0.3,0.3,3.0,89,51,23.5,43000.34,4.52,-4.22,2026-06-14T10:33:38.909198,open-meteo.com
2025-07-30,Kampala,Central,0.38664323,32.580143,1174.0,25.5,19.5,0.0,0.0,0.0,79,48,20.3,42997.02,5.01,-5.01,2026-06-14T10:33:38.909272,open-meteo.com
2025-07-31,Kampala,Central,0.38664323,32.580143,1174.0,27.0,17.4,0.0,0.0,0.0,86,46,18.2,42054.79,4.66,-4.66,2026-06-14T10:33:38.909342,open-meteo.com
2025-08-01,Kampala,Central,0.38664323,32.580143,1174.0,27.5,17.4,0.1,0.1,1.0,91,43,15.6,42988.6,4.56,-4.46,2026-06-14T10:33:38.909408,open-meteo.com
2025-08-02,Kampala,Central,0.38664323,32.580143,1174.0,27.5,17.3,0.4,0.4,4.0,89,42,15.7,42983.51,4.39,-3.9899999999999998,2026-06-14T10:33:38.909479,open-meteo.com
2025-08-03,Kampala,Central,0.38664323,32.580143,1174.0,26.0,17.3,0.7,0.7,5.0,93,47,22.0,42977.85,4.4,-3.7,2026-06-14T10:33:38.909554,open-meteo.com
2025-08-04,Kampala,Central,0.38664323,32.580143,1174.0,25.7,16.9,0.0,0.0,0.0,93,40,18.9,40075.5,4.26,-4.26,2026-06-14T10:33:38.909644,open-meteo.com
2025-08-05,Kampala,Central,0.38664323,32.580143,1174.0,28.1,17.0,0.1,0.1,1.0,83,37,17.2,38112.3,4.29,-4.19,2026-06-14T10:33:38.909711,open-meteo.com
2025-08-06,Kampala,Central,0.38664323,32.580143,1174.0,28.5,17.6,0.1,0.1,1.0,83,35,14.7,42957.54,4.82,-4.720000000000001,2026-06-14T10:33:38.909801,open-meteo.com
2025-08-07,Kampala,Central,0.38664323,32.580143,1174.0,29.3,18.2,0.4,0.4,2.0,88,37,14.8,34472.35,4.22,-3.82,2026-06-14T10:33:38.909873,open-meteo.com
2025-08-08,Kampala,Central,0.38664323,32.580143,1174.0,28.5,18.8,5.1,5.1,3.0,92,39,17.2,42941.32,4.54,0.5599999999999996,2026-06-14T10:33:38.909979,open-meteo.com
2025-08-09,Kampala,Central,0.38664323,32.580143,1174.0,27.8,18.1,1.9,1.9,7.0,97,46,12.8,25562.05,3.16,-1.2600000000000002,2026-06-14T10:33:38.910047,open-meteo.com
2025-08-10,Kampala,Central,0.38664323,32.580143,1174.0,25.7,17.8,7.0,7.0,6.0,95,58,18.7,25072.46,3.07,3.93,2026-06-14T10:33:38.910125,open-meteo.com
2025-08-11,Kampala,Central,0.38664323,32.580143,1174.0,24.6,17.1,17.2,17.2,11.0,98,69,12.2,27971.75,2.91,14.29,2026-06-14T10:33:38.910197,open-meteo.com
2025-08-12,Kampala,Central,0.38664323,32.580143,1174.0,25.1,17.0,11.4,11.4,8.0,100,65,11.3,36078.1,3.51,7.890000000000001,2026-06-14T10:33:38.910308,open-meteo.com
2025-08-13,Kampala,Central,0.38664323,32.580143,1174.0,26.5,16.5,3.2,3.2,6.0,98,59,14.8,42884.96,4.13,-0.9299999999999997,2026-06-14T10:33:38.910380,open-meteo.com
2025-08-14,Kampala,Central,0.38664323,32.580143,1174.0,26.7,17.0,0.8,0.8,3.0,97,54,13.4,42880.66,4.32,-3.5200000000000005,2026-06-14T10:33:38.910474,open-meteo.com
2025-08-15,Kampala,Central,0.38664323,32.580143,1174.0,26.9,17.8,0.9,0.9,3.0,95,54,12.1,42868.83,4.06,-3.1599999999999997,2026-06-14T10:33:38.910545,open-meteo.com
2025-08-16,Kampala,Central,0.38664323,32.580143,1174.0,26.9,16.9,14.1,14.1,9.0,96,55,14.2,24499.81,3.33,10.77,2026-06-14T10:33:38.910613,open-meteo.com
2025-08-17,Kampala,Central,0.38664323,32.580143,1174.0,25.5,16.9,19.3,19.3,11.0,99,62,10.2,28286.74,3.31,15.99,2026-06-14T10:33:38.910690,open-meteo.com
2025-08-18,Kampala,Central,0.38664323,32.580143,1174.0,24.0,17.4,5.6,5.6,13.0,98,67,19.8,22767.14,2.46,3.1399999999999997,2026-06-14T10:33:38.910764,open-meteo.com
2025-08-19,Kampala,Central,0.38664323,32.580143,1174.0,24.4,17.7,3.6,3.6,11.0,96,68,12.8,31371.38,3.2,0.3999999999999999,2026-06-14T10:33:38.910832,open-meteo.com
2025-08-20,Kampala,Central,0.38664323,32.580143,1174.0,24.0,17.1,0.8,0.8,5.0,98,61,12.8,36909.3,3.38,-2.58,2026-06-14T10:33:38.910924,open-meteo.com
2025-08-21,Kampala,Central,0.38664323,32.580143,1174.0,25.4,16.6,0.3,0.3,3.0,95,49,13.2,31983.38,3.69,-3.39,2026-06-14T10:33:38.911000,open-meteo.com
2025-08-22,Kampala,Central,0.38664323,32.580143,1174.0,24.9,14.9,0.8,0.8,2.0,100,59,15.7,41116.07,4.22,-3.42,2026-06-14T10:33:38.911070,open-meteo.com
2025-08-23,Kampala,Central,0.38664323,32.580143,1174.0,25.1,18.0,0.4,0.4,1.0,87,50,16.2,35550.33,3.77,-3.37,2026-06-14T10:33:38.911138,open-meteo.com
2025-08-24,Kampala,Central,0.38664323,32.580143,1174.0,24.2,17.7,3.7,3.7,7.0,92,63,11.9,32308.31,3.49,0.20999999999999996,2026-06-14T10:33:38.911246,open-meteo.com
2025-08-25,Kampala,Central,0.38664323,32.580143,1174.0,24.8,17.3,0.5,0.5,5.0,98,64,11.4,35422.02,3.37,-2.87,2026-06-14T10:33:38.911334,open-meteo.com
2025-08-26,Kampala,Central,0.38664323,32.580143,1174.0,26.1,15.9,1.8,1.8,1.0,89,57,8.9,42697.61,4.36,-2.5600000000000005,2026-06-14T10:33:38.911408,open-meteo.com
2025-08-27,Kampala,Central,0.38664323,32.580143,1174.0,26.2,17.5,0.4,0.4,4.0,93,56,11.2,36488.58,3.91,-3.5100000000000002,2026-06-14T10:33:38.911478,open-meteo.com
2025-08-28,Kampala,Central,0.38664323,32.580143,1174.0,26.5,16.8,0.6,0.6,4.0,94,54,14.4,39966.43,4.35,-3.7499999999999996,2026-06-14T10:33:38.911551,open-meteo.com
2025-08-29,Kampala,Central,0.38664323,32.580143,1174.0,26.9,16.9,0.2,0.2,1.0,95,53,15.8,42642.09,4.42,-4.22,2026-06-14T10:33:38.911624,open-meteo.com
2025-08-30,Kampala,Central,0.38664323,32.580143,1174.0,26.6,17.0,0.6,0.6,3.0,95,57,15.3,42623.16,4.24,-3.64,2026-06-14T10:33:38.911697,open-meteo.com
2025-08-31,Kampala,Central,0.38664323,32.580143,1174.0,25.3,17.0,0.0,0.0,0.0,94,58,14.1,24604.09,3.19,-3.19,2026-06-14T10:33:38.911772,open-meteo.com
2025-09-01,Kampala,Central,0.38664323,32.580143,1174.0,25.9,18.0,0.0,0.0,0.0,90,51,15.0,41237.71,4.51,-4.51,2026-06-14T10:33:38.911847,open-meteo.com
2025-09-02,Kampala,Central,0.38664323,32.580143,1174.0,28.4,17.2,0.5,0.5,5.0,92,38,14.1,39392.14,4.97,-4.47,2026-06-14T10:33:38.911938,open-meteo.com
2025-09-03,Kampala,Central,0.38664323,32.580143,1174.0,27.5,18.5,7.5,7.5,2.0,87,49,17.3,42541.55,4.33,3.17,2026-06-14T10:33:38.912025,open-meteo.com
2025-09-04,Kampala,Central,0.38664323,32.580143,1174.0,28.8,17.9,0.6,0.6,3.0,94,41,14.3,36144.91,4.51,-3.9099999999999997,2026-06-14T10:33:38.912093,open-meteo.com
2025-09-05,Kampala,Central,0.38664323,32.580143,1174.0,26.0,18.1,3.2,3.2,4.0,91,52,12.8,37160.14,4.24,-1.04,2026-06-14T10:33:38.912171,open-meteo.com
2025-09-06,Kampala,Central,0.38664323,32.580143,1174.0,27.6,18.4,3.0,3.0,2.0,92,49,11.2,41397.45,4.54,-1.54,2026-06-14T10:33:38.912237,open-meteo.com
2025-09-07,Kampala,Central,0.38664323,32.580143,1174.0,28.0,17.7,0.3,0.3,3.0,92,47,12.1,36343.87,4.67,-4.37,2026-06-14T10:33:38.912306,open-meteo.com
2025-09-08,Kampala,Central,0.38664323,32.580143,1174.0,27.7,19.9,4.7,4.7,5.0,89,47,11.0,37080.04,3.78,0.9200000000000004,2026-06-14T10:33:38.912374,open-meteo.com
2025-09-09,Kampala,Central,0.38664323,32.580143,1174.0,29.4,18.2,4.8,4.8,3.0,93,43,13.7,42422.55,4.41,0.3899999999999997,2026-06-14T10:33:38.912451,open-meteo.com
2025-09-10,Kampala,Central,0.38664323,32.580143,1174.0,26.3,17.7,7.8,7.8,6.0,93,57,10.6,39937.23,3.86,3.94,2026-06-14T10:33:38.912518,open-meteo.com
2025-09-11,Kampala,Central,0.38664323,32.580143,1174.0,26.9,18.0,3.7,3.7,4.0,97,56,16.6,32085.44,3.67,0.03000000000000025,2026-06-14T10:33:38.912598,open-meteo.com
2025-09-12,Kampala,Central,0.38664323,32.580143,1174.0,28.6,17.7,2.2,2.2,1.0,93,45,12.7,39635.88,4.65,-2.45,2026-06-14T10:33:38.912695,open-meteo.com
2025-09-13,Kampala,Central,0.38664323,32.580143,1174.0,29.1,18.8,6.6,6.6,3.0,90,45,14.0,30497.15,3.54,3.0599999999999996,2026-06-14T10:33:38.912786,open-meteo.com
2025-09-14,Kampala,Central,0.38664323,32.580143,1174.0,29.4,17.2,0.3,0.3,3.0,95,41,11.1,42310.6,5.04,-4.74,2026-06-14T10:33:38.912847,open-meteo.com
2025-09-15,Kampala,Central,0.38664323,32.580143,1174.0,30.5,18.4,0.7,0.7,4.0,98,38,16.8,42287.95,4.98,-4.28,2026-06-14T10:33:38.912940,open-meteo.com
2025-09-16,Kampala,Central,0.38664323,32.580143,1174.0,27.8,17.5,15.3,15.3,9.0,95,49,13.3,39600.0,4.72,10.580000000000002,2026-06-14T10:33:38.913007,open-meteo.com
2025-09-17,Kampala,Central,0.38664323,32.580143,1174.0,26.3,17.0,7.7,7.7,4.0,100,59,12.0,35908.11,3.89,3.81,2026-06-14T10:33:38.913073,open-meteo.com
2025-09-18,Kampala,Central,0.38664323,32.580143,1174.0,26.8,17.8,1.4,1.4,6.0,96,58,13.0,42220.51,4.09,-2.69,2026-06-14T10:33:38.913139,open-meteo.com
2025-09-19,Kampala,Central,0.38664323,32.580143,1174.0,27.1,18.4,0.3,0.3,2.0,91,54,15.7,42198.4,4.6,-4.3,2026-06-14T10:33:38.913204,open-meteo.com
2025-09-20,Kampala,Central,0.38664323,32.580143,1174.0,27.4,17.5,0.7,0.7,4.0,93,49,15.4,42176.57,4.77,-4.069999999999999,2026-06-14T10:33:38.913269,open-meteo.com
2025-09-21,Kampala,Central,0.38664323,32.580143,1174.0,28.1,15.8,0.2,0.2,2.0,90,42,14.3,42155.07,4.82,-4.62,2026-06-14T10:33:38.913334,open-meteo.com
2025-09-22,Kampala,Central,0.38664323,32.580143,1174.0,27.8,18.4,0.9,0.9,5.0,92,45,14.1,38533.97,4.5,-3.6,2026-06-14T10:33:38.913400,open-meteo.com
2025-09-23,Kampala,Central,0.38664323,32.580143,1174.0,27.6,18.7,1.9,1.9,3.0,91,51,13.1,41783.89,4.57,-2.6700000000000004,2026-06-14T10:33:38.913482,open-meteo.com
2025-09-24,Kampala,Central,0.38664323,32.580143,1174.0,28.9,18.8,1.0,1.0,1.0,92,42,10.0,37741.37,4.44,-3.4400000000000004,2026-06-14T10:33:38.913549,open-meteo.com
2025-09-25,Kampala,Central,0.38664323,32.580143,1174.0,30.1,19.0,10.0,10.0,2.0,90,38,20.8,38465.67,4.38,5.62,2026-06-14T10:33:38.913615,open-meteo.com
2025-09-26,Kampala,Central,0.38664323,32.580143,1174.0,29.0,18.2,1.7,1.7,3.0,90,46,16.2,41592.34,4.94,-3.24,2026-06-14T10:33:38.913680,open-meteo.com
2025-09-27,Kampala,Central,0.38664323,32.580143,1174.0,28.6,18.4,3.0,3.0,8.0,94,46,12.9,42031.21,4.42,-1.42,2026-06-14T10:33:38.913746,open-meteo.com
2025-09-28,Kampala,Central,0.38664323,32.580143,1174.0,28.0,18.6,0.3,0.3,1.0,95,46,11.8,27214.25,4.03,-3.7300000000000004,2026-06-14T10:33:38.913812,open-meteo.com
2025-09-29,Kampala,Central,0.38664323,32.580143,1174.0,28.9,17.6,7.8,7.8,5.0,98,43,15.2,38389.75,4.9,2.8999999999999995,2026-06-14T10:33:38.913902,open-meteo.com
2025-09-30,Kampala,Central,0.38664323,32.580143,1174.0,30.4,18.6,8.8,8.8,4.0,88,37,14.1,40320.1,4.61,4.19,2026-06-14T10:33:38.913971,open-meteo.com
2025-10-01,Kampala,Central,0.38664323,32.580143,1174.0,28.1,18.0,1.3,1.3,3.0,98,44,17.5,41648.08,4.42,-3.12,2026-06-14T10:33:38.914038,open-meteo.com
2025-10-02,Kampala,Central,0.38664323,32.580143,1174.0,28.0,17.6,1.5,1.5,4.0,94,44,13.3,41429.23,4.79,-3.29,2026-06-14T10:33:38.914097,open-meteo.com
2025-10-03,Kampala,Central,0.38664323,32.580143,1174.0,27.6,18.8,2.1,2.1,5.0,92,43,18.9,29025.09,3.85,-1.75,2026-06-14T10:33:38.914178,open-meteo.com
2025-10-04,Kampala,Central,0.38664323,32.580143,1174.0,27.1,16.7,1.9,1.9,4.0,100,51,18.4,38311.3,4.02,-2.1199999999999997,2026-06-14T10:33:38.914248,open-meteo.com
2025-10-05,Kampala,Central,0.38664323,32.580143,1174.0,26.6,17.0,7.8,7.8,11.0,98,56,10.8,38093.75,4.06,3.74,2026-06-14T10:33:38.914315,open-meteo.com
2025-10-06,Kampala,Central,0.38664323,32.580143,1174.0,24.0,17.1,15.6,15.6,8.0,98,68,14.5,27096.94,2.78,12.82,2026-06-14T10:33:38.914379,open-meteo.com
2025-10-07,Kampala,Central,0.38664323,32.580143,1174.0,25.2,16.6,9.3,9.3,4.0,100,66,16.7,27053.92,3.49,5.8100000000000005,2026-06-14T10:33:38.914436,open-meteo.com
2025-10-08,Kampala,Central,0.38664323,32.580143,1174.0,26.1,18.0,6.9,6.9,7.0,94,61,10.5,38904.95,4.45,2.45,2026-06-14T10:33:38.914495,open-meteo.com
2025-10-09,Kampala,Central,0.38664323,32.580143,1174.0,25.5,17.0,8.0,8.0,10.0,96,60,14.0,39938.61,4.11,3.8899999999999997,2026-06-14T10:33:38.914548,open-meteo.com
2025-10-10,Kampala,Central,0.38664323,32.580143,1174.0,26.4,18.0,1.7,1.7,5.0,90,55,14.2,41780.37,4.61,-2.91,2026-06-14T10:33:38.914610,open-meteo.com
2025-10-11,Kampala,Central,0.38664323,32.580143,1174.0,27.2,18.3,4.6,4.6,2.0,92,49,13.4,41064.74,4.81,-0.20999999999999996,2026-06-14T10:33:38.914678,open-meteo.com
2025-10-12,Kampala,Central,0.38664323,32.580143,1174.0,28.4,18.0,11.5,11.5,3.0,96,51,15.3,33447.93,4.15,7.35,2026-06-14T10:33:38.914748,open-meteo.com
2025-10-13,Kampala,Central,0.38664323,32.580143,1174.0,26.9,17.4,0.4,0.4,1.0,97,58,10.3,40619.77,4.75,-4.35,2026-06-14T10:33:38.914837,open-meteo.com
2025-10-14,Kampala,Central,0.38664323,32.580143,1174.0,27.4,18.9,2.7,2.7,2.0,95,54,14.5,41556.93,4.3,-1.5999999999999996,2026-06-14T10:33:38.914935,open-meteo.com
2025-10-15,Kampala,Central,0.38664323,32.580143,1174.0,27.7,17.1,0.3,0.3,3.0,96,46,13.3,41566.3,4.87,-4.57,2026-06-14T10:33:38.915003,open-meteo.com
2025-10-16,Kampala,Central,0.38664323,32.580143,1174.0,27.8,18.1,0.0,0.0,0.0,97,46,13.3,35914.7,4.2,-4.2,2026-06-14T10:33:38.915107,open-meteo.com
2025-10-17,Kampala,Central,0.38664323,32.580143,1174.0,24.9,17.9,0.0,0.0,0.0,93,58,16.6,24311.99,3.2,-3.2,2026-06-14T10:33:38.915206,open-meteo.com
2025-10-18,Kampala,Central,0.38664323,32.580143,1174.0,26.5,18.9,10.0,10.0,6.0,94,56,12.7,37193.44,4.08,5.92,2026-06-14T10:33:38.915280,open-meteo.com
2025-10-19,Kampala,Central,0.38664323,32.580143,1174.0,26.8,17.8,1.0,1.0,4.0,97,56,14.0,41084.57,4.35,-3.3499999999999996,2026-06-14T10:33:38.915363,open-meteo.com
2025-10-20,Kampala,Central,0.38664323,32.580143,1174.0,27.0,17.6,10.3,10.3,6.0,98,56,14.9,37415.94,3.72,6.58,2026-06-14T10:33:38.915428,open-meteo.com
2025-10-21,Kampala,Central,0.38664323,32.580143,1174.0,28.2,17.5,15.2,15.2,4.0,99,47,13.2,32400.0,3.96,11.239999999999998,2026-06-14T10:33:38.915492,open-meteo.com
2025-10-22,Kampala,Central,0.38664323,32.580143,1174.0,26.0,18.3,9.9,9.9,7.0,97,55,12.2,37092.83,4.22,5.680000000000001,2026-06-14T10:33:38.915560,open-meteo.com
2025-10-23,Kampala,Central,0.38664323,32.580143,1174.0,26.1,17.6,0.4,0.4,2.0,94,51,13.3,26439.27,3.47,-3.0700000000000003,2026-06-14T10:33:38.915660,open-meteo.com
2025-10-24,Kampala,Central,0.38664323,32.580143,1174.0,28.4,19.4,4.1,4.1,5.0,90,48,11.6,35793.04,4.1,0.0,2026-06-14T10:33:38.915701,open-meteo.com
2025-10-25,Kampala,Central,0.38664323,32.580143,1174.0,26.2,19.0,6.8,6.8,10.0,95,60,12.9,29266.97,3.07,3.73,2026-06-14T10:33:38.915739,open-meteo.com
2025-10-26,Kampala,Central,0.38664323,32.580143,1174.0,26.0,18.9,0.9,0.9,6.0,97,58,7.8,33681.26,3.58,-2.68,2026-06-14T10:33:38.915775,open-meteo.com
2025-10-27,Kampala,Central,0.38664323,32.580143,1174.0,27.5,17.2,2.1,2.1,6.0,98,53,6.4,40649.2,4.65,-2.5500000000000003,2026-06-14T10:33:38.915812,open-meteo.com
2025-10-28,Kampala,Central,0.38664323,32.580143,1174.0,28.9,19.4,0.6,0.6,5.0,93,53,10.3,40653.8,4.76,-4.16,2026-06-14T10:33:38.915849,open-meteo.com
2025-10-29,Kampala,Central,0.38664323,32.580143,1174.0,24.8,18.8,7.6,7.6,8.0,97,66,13.3,28524.31,3.01,4.59,2026-06-14T10:33:38.915912,open-meteo.com
2025-10-30,Kampala,Central,0.38664323,32.580143,1174.0,23.5,18.5,10.2,10.2,15.0,99,73,10.0,15818.06,2.47,7.729999999999999,2026-06-14T10:33:38.915949,open-meteo.com
2025-10-31,Kampala,Central,0.38664323,32.580143,1174.0,25.7,17.1,7.9,7.9,8.0,98,63,7.5,29985.47,2.89,5.01,2026-06-14T10:33:38.915998,open-meteo.com
2025-11-01,Kampala,Central,0.38664323,32.580143,1174.0,24.4,18.1,11.1,11.1,10.0,99,65,13.0,25690.83,3.01,8.09,2026-06-14T10:33:38.916037,open-meteo.com
2025-11-02,Kampala,Central,0.38664323,32.580143,1174.0,26.5,18.0,4.7,4.7,2.0,95,62,10.1,29548.42,3.84,0.8600000000000003,2026-06-14T10:33:38.916084,open-meteo.com
2025-11-03,Kampala,Central,0.38664323,32.580143,1174.0,25.5,18.2,0.0,0.0,0.0,97,61,8.4,29059.15,3.27,-3.27,2026-06-14T10:33:38.916122,open-meteo.com
2025-11-04,Kampala,Central,0.38664323,32.580143,1174.0,27.0,17.3,3.0,3.0,2.0,100,62,11.4,40044.92,4.21,-1.21,2026-06-14T10:33:38.916159,open-meteo.com
2025-11-05,Kampala,Central,0.38664323,32.580143,1174.0,27.2,18.1,2.5,2.5,1.0,93,52,12.7,41404.66,4.25,-1.75,2026-06-14T10:33:38.916196,open-meteo.com
2025-11-06,Kampala,Central,0.38664323,32.580143,1174.0,27.4,17.7,2.1,2.1,2.0,95,58,12.1,40017.23,4.66,-2.56,2026-06-14T10:33:38.916232,open-meteo.com
2025-11-07,Kampala,Central,0.38664323,32.580143,1174.0,27.8,17.5,1.6,1.6,5.0,94,53,15.9,40937.5,4.82,-3.22,2026-06-14T10:33:38.916269,open-meteo.com
2025-11-08,Kampala,Central,0.38664323,32.580143,1174.0,27.5,17.5,4.4,4.4,5.0,97,54,10.1,40527.34,4.5,-0.09999999999999964,2026-06-14T10:33:38.916316,open-meteo.com
2025-11-09,Kampala,Central,0.38664323,32.580143,1174.0,25.2,18.0,0.3,0.3,3.0,97,67,9.1,31811.55,3.29,-2.99,2026-06-14T10:33:38.916352,open-meteo.com
2025-11-10,Kampala,Central,0.38664323,32.580143,1174.0,26.5,17.8,0.5,0.5,5.0,99,54,12.6,40064.07,4.28,-3.7800000000000002,2026-06-14T10:33:38.916390,open-meteo.com
2025-11-11,Kampala,Central,0.38664323,32.580143,1174.0,26.4,17.6,5.9,5.9,4.0,94,63,11.7,38527.68,3.81,2.0900000000000003,2026-06-14T10:33:38.916427,open-meteo.com
2025-11-12,Kampala,Central,0.38664323,32.580143,1174.0,27.1,17.2,0.4,0.4,3.0,100,51,9.5,41250.8,4.65,-4.25,2026-06-14T10:33:38.916474,open-meteo.com
2025-11-13,Kampala,Central,0.38664323,32.580143,1174.0,27.9,16.7,0.0,0.0,0.0,94,46,8.7,41692.46,4.9,-4.9,2026-06-14T10:33:38.916577,open-meteo.com
2025-11-14,Kampala,Central,0.38664323,32.580143,1174.0,26.5,17.8,1.4,1.4,3.0,89,53,9.4,36265.14,3.58,-2.18,2026-06-14T10:33:38.916614,open-meteo.com
2025-11-15,Kampala,Central,0.38664323,32.580143,1174.0,26.5,17.0,0.3,0.3,3.0,94,55,10.6,40522.68,4.45,-4.15,2026-06-14T10:33:38.916651,open-meteo.com
2025-11-16,Kampala,Central,0.38664323,32.580143,1174.0,24.6,17.1,0.7,0.7,7.0,96,64,13.2,40983.07,3.69,-2.99,2026-06-14T10:33:38.916687,open-meteo.com
2025-11-17,Kampala,Central,0.38664323,32.580143,1174.0,26.0,17.2,5.7,5.7,10.0,97,59,16.8,36917.82,3.93,1.77,2026-06-14T10:33:38.916724,open-meteo.com
2025-11-18,Kampala,Central,0.38664323,32.580143,1174.0,27.3,16.9,3.3,3.3,4.0,96,53,17.1,41236.37,4.65,-1.3500000000000005,2026-06-14T10:33:38.916761,open-meteo.com
2025-11-19,Kampala,Central,0.38664323,32.580143,1174.0,28.4,17.7,4.9,4.9,3.0,87,50,8.1,40266.27,4.72,0.1800000000000006,2026-06-14T10:33:38.916798,open-meteo.com
2025-11-20,Kampala,Central,0.38664323,32.580143,1174.0,28.0,17.6,0.4,0.4,4.0,94,51,12.3,40019.16,4.6,-4.199999999999999,2026-06-14T10:33:38.916835,open-meteo.com
2025-11-21,Kampala,Central,0.38664323,32.580143,1174.0,28.9,18.4,0.1,0.1,1.0,95,40,13.1,39615.3,5.01,-4.91,2026-06-14T10:33:38.916875,open-meteo.com
2025-11-22,Kampala,Central,0.38664323,32.580143,1174.0,26.2,18.1,1.7,1.7,8.0,95,56,14.4,40743.39,4.37,-2.67,2026-06-14T10:33:38.916959,open-meteo.com
2025-11-23,Kampala,Central,0.38664323,32.580143,1174.0,29.1,16.2,0.0,0.0,0.0,91,36,15.3,41506.39,5.13,-5.13,2026-06-14T10:33:38.916998,open-meteo.com
2025-11-24,Kampala,Central,0.38664323,32.580143,1174.0,27.6,16.6,0.2,0.2,1.0,91,47,12.4,41224.14,4.7,-4.5,2026-06-14T10:33:38.917037,open-meteo.com
2025-11-25,Kampala,Central,0.38664323,32.580143,1174.0,27.8,17.9,1.1,1.1,2.0,90,47,13.6,41464.62,4.45,-3.35,2026-06-14T10:33:38.917078,open-meteo.com
2025-11-26,Kampala,Central,0.38664323,32.580143,1174.0,28.5,19.0,0.2,0.2,2.0,92,44,12.4,41212.88,4.61,-4.41,2026-06-14T10:33:38.917115,open-meteo.com
2025-11-27,Kampala,Central,0.38664323,32.580143,1174.0,28.3,18.3,0.3,0.3,2.0,92,48,12.8,41452.88,4.73,-4.430000000000001,2026-06-14T10:33:38.917151,open-meteo.com
2025-11-28,Kampala,Central,0.38664323,32.580143,1174.0,28.3,17.5,1.6,1.6,2.0,93,51,11.6,40790.45,4.75,-3.15,2026-06-14T10:33:38.917187,open-meteo.com
2025-11-29,Kampala,Central,0.38664323,32.580143,1174.0,28.7,17.0,1.0,1.0,3.0,98,45,9.3,41439.07,4.68,-3.6799999999999997,2026-06-14T10:33:38.917227,open-meteo.com
2025-11-30,Kampala,Central,0.38664323,32.580143,1174.0,27.8,17.8,0.6,0.6,2.0,97,47,11.8,29642.13,3.52,-2.92,2026-06-14T10:33:38.917266,open-meteo.com
2025-12-01,Kampala,Central,0.38664323,32.580143,1174.0,28.4,17.4,0.3,0.3,3.0,92,43,14.5,41423.41,4.73,-4.430000000000001,2026-06-14T10:33:38.917306,open-meteo.com
2025-12-02,Kampala,Central,0.38664323,32.580143,1174.0,28.5,18.0,0.1,0.1,1.0,91,47,15.9,41662.82,4.91,-4.8100000000000005,2026-06-14T10:33:38.917359,open-meteo.com
2025-12-03,Kampala,Central,0.38664323,32.580143,1174.0,28.5,17.2,0.9,0.9,2.0,89,44,12.0,40661.64,4.65,-3.7500000000000004,2026-06-14T10:33:38.917401,open-meteo.com
2025-12-04,Kampala,Central,0.38664323,32.580143,1174.0,28.7,17.7,3.0,3.0,3.0,91,49,13.6,39658.04,4.26,-1.2599999999999998,2026-06-14T10:33:38.917442,open-meteo.com
2025-12-05,Kampala,Central,0.38664323,32.580143,1174.0,27.6,17.8,0.0,0.0,0.0,92,54,12.0,38882.66,3.61,-3.61,2026-06-14T10:33:38.917494,open-meteo.com
2025-12-06,Kampala,Central,0.38664323,32.580143,1174.0,27.4,17.2,2.1,2.1,4.0,92,47,13.4,41875.18,4.41,-2.31,2026-06-14T10:33:38.917535,open-meteo.com
2025-12-07,Kampala,Central,0.38664323,32.580143,1174.0,28.0,18.5,0.3,0.3,2.0,91,45,13.4,42043.84,4.52,-4.22,2026-06-14T10:33:38.917586,open-meteo.com
2025-12-08,Kampala,Central,0.38664323,32.580143,1174.0,27.8,16.9,1.1,1.1,3.0,94,50,9.9,42069.69,4.49,-3.39,2026-06-14T10:33:38.917669,open-meteo.com
2025-12-09,Kampala,Central,0.38664323,32.580143,1174.0,28.9,18.3,0.3,0.3,2.0,87,38,14.7,42095.72,4.54,-4.24,2026-06-14T10:33:38.917736,open-meteo.com
2025-12-10,Kampala,Central,0.38664323,32.580143,1174.0,26.8,17.5,0.1,0.1,1.0,92,49,10.2,25500.84,3.12,-3.02,2026-06-14T10:33:38.917774,open-meteo.com
2025-12-11,Kampala,Central,0.38664323,32.580143,1174.0,28.6,17.2,0.0,0.0,0.0,93,41,11.3,42148.03,4.78,-4.78,2026-06-14T10:33:38.917813,open-meteo.com
2025-12-12,Kampala,Central,0.38664323,32.580143,1174.0,28.2,18.9,1.6,1.6,3.0,93,45,15.7,37212.8,3.97,-2.37,2026-06-14T10:33:38.917870,open-meteo.com
2025-12-13,Kampala,Central,0.38664323,32.580143,1174.0,24.5,18.1,4.3,4.3,8.0,96,62,9.3,34986.88,3.56,0.7399999999999998,2026-06-14T10:33:38.918847,open-meteo.com
2025-12-14,Kampala,Central,0.38664323,32.580143,1174.0,26.0,18.4,1.7,1.7,3.0,95,62,12.1,40325.77,3.98,-2.2800000000000002,2026-06-14T10:33:38.918924,open-meteo.com
2025-12-15,Kampala,Central,0.38664323,32.580143,1174.0,26.5,17.4,9.1,9.1,10.0,98,60,11.7,42027.5,4.1,5.0,2026-06-14T10:33:38.918964,open-meteo.com
2025-12-16,Kampala,Central,0.38664323,32.580143,1174.0,27.0,18.9,1.6,1.6,2.0,89,55,14.4,38668.72,4.22,-2.6199999999999997,2026-06-14T10:33:38.919005,open-meteo.com
2025-12-17,Kampala,Central,0.38664323,32.580143,1174.0,22.8,17.8,9.9,9.9,9.0,97,69,14.5,18675.41,2.34,7.5600000000000005,2026-06-14T10:33:38.919051,open-meteo.com
2025-12-18,Kampala,Central,0.38664323,32.580143,1174.0,25.9,17.0,1.3,1.3,7.0,95,58,10.6,42343.14,4.1,-2.8,2026-06-14T10:33:38.919101,open-meteo.com
2025-12-19,Kampala,Central,0.38664323,32.580143,1174.0,26.5,17.4,2.9,2.9,7.0,99,51,11.8,38676.02,3.97,-1.0700000000000003,2026-06-14T10:33:38.919184,open-meteo.com
2025-12-20,Kampala,Central,0.38664323,32.580143,1174.0,26.5,17.6,5.2,5.2,3.0,92,58,13.9,42382.18,3.86,1.3400000000000003,2026-06-14T10:33:38.919281,open-meteo.com
2025-12-21,Kampala,Central,0.38664323,32.580143,1174.0,25.2,18.6,0.7,0.7,7.0,96,68,11.6,36478.26,3.42,-2.7199999999999998,2026-06-14T10:33:38.919383,open-meteo.com
2025-12-22,Kampala,Central,0.38664323,32.580143,1174.0,25.5,18.7,12.8,12.8,8.0,95,66,18.6,39323.98,3.26,9.540000000000001,2026-06-14T10:33:38.919471,open-meteo.com
2025-12-23,Kampala,Central,0.38664323,32.580143,1174.0,25.8,17.5,1.1,1.1,3.0,95,63,10.2,42496.23,4.24,-3.14,2026-06-14T10:33:38.919515,open-meteo.com
2025-12-24,Kampala,Central,0.38664323,32.580143,1174.0,26.1,17.4,1.2,1.2,5.0,96,63,10.4,42527.06,4.25,-3.05,2026-06-14T10:33:38.919555,open-meteo.com
2025-12-25,Kampala,Central,0.38664323,32.580143,1174.0,28.5,18.1,0.4,0.4,3.0,93,44,14.9,42557.74,4.36,-3.9600000000000004,2026-06-14T10:33:38.919597,open-meteo.com
2025-12-26,Kampala,Central,0.38664323,32.580143,1174.0,26.9,17.3,2.5,2.5,5.0,97,60,10.0,38988.18,4.32,-1.8200000000000003,2026-06-14T10:33:38.919639,open-meteo.com
2025-12-27,Kampala,Central,0.38664323,32.580143,1174.0,27.4,18.4,2.4,2.4,4.0,96,57,9.8,39844.83,4.03,-1.6300000000000003,2026-06-14T10:33:38.919683,open-meteo.com
2025-12-28,Kampala,Central,0.38664323,32.580143,1174.0,23.0,19.6,6.3,6.3,7.0,95,65,16.3,588.57,1.75,4.55,2026-06-14T10:33:38.919721,open-meteo.com
2025-12-29,Kampala,Central,0.38664323,32.580143,1174.0,26.3,18.5,4.8,4.8,6.0,93,58,8.1,32177.33,3.4,1.4,2026-06-14T10:33:38.919758,open-meteo.com
2025-12-30,Kampala,Central,0.38664323,32.580143,1174.0,22.9,18.0,3.7,3.7,7.0,96,69,9.6,8035.56,2.4,1.3000000000000003,2026-06-14T10:33:38.919796,open-meteo.com
2025-12-31,Kampala,Central,0.38664323,32.580143,1174.0,25.9,17.6,0.8,0.8,4.0,94,51,7.5,42733.42,4.22,-3.42,2026-06-14T10:33:38.919833,open-meteo.com
2026-01-01,Kampala,Central,0.38664323,32.580143,1174.0,27.0,17.5,1.2,1.2,6.0,91,48,10.2,38254.4,4.17,-2.9699999999999998,2026-06-14T10:33:38.919922,open-meteo.com
2026-01-02,Kampala,Central,0.38664323,32.580143,1174.0,26.9,16.7,0.7,0.7,5.0,88,55,11.3,42786.74,4.36,-3.66,2026-06-14T10:33:38.919964,open-meteo.com
2026-01-03,Kampala,Central,0.38664323,32.580143,1174.0,27.4,16.9,4.8,4.8,4.0,99,58,10.1,42738.97,4.3,0.5,2026-06-14T10:33:38.920002,open-meteo.com
2026-01-04,Kampala,Central,0.38664323,32.580143,1174.0,29.5,17.8,0.0,0.0,0.0,85,33,19.9,37920.05,4.97,-4.97,2026-06-14T10:33:38.920044,open-meteo.com
2026-01-05,Kampala,Central,0.38664323,32.580143,1174.0,25.4,18.6,0.5,0.5,5.0,96,57,15.3,42865.7,3.82,-3.32,2026-06-14T10:33:38.920083,open-meteo.com
2026-01-06,Kampala,Central,0.38664323,32.580143,1174.0,26.8,19.3,2.6,2.6,6.0,92,56,13.7,42891.86,4.12,-1.52,2026-06-14T10:33:38.920121,open-meteo.com
2026-01-07,Kampala,Central,0.38664323,32.580143,1174.0,28.0,17.2,0.6,0.6,2.0,97,41,12.7,42917.84,4.36,-3.7600000000000002,2026-06-14T10:33:38.920159,open-meteo.com
2026-01-08,Kampala,Central,0.38664323,32.580143,1174.0,29.5,17.1,0.0,0.0,0.0,94,36,13.4,42943.57,4.71,-4.71,2026-06-14T10:33:38.920198,open-meteo.com
2026-01-09,Kampala,Central,0.38664323,32.580143,1174.0,26.9,17.7,1.5,1.5,4.0,97,54,12.6,42968.99,4.3,-2.8,2026-06-14T10:33:38.920236,open-meteo.com
2026-01-10,Kampala,Central,0.38664323,32.580143,1174.0,26.2,19.0,3.6,3.6,6.0,87,54,15.1,42994.05,3.99,-0.3900000000000001,2026-06-14T10:33:38.920291,open-meteo.com
2026-01-11,Kampala,Central,0.38664323,32.580143,1174.0,25.4,19.6,3.0,3.0,5.0,88,62,13.9,43018.68,3.78,-0.7799999999999998,2026-06-14T10:33:38.920341,open-meteo.com
2026-01-12,Kampala,Central,0.38664323,32.580143,1174.0,27.4,18.0,9.0,9.0,4.0,96,55,17.8,38377.1,3.9,5.1,2026-06-14T10:33:38.920379,open-meteo.com
2026-01-13,Kampala,Central,0.38664323,32.580143,1174.0,26.4,18.6,2.7,2.7,5.0,96,61,12.4,43066.39,4.21,-1.5099999999999998,2026-06-14T10:33:38.920418,open-meteo.com
2026-01-14,Kampala,Central,0.38664323,32.580143,1174.0,29.1,16.8,0.0,0.0,0.0,95,35,14.1,43089.34,5.33,-5.33,2026-06-14T10:33:38.920456,open-meteo.com
2026-01-15,Kampala,Central,0.38664323,32.580143,1174.0,29.6,16.5,0.0,0.0,0.0,84,29,14.5,43111.62,5.56,-5.56,2026-06-14T10:33:38.920499,open-meteo.com
2026-01-16,Kampala,Central,0.38664323,32.580143,1174.0,30.0,17.2,0.0,0.0,0.0,90,27,13.5,43133.15,5.51,-5.51,2026-06-14T10:33:38.920539,open-meteo.com
2026-01-17,Kampala,Central,0.38664323,32.580143,1174.0,29.6,16.6,0.0,0.0,0.0,89,31,14.3,43139.18,5.24,-5.24,2026-06-14T10:33:38.920576,open-meteo.com
2026-01-18,Kampala,Central,0.38664323,32.580143,1174.0,26.6,17.3,1.0,1.0,4.0,97,51,15.7,43139.52,4.19,-3.1900000000000004,2026-06-14T10:33:38.920615,open-meteo.com
2026-01-19,Kampala,Central,0.38664323,32.580143,1174.0,27.9,18.2,1.4,1.4,2.0,97,53,12.9,43139.83,4.3,-2.9,2026-06-14T10:33:38.920669,open-meteo.com
2026-01-20,Kampala,Central,0.38664323,32.580143,1174.0,28.4,18.0,0.7,0.7,5.0,95,47,11.6,43129.52,4.54,-3.84,2026-06-14T10:33:38.920750,open-meteo.com
2026-01-21,Kampala,Central,0.38664323,32.580143,1174.0,29.7,17.2,0.2,0.2,2.0,99,37,17.3,43112.92,4.92,-4.72,2026-06-14T10:33:38.920851,open-meteo.com
2026-01-22,Kampala,Central,0.38664323,32.580143,1174.0,31.8,17.5,0.0,0.0,0.0,97,23,17.9,43097.43,5.33,-5.33,2026-06-14T10:33:38.920931,open-meteo.com
2026-01-23,Kampala,Central,0.38664323,32.580143,1174.0,30.3,18.0,0.0,0.0,0.0,86,29,16.4,43082.79,5.34,-5.34,2026-06-14T10:33:38.920969,open-meteo.com
2026-01-24,Kampala,Central,0.38664323,32.580143,1174.0,31.0,17.7,0.1,0.1,1.0,92,31,16.0,43068.89,5.22,-5.12,2026-06-14T10:33:38.921006,open-meteo.com
2026-01-25,Kampala,Central,0.38664323,32.580143,1174.0,30.1,17.4,0.0,0.0,0.0,84,34,21.5,43055.73,4.85,-4.85,2026-06-14T10:33:38.921054,open-meteo.com
2026-01-26,Kampala,Central,0.38664323,32.580143,1174.0,27.5,18.5,0.4,0.4,3.0,96,49,13.4,43043.31,4.51,-4.109999999999999,2026-06-14T10:33:38.921091,open-meteo.com
2026-01-27,Kampala,Central,0.38664323,32.580143,1174.0,27.6,18.8,2.0,2.0,6.0,95,52,14.3,43031.64,4.09,-2.09,2026-06-14T10:33:38.921127,open-meteo.com
2026-01-28,Kampala,Central,0.38664323,32.580143,1174.0,24.2,16.6,20.6,20.6,11.0,94,66,15.2,35357.67,3.43,17.17,2026-06-14T10:33:38.921164,open-meteo.com
2026-01-29,Kampala,Central,0.38664323,32.580143,1174.0,26.6,18.4,1.3,1.3,5.0,94,55,14.4,43010.5,4.54,-3.24,2026-06-14T10:33:38.921200,open-meteo.com
2026-01-30,Kampala,Central,0.38664323,32.580143,1174.0,26.7,19.6,3.1,3.1,5.0,90,58,11.4,43001.05,4.4,-1.3000000000000003,2026-06-14T10:33:38.921236,open-meteo.com
2026-01-31,Kampala,Central,0.38664323,32.580143,1174.0,29.3,17.7,0.4,0.4,3.0,97,35,15.7,42992.34,4.33,-3.93,2026-06-14T10:33:38.921283,open-meteo.com
2026-02-01,Kampala,Central,0.38664323,32.580143,1174.0,27.0,18.8,2.7,2.7,5.0,96,50,12.8,32400.0,4.04,-1.3399999999999999,2026-06-14T10:33:38.921320,open-meteo.com
2026-02-02,Kampala,Central,0.38664323,32.580143,1174.0,26.2,18.4,2.2,2.2,6.0,95,59,11.0,40001.39,4.21,-2.01,2026-06-14T10:33:38.921359,open-meteo.com
2026-02-03,Kampala,Central,0.38664323,32.580143,1174.0,26.4,18.1,3.3,3.3,6.0,96,61,16.2,39600.0,4.21,-0.9100000000000001,2026-06-14T10:33:38.921396,open-meteo.com
2026-02-04,Kampala,Central,0.38664323,32.580143,1174.0,27.5,19.4,0.2,0.2,2.0,90,54,13.3,42964.92,4.88,-4.68,2026-06-14T10:33:38.921432,open-meteo.com
2026-02-05,Kampala,Central,0.38664323,32.580143,1174.0,26.9,20.1,3.5,3.5,7.0,89,58,14.5,40794.55,4.22,-0.7199999999999998,2026-06-14T10:33:38.921469,open-meteo.com
2026-02-06,Kampala,Central,0.38664323,32.580143,1174.0,24.7,17.7,8.8,8.8,8.0,98,66,24.5,27034.62,2.89,5.91,2026-06-14T10:33:38.921504,open-meteo.com
2026-02-07,Kampala,Central,0.38664323,32.580143,1174.0,25.6,19.5,1.6,1.6,6.0,87,65,12.2,38192.07,3.76,-2.1599999999999997,2026-06-14T10:33:38.921541,open-meteo.com
2026-02-08,Kampala,Central,0.38664323,32.580143,1174.0,25.4,18.0,14.9,14.9,11.0,95,62,14.9,40071.43,4.07,10.83,2026-06-14T10:33:38.921576,open-meteo.com
2026-02-09,Kampala,Central,0.38664323,32.580143,1174.0,23.2,18.5,10.9,10.9,10.0,96,74,13.4,15887.51,2.42,8.48,2026-06-14T10:33:38.921612,open-meteo.com
2026-02-10,Kampala,Central,0.38664323,32.580143,1174.0,24.6,16.4,4.6,4.6,7.0,94,63,12.7,39600.0,3.91,0.6899999999999995,2026-06-14T10:33:38.921659,open-meteo.com
2026-02-11,Kampala,Central,0.38664323,32.580143,1174.0,25.8,17.6,6.3,6.3,6.0,97,62,13.4,41726.08,4.44,1.8599999999999994,2026-06-14T10:33:38.921696,open-meteo.com
2026-02-12,Kampala,Central,0.38664323,32.580143,1174.0,26.8,18.6,0.4,0.4,4.0,92,54,11.9,42605.16,4.58,-4.18,2026-06-14T10:33:38.921732,open-meteo.com
2026-02-13,Kampala,Central,0.38664323,32.580143,1174.0,27.3,17.0,6.0,6.0,3.0,95,55,12.6,42947.48,4.45,1.5499999999999998,2026-06-14T10:33:38.921768,open-meteo.com
2026-02-14,Kampala,Central,0.38664323,32.580143,1174.0,26.3,18.5,3.2,3.2,5.0,94,54,14.8,38759.31,4.26,-1.0599999999999996,2026-06-14T10:33:38.921804,open-meteo.com
2026-02-15,Kampala,Central,0.38664323,32.580143,1174.0,24.7,17.2,3.2,3.2,4.0,94,66,21.2,42953.02,3.88,-0.6799999999999997,2026-06-14T10:33:38.921840,open-meteo.com
2026-02-16,Kampala,Central,0.38664323,32.580143,1174.0,27.0,16.5,1.2,1.2,2.0,98,59,12.1,40501.81,4.23,-3.0300000000000002,2026-06-14T10:33:38.921902,open-meteo.com
2026-02-17,Kampala,Central,0.38664323,32.580143,1174.0,25.2,18.0,4.1,4.1,5.0,93,67,15.5,28754.62,2.97,1.1299999999999994,2026-06-14T10:33:38.921960,open-meteo.com
2026-02-18,Kampala,Central,0.38664323,32.580143,1174.0,24.7,18.6,6.7,6.7,7.0,94,70,11.4,38723.7,3.43,3.27,2026-06-14T10:33:38.921998,open-meteo.com
2026-02-19,Kampala,Central,0.38664323,32.580143,1174.0,24.0,17.9,6.5,6.5,8.0,97,61,16.2,16970.31,2.5,4.0,2026-06-14T10:33:38.922034,open-meteo.com
2026-02-20,Kampala,Central,0.38664323,32.580143,1174.0,24.6,17.5,5.1,5.1,7.0,93,68,17.5,38163.0,3.66,1.4399999999999995,2026-06-14T10:33:38.922083,open-meteo.com
2026-02-21,Kampala,Central,0.38664323,32.580143,1174.0,25.8,17.3,17.2,17.2,9.0,99,61,14.2,28846.44,3.54,13.66,2026-06-14T10:33:38.922120,open-meteo.com
2026-02-22,Kampala,Central,0.38664323,32.580143,1174.0,25.9,18.0,3.5,3.5,13.0,94,63,8.8,27684.62,3.57,-0.06999999999999984,2026-06-14T10:33:38.922156,open-meteo.com
2026-02-23,Kampala,Central,0.38664323,32.580143,1174.0,24.5,18.1,9.3,9.3,13.0,98,62,12.9,22669.35,3.31,5.99,2026-06-14T10:33:38.922192,open-meteo.com
2026-02-24,Kampala,Central,0.38664323,32.580143,1174.0,28.3,18.2,0.0,0.0,0.0,91,38,12.8,43015.1,4.88,-4.88,2026-06-14T10:33:38.922228,open-meteo.com
2026-02-25,Kampala,Central,0.38664323,32.580143,1174.0,27.3,18.5,0.5,0.5,4.0,94,45,10.1,43024.91,4.56,-4.06,2026-06-14T10:33:38.922265,open-meteo.com
2026-02-26,Kampala,Central,0.38664323,32.580143,1174.0,26.0,18.1,0.3,0.3,2.0,96,50,16.1,35460.23,3.53,-3.23,2026-06-14T10:33:38.922302,open-meteo.com
2026-02-27,Kampala,Central,0.38664323,32.580143,1174.0,25.2,19.6,10.8,10.8,9.0,91,61,10.1,31702.65,3.61,7.190000000000001,2026-06-14T10:33:38.922338,open-meteo.com
2026-02-28,Kampala,Central,0.38664323,32.580143,1174.0,24.4,17.9,7.7,7.7,11.0,95,61,8.3,9819.82,1.85,5.85,2026-06-14T10:33:38.922374,open-meteo.com
2026-03-01,Kampala,Central,0.38664323,32.580143,1174.0,23.0,18.6,13.8,13.8,8.0,96,75,8.5,21727.4,2.55,11.25,2026-06-14T10:33:38.922411,open-meteo.com
2026-03-02,Kampala,Central,0.38664323,32.580143,1174.0,23.6,17.1,20.7,20.7,17.0,99,69,13.5,19289.28,2.61,18.09,2026-06-14T10:33:38.922457,open-meteo.com
2026-03-03,Kampala,Central,0.38664323,32.580143,1174.0,26.9,17.6,5.2,5.2,10.0,98,57,12.4,37580.3,3.96,1.2400000000000002,2026-06-14T10:33:38.922494,open-meteo.com
2026-03-04,Kampala,Central,0.38664323,32.580143,1174.0,27.1,18.2,2.0,2.0,4.0,97,59,12.6,36000.0,4.23,-2.2300000000000004,2026-06-14T10:33:38.922530,open-meteo.com
2026-03-05,Kampala,Central,0.38664323,32.580143,1174.0,25.2,17.9,2.9,2.9,10.0,99,57,10.9,29246.53,3.95,-1.0500000000000003,2026-06-14T10:33:38.922566,open-meteo.com
2026-03-06,Kampala,Central,0.38664323,32.580143,1174.0,25.9,18.1,6.3,6.3,8.0,95,60,14.9,32548.59,3.44,2.86,2026-06-14T10:33:38.922602,open-meteo.com
2026-03-07,Kampala,Central,0.38664323,32.580143,1174.0,25.0,17.4,1.9,1.9,6.0,97,62,12.4,39545.62,3.97,-2.0700000000000003,2026-06-14T10:33:38.922647,open-meteo.com
2026-03-08,Kampala,Central,0.38664323,32.580143,1174.0,27.2,18.6,2.9,2.9,4.0,94,63,8.6,43160.86,4.49,-1.5900000000000003,2026-06-14T10:33:38.922684,open-meteo.com
2026-03-09,Kampala,Central,0.38664323,32.580143,1174.0,27.7,18.9,1.2,1.2,5.0,92,59,14.2,43176.63,4.52,-3.3199999999999994,2026-06-14T10:33:38.922720,open-meteo.com
2026-03-10,Kampala,Central,0.38664323,32.580143,1174.0,24.4,17.8,10.0,10.0,10.0,99,70,12.2,26978.38,2.94,7.0600000000000005,2026-06-14T10:33:38.922757,open-meteo.com
2026-03-11,Kampala,Central,0.38664323,32.580143,1174.0,24.9,18.9,0.4,0.4,3.0,91,69,13.3,41677.3,3.69,-3.29,2026-06-14T10:33:38.922793,open-meteo.com
2026-03-12,Kampala,Central,0.38664323,32.580143,1174.0,25.9,19.6,0.4,0.4,4.0,91,67,11.7,41623.36,3.81,-3.41,2026-06-14T10:33:38.922839,open-meteo.com
2026-03-13,Kampala,Central,0.38664323,32.580143,1174.0,26.9,18.1,1.3,1.3,7.0,98,59,11.0,43138.91,4.72,-3.42,2026-06-14T10:33:38.922875,open-meteo.com
2026-03-14,Kampala,Central,0.38664323,32.580143,1174.0,26.2,18.6,1.8,1.8,5.0,95,66,12.4,41292.34,3.83,-2.0300000000000002,2026-06-14T10:33:38.922929,open-meteo.com
2026-03-15,Kampala,Central,0.38664323,32.580143,1174.0,26.1,17.5,0.3,0.3,2.0,98,65,13.9,41682.82,4.22,-3.92,2026-06-14T10:33:38.922976,open-meteo.com
2026-03-16,Kampala,Central,0.38664323,32.580143,1174.0,28.4,19.6,0.4,0.4,2.0,94,50,13.1,43089.0,5.13,-4.7299999999999995,2026-06-14T10:33:38.923013,open-meteo.com
2026-03-17,Kampala,Central,0.38664323,32.580143,1174.0,28.4,18.0,0.0,0.0,0.0,94,48,10.3,43072.17,5.08,-5.08,2026-06-14T10:33:38.923084,open-meteo.com
2026-03-18,Kampala,Central,0.38664323,32.580143,1174.0,26.6,17.9,11.9,11.9,6.0,95,61,19.3,36129.46,3.85,8.05,2026-06-14T10:33:38.923122,open-meteo.com
2026-03-19,Kampala,Central,0.38664323,32.580143,1174.0,24.9,18.1,2.1,2.1,9.0,99,65,11.6,28638.55,3.13,-1.0299999999999998,2026-06-14T10:33:38.923158,open-meteo.com
2026-03-20,Kampala,Central,0.38664323,32.580143,1174.0,24.4,18.5,11.5,11.5,12.0,98,72,13.4,29026.72,3.34,8.16,2026-06-14T10:33:38.923194,open-meteo.com
2026-03-21,Kampala,Central,0.38664323,32.580143,1174.0,23.4,18.3,2.2,2.2,5.0,95,71,19.1,25685.33,2.88,-0.6799999999999997,2026-06-14T10:33:38.923230,open-meteo.com
2026-03-22,Kampala,Central,0.38664323,32.580143,1174.0,24.9,17.3,4.3,4.3,4.0,94,64,11.7,42824.88,4.05,0.25,2026-06-14T10:33:38.923276,open-meteo.com
2026-03-23,Kampala,Central,0.38664323,32.580143,1174.0,25.6,18.4,5.0,5.0,10.0,99,66,10.4,37158.21,3.81,1.19,2026-06-14T10:33:38.923313,open-meteo.com
2026-03-24,Kampala,Central,0.38664323,32.580143,1174.0,25.8,18.2,13.1,13.1,16.0,99,69,14.5,35942.25,3.87,9.23,2026-06-14T10:33:38.923349,open-meteo.com
2026-03-25,Kampala,Central,0.38664323,32.580143,1174.0,25.5,17.9,13.1,13.1,9.0,98,68,13.6,31535.9,3.63,9.469999999999999,2026-06-14T10:33:38.923385,open-meteo.com
2026-03-26,Kampala,Central,0.38664323,32.580143,1174.0,26.0,17.1,0.8,0.8,5.0,98,56,10.3,39980.3,4.13,-3.33,2026-06-14T10:33:38.923421,open-meteo.com
2026-03-27,Kampala,Central,0.38664323,32.580143,1174.0,24.3,18.8,5.4,5.4,9.0,93,67,17.2,37079.5,3.72,1.6800000000000002,2026-06-14T10:33:38.923457,open-meteo.com
2026-03-28,Kampala,Central,0.38664323,32.580143,1174.0,25.5,17.8,12.1,12.1,11.0,97,66,10.3,40082.59,3.89,8.209999999999999,2026-06-14T10:33:38.923494,open-meteo.com
2026-03-29,Kampala,Central,0.38664323,32.580143,1174.0,26.7,17.9,0.9,0.9,6.0,96,55,7.3,42869.65,4.79,-3.89,2026-06-14T10:33:38.923530,open-meteo.com
2026-03-30,Kampala,Central,0.38664323,32.580143,1174.0,25.6,18.9,1.7,1.7,3.0,88,63,13.8,42851.83,4.55,-2.8499999999999996,2026-06-14T10:33:38.923566,open-meteo.com
2026-03-31,Kampala,Central,0.38664323,32.580143,1174.0,26.5,17.4,9.5,9.5,10.0,98,63,14.9,34649.86,3.97,5.529999999999999,2026-06-14T10:33:38.923602,open-meteo.com
2026-04-01,Kampala,Central,0.38664323,32.580143,1174.0,26.7,17.8,1.7,1.7,4.0,100,62,9.8,41411.76,4.43,-2.7299999999999995,2026-06-14T10:33:38.923647,open-meteo.com
2026-04-02,Kampala,Central,0.38664323,32.580143,1174.0,27.1,18.5,0.4,0.4,3.0,96,58,9.6,42798.45,4.8,-4.3999999999999995,2026-06-14T10:33:38.923684,open-meteo.com
2026-04-03,Kampala,Central,0.38664323,32.580143,1174.0,26.8,18.5,1.0,1.0,5.0,91,61,10.3,39180.87,4.03,-3.0300000000000002,2026-06-14T10:33:38.923720,open-meteo.com
2026-04-04,Kampala,Central,0.38664323,32.580143,1174.0,27.5,18.8,1.8,1.8,4.0,90,54,11.1,37167.87,4.7,-2.9000000000000004,2026-06-14T10:33:38.923756,open-meteo.com
2026-04-05,Kampala,Central,0.38664323,32.580143,1174.0,26.9,17.3,11.7,11.7,10.0,97,57,11.5,39146.36,4.45,7.249999999999999,2026-06-14T10:33:38.923792,open-meteo.com
2026-04-06,Kampala,Central,0.38664323,32.580143,1174.0,25.6,17.7,1.0,1.0,6.0,96,60,15.4,39129.54,4.53,-3.5300000000000002,2026-06-14T10:33:38.923828,open-meteo.com
2026-04-07,Kampala,Central,0.38664323,32.580143,1174.0,25.6,17.2,0.4,0.4,2.0,99,61,11.2,28619.06,3.45,-3.0500000000000003,2026-06-14T10:33:38.923863,open-meteo.com
2026-04-08,Kampala,Central,0.38664323,32.580143,1174.0,26.3,18.5,0.1,0.1,1.0,93,61,13.0,42697.05,4.72,-4.62,2026-06-14T10:33:38.923917,open-meteo.com
2026-04-09,Kampala,Central,0.38664323,32.580143,1174.0,27.2,18.8,0.0,0.0,0.0,96,61,12.7,42681.49,4.66,-4.66,2026-06-14T10:33:38.923954,open-meteo.com
2026-04-10,Kampala,Central,0.38664323,32.580143,1174.0,26.2,19.8,5.7,5.7,8.0,94,62,12.6,36898.13,4.29,1.4100000000000001,2026-06-14T10:33:38.923990,open-meteo.com
2026-04-11,Kampala,Central,0.38664323,32.580143,1174.0,26.6,18.5,6.6,6.6,7.0,95,63,8.8,38061.19,4.47,2.13,2026-06-14T10:33:38.924037,open-meteo.com
2026-04-12,Kampala,Central,0.38664323,32.580143,1174.0,26.2,18.4,8.1,8.1,7.0,98,63,9.9,29839.39,3.33,4.77,2026-06-14T10:33:38.924073,open-meteo.com
2026-04-13,Kampala,Central,0.38664323,32.580143,1174.0,27.6,18.6,3.6,3.6,7.0,94,59,8.3,42624.26,4.46,-0.8599999999999999,2026-06-14T10:33:38.924109,open-meteo.com
2026-04-14,Kampala,Central,0.38664323,32.580143,1174.0,26.5,19.2,6.0,6.0,4.0,95,66,12.5,34993.13,3.84,2.16,2026-06-14T10:33:38.924145,open-meteo.com
2026-04-15,Kampala,Central,0.38664323,32.580143,1174.0,26.8,19.0,5.5,5.5,9.0,95,68,10.6,25157.3,3.81,1.69,2026-06-14T10:33:38.924181,open-meteo.com
2026-04-16,Kampala,Central,0.38664323,32.580143,1174.0,24.5,18.4,9.9,9.9,9.0,98,69,11.4,24032.93,2.98,6.92,2026-06-14T10:33:38.924217,open-meteo.com
2026-04-17,Kampala,Central,0.38664323,32.580143,1174.0,26.2,18.2,1.9,1.9,3.0,96,56,11.7,33978.92,3.87,-1.9700000000000002,2026-06-14T10:33:38.924253,open-meteo.com
2026-04-18,Kampala,Central,0.38664323,32.580143,1174.0,25.8,19.4,0.9,0.9,3.0,95,65,13.4,35635.57,3.87,-2.97,2026-06-14T10:33:38.924289,open-meteo.com
2026-04-19,Kampala,Central,0.38664323,32.580143,1174.0,27.5,20.7,3.4,3.4,4.0,90,60,13.2,42545.1,4.43,-1.0299999999999998,2026-06-14T10:33:38.924327,open-meteo.com
2026-04-20,Kampala,Central,0.38664323,32.580143,1174.0,27.6,17.5,2.5,2.5,5.0,97,58,10.9,42361.62,4.44,-1.9400000000000004,2026-06-14T10:33:38.924363,open-meteo.com
2026-04-21,Kampala,Central,0.38664323,32.580143,1174.0,26.7,19.1,7.1,7.1,6.0,96,62,11.2,42520.95,4.28,2.8199999999999994,2026-06-14T10:33:38.924409,open-meteo.com
2026-04-22,Kampala,Central,0.38664323,32.580143,1174.0,28.0,20.5,0.2,0.2,2.0,89,57,12.0,41441.89,4.4,-4.2,2026-06-14T10:33:38.924445,open-meteo.com
2026-04-23,Kampala,Central,0.38664323,32.580143,1174.0,25.0,21.1,5.8,5.8,7.0,90,70,17.0,29338.72,3.13,2.67,2026-06-14T10:33:38.924482,open-meteo.com
2026-04-24,Kampala,Central,0.38664323,32.580143,1174.0,26.2,18.6,5.0,5.0,8.0,98,64,12.5,36444.73,4.03,0.9699999999999998,2026-06-14T10:33:38.924518,open-meteo.com
2026-04-25,Kampala,Central,0.38664323,32.580143,1174.0,24.2,17.7,5.8,5.8,10.0,100,68,9.4,24825.75,2.96,2.84,2026-06-14T10:33:38.924554,open-meteo.com
2026-04-26,Kampala,Central,0.38664323,32.580143,1174.0,24.8,17.0,8.2,8.2,10.0,99,68,10.7,29221.3,3.1,5.1,2026-06-14T10:33:38.924591,open-meteo.com
2026-04-27,Kampala,Central,0.38664323,32.580143,1174.0,23.6,18.1,0.3,0.3,2.0,96,67,11.3,24254.13,2.62,-2.3200000000000003,2026-06-14T10:33:38.924628,open-meteo.com
2026-04-28,Kampala,Central,0.38664323,32.580143,1174.0,24.2,17.5,4.0,4.0,6.0,99,67,8.8,31496.0,3.09,0.9100000000000001,2026-06-14T10:33:38.924664,open-meteo.com
2026-04-29,Kampala,Central,0.38664323,32.580143,1174.0,25.3,18.1,4.3,4.3,6.0,97,65,13.7,24183.83,3.56,0.7399999999999998,2026-06-14T10:33:38.924700,open-meteo.com
2026-04-30,Kampala,Central,0.38664323,32.580143,1174.0,25.0,18.5,3.5,3.5,6.0,94,65,10.3,40086.2,3.68,-0.18000000000000016,2026-06-14T10:33:38.924736,open-meteo.com
2026-05-01,Kampala,Central,0.38664323,32.580143,1174.0,24.6,18.0,13.6,13.6,14.0,98,67,8.3,23045.38,2.78,10.82,2026-06-14T10:33:38.924785,open-meteo.com
2026-05-02,Kampala,Central,0.38664323,32.580143,1174.0,24.6,17.8,2.0,2.0,7.0,100,68,14.0,37603.93,3.52,-1.52,2026-06-14T10:33:38.924823,open-meteo.com
2026-05-03,Kampala,Central,0.38664323,32.580143,1174.0,25.4,19.3,2.1,2.1,5.0,93,67,11.6,42418.09,4.02,-1.9199999999999995,2026-06-14T10:33:38.924858,open-meteo.com
2026-05-04,Kampala,Central,0.38664323,32.580143,1174.0,26.4,17.8,0.8,0.8,4.0,99,65,10.6,38756.1,4.28,-3.4800000000000004,2026-06-14T10:33:38.924906,open-meteo.com
2026-05-05,Kampala,Central,0.38664323,32.580143,1174.0,26.5,19.7,6.7,6.7,7.0,92,67,14.0,38773.71,3.97,2.73,2026-06-14T10:33:38.924943,open-meteo.com
2026-05-06,Kampala,Central,0.38664323,32.580143,1174.0,26.4,19.9,1.6,1.6,4.0,93,65,12.7,39136.97,4.31,-2.7099999999999995,2026-06-14T10:33:38.924979,open-meteo.com
2026-05-07,Kampala,Central,0.38664323,32.580143,1174.0,26.0,17.9,1.6,1.6,7.0,100,62,7.8,37675.64,3.43,-1.83,2026-06-14T10:33:38.925015,open-meteo.com
2026-05-08,Kampala,Central,0.38664323,32.580143,1174.0,25.6,19.0,9.7,9.7,12.0,98,67,13.9,36514.57,3.55,6.1499999999999995,2026-06-14T10:33:38.925062,open-meteo.com
2026-05-09,Kampala,Central,0.38664323,32.580143,1174.0,25.5,19.0,5.7,5.7,5.0,95,65,8.0,31313.45,3.53,2.1700000000000004,2026-06-14T10:33:38.925100,open-meteo.com
2026-05-10,Kampala,Central,0.38664323,32.580143,1174.0,25.1,17.5,1.2,1.2,4.0,99,67,12.6,27825.85,3.12,-1.9200000000000002,2026-06-14T10:33:38.925136,open-meteo.com
2026-05-11,Kampala,Central,0.38664323,32.580143,1174.0,25.7,17.3,1.0,1.0,5.0,98,60,12.5,42395.14,3.94,-2.94,2026-06-14T10:33:38.925216,open-meteo.com
2026-05-12,Kampala,Central,0.38664323,32.580143,1174.0,26.2,17.5,0.1,0.1,1.0,100,54,11.7,42191.17,4.25,-4.15,2026-06-14T10:33:38.925254,open-meteo.com
2026-05-13,Kampala,Central,0.38664323,32.580143,1174.0,26.9,19.4,4.7,4.7,6.0,87,54,10.9,42394.52,4.32,0.3799999999999999,2026-06-14T10:33:38.925290,open-meteo.com
2026-05-14,Kampala,Central,0.38664323,32.580143,1174.0,24.8,18.8,2.9,2.9,10.0,99,67,10.1,22692.27,2.8,0.10000000000000009,2026-06-14T10:33:38.925326,open-meteo.com
2026-05-15,Kampala,Central,0.38664323,32.580143,1174.0,26.1,18.1,2.2,2.2,5.0,92,60,14.8,41606.39,4.18,-1.9799999999999995,2026-06-14T10:33:38.925362,open-meteo.com
2026-05-16,Kampala,Central,0.38664323,32.580143,1174.0,26.1,18.4,1.4,1.4,5.0,95,63,13.3,42097.48,4.22,-2.82,2026-06-14T10:33:38.925398,open-meteo.com
2026-05-17,Kampala,Central,0.38664323,32.580143,1174.0,26.2,19.0,0.4,0.4,3.0,93,61,13.9,40122.37,4.02,-3.6199999999999997,2026-06-14T10:33:38.925434,open-meteo.com
2026-05-18,Kampala,Central,0.38664323,32.580143,1174.0,25.2,17.8,4.8,4.8,6.0,99,57,14.5,42350.3,3.93,0.8699999999999997,2026-06-14T10:33:38.925480,open-meteo.com
2026-05-19,Kampala,Central,0.38664323,32.580143,1174.0,26.1,19.3,2.4,2.4,5.0,91,60,14.2,42121.61,4.0,-1.6,2026-06-14T10:33:38.925517,open-meteo.com
2026-05-20,Kampala,Central,0.38664323,32.580143,1174.0,26.1,18.5,1.0,1.0,5.0,93,67,17.1,42407.68,4.31,-3.3099999999999996,2026-06-14T10:33:38.925553,open-meteo.com
2026-05-21,Kampala,Central,0.38664323,32.580143,1174.0,24.7,18.1,0.8,0.8,5.0,96,68,10.7,35610.35,3.21,-2.41,2026-06-14T10:33:38.925599,open-meteo.com
2026-05-22,Kampala,Central,0.38664323,32.580143,1174.0,27.1,18.4,0.4,0.4,3.0,98,59,10.0,42199.37,4.32,-3.9200000000000004,2026-06-14T10:33:38.925637,open-meteo.com
2026-05-23,Kampala,Central,0.38664323,32.580143,1174.0,25.8,20.0,1.2,1.2,7.0,91,65,12.6,38521.79,3.58,-2.38,2026-06-14T10:33:38.925673,open-meteo.com
2026-05-24,Kampala,Central,0.38664323,32.580143,1174.0,26.5,20.4,0.3,0.3,2.0,89,59,17.2,42426.59,4.56,-4.26,2026-06-14T10:33:38.925710,open-meteo.com
2026-05-25,Kampala,Central,0.38664323,32.580143,1174.0,27.5,20.4,1.4,1.4,6.0,91,55,15.7,42433.02,4.29,-2.89,2026-06-14T10:33:38.925746,open-meteo.com
2026-05-26,Kampala,Central,0.38664323,32.580143,1174.0,26.7,20.7,1.5,1.5,4.0,89,55,16.6,42440.07,4.5,-3.0,2026-06-14T10:33:38.925782,open-meteo.com
2026-05-27,Kampala,Central,0.38664323,32.580143,1174.0,26.6,19.4,1.4,1.4,6.0,90,55,17.0,42447.71,4.34,-2.94,2026-06-14T10:33:38.925818,open-meteo.com
2026-05-28,Kampala,Central,0.38664323,32.580143,1174.0,25.8,19.1,1.6,1.6,7.0,94,55,21.0,42455.87,4.09,-2.4899999999999998,2026-06-14T10:33:38.925854,open-meteo.com
2026-05-29,Kampala,Central,0.38664323,32.580143,1174.0,25.7,18.5,4.9,4.9,6.0,98,59,15.3,40395.07,3.77,1.1300000000000003,2026-06-14T10:33:38.925904,open-meteo.com
2026-05-30,Kampala,Central,0.38664323,32.580143,1174.0,26.4,19.2,2.0,2.0,5.0,91,58,14.2,42473.62,4.43,-2.4299999999999997,2026-06-14T10:33:38.925941,open-meteo.com
2026-05-31,Kampala,Central,0.38664323,32.580143,1174.0,25.7,19.2,11.1,11.1,10.0,94,62,12.5,42483.11,3.7,7.3999999999999995,2026-06-14T10:33:38.925987,open-meteo.com
2026-06-01,Kampala,Central,0.38664323,32.580143,1174.0,26.4,18.3,6.0,6.0,10.0,97,62,13.7,39522.31,4.15,1.8499999999999996,2026-06-14T10:33:38.926024,open-meteo.com
2026-06-02,Kampala,Central,0.38664323,32.580143,1174.0,25.8,18.2,3.5,3.5,9.0,97,66,13.5,40859.83,3.91,-0.41000000000000014,2026-06-14T10:33:38.926061,open-meteo.com
2026-06-03,Kampala,Central,0.38664323,32.580143,1174.0,26.4,18.5,0.2,0.2,2.0,95,54,12.6,39600.0,4.06,-3.8599999999999994,2026-06-14T10:33:38.926097,open-meteo.com
2026-06-04,Kampala,Central,0.38664323,32.580143,1174.0,26.5,18.8,2.6,2.6,8.0,96,66,12.8,38727.58,3.92,-1.3199999999999998,2026-06-14T10:33:38.926133,open-meteo.com
2026-06-05,Kampala,Central,0.38664323,32.580143,1174.0,27.0,19.2,3.0,3.0,6.0,94,57,12.3,42534.91,4.18,-1.1799999999999997,2026-06-14T10:33:38.926169,open-meteo.com
2026-06-06,Kampala,Central,0.38664323,32.580143,1174.0,26.8,18.4,0.8,0.8,5.0,94,62,10.9,38456.01,3.89,-3.09,2026-06-14T10:33:38.926204,open-meteo.com
2026-06-07,Kampala,Central,0.38664323,32.580143,1174.0,27.4,19.2,0.4,0.4,4.0,97,55,10.8,41614.86,4.17,-3.77,2026-06-14T10:33:38.926240,open-meteo.com
2026-06-08,Kampala,Central,0.38664323,32.580143,1174.0,26.8,19.9,1.5,1.5,2.0,94,58,12.4,42567.86,4.12,-2.62,2026-06-14T10:33:38.926276,open-meteo.com
2026-06-09,Kampala,Central,0.38664323,32.580143,1174.0,27.3,18.8,1.0,1.0,6.0,91,56,13.9,41858.35,4.23,-3.2300000000000004,2026-06-14T10:33:38.926312,open-meteo.com
2026-06-10,Kampala,Central,0.38664323,32.580143,1174.0,26.9,20.1,1.6,1.6,6.0,86,60,12.1,41605.07,3.9,-2.3,2026-06-14T10:33:38.926358,open-meteo.com
2026-06-11,Kampala,Central,0.38664323,32.580143,1174.0,27.2,17.7,3.0,3.0,9.0,93,53,10.9,42101.69,4.19,-1.1900000000000004,2026-06-14T10:33:38.926394,open-meteo.com
2026-06-12,Kampala,Central,0.38664323,32.580143,1174.0,26.4,18.1,2.1,2.1,5.0,95,58,11.4,42598.37,4.09,-1.9899999999999998,2026-06-14T10:33:38.926430,open-meteo.com
2026-06-13,Kampala,Central,0.38664323,32.580143,1174.0,26.3,19.9,1.1,1.1,6.0,87,55,17.8,42594.3,4.48,-3.3800000000000003,2026-06-14T10:33:38.926467,open-meteo.com
2026-06-14,Kampala,Central,0.38664323,32.580143,1174.0,26.3,20.6,0.4,0.4,4.0,81,56,18.5,42637.02,4.65,-4.25,2026-06-14T10:33:38.926503,open-meteo.com
2025-06-14,Gulu,Northern,2.7768013,32.31325,1099.0,29.0,20.2,1.0,1.0,4.0,85,47,15.5,41836.48,4.13,-3.13,2026-06-14T10:33:43.611830,open-meteo.com
2025-06-15,Gulu,Northern,2.7768013,32.31325,1099.0,29.4,19.5,0.5,0.5,4.0,79,42,13.9,42968.07,4.9,-4.4,2026-06-14T10:33:43.611867,open-meteo.com
2025-06-16,Gulu,Northern,2.7768013,32.31325,1099.0,29.0,19.6,0.4,0.4,3.0,72,42,16.1,42980.11,4.31,-3.9099999999999997,2026-06-14T10:33:43.612205,open-meteo.com
2025-06-17,Gulu,Northern,2.7768013,32.31325,1099.0,28.0,19.0,0.3,0.3,1.0,82,43,15.1,27766.14,3.29,-2.99,2026-06-14T10:33:43.612230,open-meteo.com
2025-06-18,Gulu,Northern,2.7768013,32.31325,1099.0,26.7,18.5,2.4,2.4,7.0,98,50,13.9,38066.02,3.55,-1.15,2026-06-14T10:33:43.612275,open-meteo.com
2025-06-19,Gulu,Northern,2.7768013,32.31325,1099.0,26.4,17.7,8.7,8.7,14.0,99,57,10.4,33526.79,2.93,5.77,2026-06-14T10:33:43.612304,open-meteo.com
2025-06-20,Gulu,Northern,2.7768013,32.31325,1099.0,27.3,17.2,0.1,0.1,1.0,100,51,7.7,38260.59,3.7,-3.6,2026-06-14T10:33:43.612326,open-meteo.com
2025-06-21,Gulu,Northern,2.7768013,32.31325,1099.0,29.4,18.1,0.0,0.0,0.0,95,44,7.6,43044.45,4.38,-4.38,2026-06-14T10:33:43.612348,open-meteo.com
2025-06-22,Gulu,Northern,2.7768013,32.31325,1099.0,28.1,18.7,0.9,0.9,3.0,90,52,11.5,40883.04,4.22,-3.32,2026-06-14T10:33:43.612369,open-meteo.com
2025-06-23,Gulu,Northern,2.7768013,32.31325,1099.0,28.6,18.0,0.4,0.4,2.0,94,48,10.8,43071.01,4.51,-4.109999999999999,2026-06-14T10:33:43.612389,open-meteo.com
2025-06-24,Gulu,Northern,2.7768013,32.31325,1099.0,26.5,18.3,16.4,16.4,10.0,98,58,13.8,36289.46,3.74,12.659999999999998,2026-06-14T10:33:43.612410,open-meteo.com
2025-06-25,Gulu,Northern,2.7768013,32.31325,1099.0,28.5,17.6,0.3,0.3,3.0,97,47,12.0,43097.29,4.58,-4.28,2026-06-14T10:33:43.612430,open-meteo.com
2025-06-26,Gulu,Northern,2.7768013,32.31325,1099.0,29.6,19.3,0.1,0.1,1.0,90,45,12.0,41356.63,4.76,-4.66,2026-06-14T10:33:43.612450,open-meteo.com
2025-06-27,Gulu,Northern,2.7768013,32.31325,1099.0,30.0,19.6,0.0,0.0,0.0,82,38,12.8,43122.77,5.01,-5.01,2026-06-14T10:33:43.612471,open-meteo.com
2025-06-28,Gulu,Northern,2.7768013,32.31325,1099.0,28.7,19.4,17.5,17.5,4.0,95,49,12.1,43096.86,3.75,13.75,2026-06-14T10:33:43.612492,open-meteo.com
2025-06-29,Gulu,Northern,2.7768013,32.31325,1099.0,27.1,18.2,18.2,18.2,15.0,98,57,16.8,38732.93,3.68,14.52,2026-06-14T10:33:43.612512,open-meteo.com
2025-06-30,Gulu,Northern,2.7768013,32.31325,1099.0,26.6,17.4,0.7,0.7,1.0,98,57,9.7,32238.13,3.67,-2.9699999999999998,2026-06-14T10:33:43.612533,open-meteo.com
2025-07-01,Gulu,Northern,2.7768013,32.31325,1099.0,25.0,17.5,19.4,19.4,12.0,98,58,12.8,30819.16,3.08,16.32,2026-06-14T10:33:43.612553,open-meteo.com
2025-07-02,Gulu,Northern,2.7768013,32.31325,1099.0,26.8,17.5,0.4,0.4,1.0,96,54,13.8,43179.62,3.97,-3.5700000000000003,2026-06-14T10:33:43.612573,open-meteo.com
2025-07-03,Gulu,Northern,2.7768013,32.31325,1099.0,28.0,18.3,0.4,0.4,4.0,88,44,11.7,43189.31,4.11,-3.7100000000000004,2026-06-14T10:33:43.612594,open-meteo.com
2025-07-04,Gulu,Northern,2.7768013,32.31325,1099.0,28.1,18.0,4.0,4.0,5.0,98,45,14.7,43198.29,4.07,-0.07000000000000028,2026-06-14T10:33:43.612614,open-meteo.com
2025-07-05,Gulu,Northern,2.7768013,32.31325,1099.0,26.3,17.8,16.7,16.7,11.0,97,57,9.3,40148.67,3.9,12.799999999999999,2026-06-14T10:33:43.612634,open-meteo.com
2025-07-06,Gulu,Northern,2.7768013,32.31325,1099.0,27.0,18.8,3.5,3.5,8.0,93,56,13.2,43200.0,4.04,-0.54,2026-06-14T10:33:43.612654,open-meteo.com
2025-07-07,Gulu,Northern,2.7768013,32.31325,1099.0,25.6,17.9,4.9,4.9,14.0,98,66,10.5,39614.11,3.35,1.5500000000000003,2026-06-14T10:33:43.612674,open-meteo.com
2025-07-08,Gulu,Northern,2.7768013,32.31325,1099.0,26.8,17.9,20.7,20.7,8.0,99,55,12.9,34143.32,3.68,17.02,2026-06-14T10:33:43.612694,open-meteo.com
2025-07-09,Gulu,Northern,2.7768013,32.31325,1099.0,24.9,18.0,19.0,19.0,17.0,99,65,12.0,36607.02,3.51,15.49,2026-06-14T10:33:43.612714,open-meteo.com
2025-07-10,Gulu,Northern,2.7768013,32.31325,1099.0,22.8,17.7,11.0,11.0,11.0,99,64,15.7,22923.79,2.65,8.35,2026-06-14T10:33:43.612734,open-meteo.com
2025-07-11,Gulu,Northern,2.7768013,32.31325,1099.0,24.4,17.1,0.3,0.3,2.0,95,61,8.0,23488.63,2.68,-2.3800000000000003,2026-06-14T10:33:43.612765,open-meteo.com
2025-07-12,Gulu,Northern,2.7768013,32.31325,1099.0,26.4,17.9,4.0,4.0,6.0,97,57,10.0,37644.62,3.83,0.16999999999999993,2026-06-14T10:33:43.612785,open-meteo.com
2025-07-13,Gulu,Northern,2.7768013,32.31325,1099.0,26.0,17.2,12.2,12.2,13.0,100,61,10.8,37793.26,3.95,8.25,2026-06-14T10:33:43.612805,open-meteo.com
2025-07-14,Gulu,Northern,2.7768013,32.31325,1099.0,26.1,17.1,3.1,3.1,10.0,99,60,11.6,36256.73,3.55,-0.44999999999999973,2026-06-14T10:33:43.612844,open-meteo.com
2025-07-15,Gulu,Northern,2.7768013,32.31325,1099.0,25.9,16.8,8.8,8.8,12.0,100,62,9.2,42812.38,4.16,4.640000000000001,2026-06-14T10:33:43.612899,open-meteo.com
2025-07-16,Gulu,Northern,2.7768013,32.31325,1099.0,26.5,16.9,4.6,4.6,7.0,97,61,14.2,39600.0,3.96,0.6399999999999997,2026-06-14T10:33:43.612954,open-meteo.com
2025-07-17,Gulu,Northern,2.7768013,32.31325,1099.0,25.2,17.2,0.8,0.8,3.0,98,64,10.3,36164.67,3.54,-2.74,2026-06-14T10:33:43.613001,open-meteo.com
2025-07-18,Gulu,Northern,2.7768013,32.31325,1099.0,26.8,16.8,3.4,3.4,5.0,99,60,14.2,43200.0,4.16,-0.7600000000000002,2026-06-14T10:33:43.613047,open-meteo.com
2025-07-19,Gulu,Northern,2.7768013,32.31325,1099.0,26.8,17.3,1.4,1.4,2.0,98,58,8.7,43200.0,4.31,-2.9099999999999997,2026-06-14T10:33:43.613086,open-meteo.com
2025-07-20,Gulu,Northern,2.7768013,32.31325,1099.0,26.9,17.6,3.9,3.9,5.0,98,59,11.0,41880.86,4.02,-0.11999999999999966,2026-06-14T10:33:43.613108,open-meteo.com
2025-07-21,Gulu,Northern,2.7768013,32.31325,1099.0,27.0,17.9,10.1,10.1,9.0,98,58,13.1,43200.0,4.13,5.97,2026-06-14T10:33:43.613138,open-meteo.com
2025-07-22,Gulu,Northern,2.7768013,32.31325,1099.0,25.6,17.7,4.4,4.4,13.0,99,64,12.5,39633.79,3.58,0.8200000000000003,2026-06-14T10:33:43.613167,open-meteo.com
2025-07-23,Gulu,Northern,2.7768013,32.31325,1099.0,27.0,18.5,0.7,0.7,5.0,95,58,10.1,43200.0,4.31,-3.6099999999999994,2026-06-14T10:33:43.613188,open-meteo.com
2025-07-24,Gulu,Northern,2.7768013,32.31325,1099.0,27.4,17.6,1.1,1.1,4.0,98,54,9.2,41085.5,3.67,-2.57,2026-06-14T10:33:43.613208,open-meteo.com
2025-07-25,Gulu,Northern,2.7768013,32.31325,1099.0,27.2,18.0,2.4,2.4,6.0,98,50,9.5,33009.34,3.95,-1.5500000000000003,2026-06-14T10:33:43.613229,open-meteo.com
2025-07-26,Gulu,Northern,2.7768013,32.31325,1099.0,27.0,17.7,0.3,0.3,3.0,100,57,10.0,39600.0,4.35,-4.05,2026-06-14T10:33:43.613249,open-meteo.com
2025-07-27,Gulu,Northern,2.7768013,32.31325,1099.0,27.5,17.6,0.6,0.6,5.0,97,55,9.7,43200.0,4.36,-3.7600000000000002,2026-06-14T10:33:43.613270,open-meteo.com
2025-07-28,Gulu,Northern,2.7768013,32.31325,1099.0,28.0,17.6,6.4,6.4,7.0,96,53,15.0,43200.0,4.26,2.1400000000000006,2026-06-14T10:33:43.613290,open-meteo.com
2025-07-29,Gulu,Northern,2.7768013,32.31325,1099.0,26.9,17.0,4.4,4.4,5.0,96,55,13.0,43200.0,4.12,0.28000000000000025,2026-06-14T10:33:43.613310,open-meteo.com
2025-07-30,Gulu,Northern,2.7768013,32.31325,1099.0,28.0,19.0,0.1,0.1,1.0,78,47,14.1,43196.22,5.05,-4.95,2026-06-14T10:33:43.613331,open-meteo.com
2025-07-31,Gulu,Northern,2.7768013,32.31325,1099.0,28.4,18.6,0.0,0.0,0.0,77,48,11.5,43200.0,4.94,-4.94,2026-06-14T10:33:43.613358,open-meteo.com
2025-08-01,Gulu,Northern,2.7768013,32.31325,1099.0,28.2,17.6,8.4,8.4,8.0,98,49,10.5,40788.69,4.54,3.8600000000000003,2026-06-14T10:33:43.613378,open-meteo.com
2025-08-02,Gulu,Northern,2.7768013,32.31325,1099.0,27.6,18.5,1.9,1.9,6.0,92,53,14.1,43200.0,4.43,-2.53,2026-06-14T10:33:43.613398,open-meteo.com
2025-08-03,Gulu,Northern,2.7768013,32.31325,1099.0,23.1,17.5,4.0,4.0,11.0,98,71,11.0,12544.06,2.41,1.5899999999999999,2026-06-14T10:33:43.613418,open-meteo.com
2025-08-04,Gulu,Northern,2.7768013,32.31325,1099.0,26.5,17.8,0.3,0.3,3.0,98,50,9.8,36000.0,3.96,-3.66,2026-06-14T10:33:43.613438,open-meteo.com
2025-08-05,Gulu,Northern,2.7768013,32.31325,1099.0,26.6,17.9,3.9,3.9,3.0,96,58,8.9,40204.79,4.24,-0.3400000000000003,2026-06-14T10:33:43.613459,open-meteo.com
2025-08-06,Gulu,Northern,2.7768013,32.31325,1099.0,25.6,17.9,12.9,12.9,13.0,99,60,10.4,37804.83,3.47,9.43,2026-06-14T10:33:43.613479,open-meteo.com
2025-08-07,Gulu,Northern,2.7768013,32.31325,1099.0,25.4,17.6,9.3,9.3,16.0,99,62,15.7,37151.07,3.68,5.620000000000001,2026-06-14T10:33:43.613499,open-meteo.com
2025-08-08,Gulu,Northern,2.7768013,32.31325,1099.0,24.9,17.5,5.1,5.1,8.0,98,75,9.0,40021.43,3.43,1.6699999999999995,2026-06-14T10:33:43.613519,open-meteo.com
2025-08-09,Gulu,Northern,2.7768013,32.31325,1099.0,24.9,17.2,12.1,12.1,11.0,99,61,8.3,39459.68,3.44,8.66,2026-06-14T10:33:43.613539,open-meteo.com
2025-08-10,Gulu,Northern,2.7768013,32.31325,1099.0,25.9,17.6,5.3,5.3,6.0,100,61,10.0,35776.77,3.83,1.4699999999999998,2026-06-14T10:33:43.613565,open-meteo.com
2025-08-11,Gulu,Northern,2.7768013,32.31325,1099.0,25.2,17.9,10.6,10.6,8.0,96,69,13.6,43131.52,3.8,6.8,2026-06-14T10:33:43.613586,open-meteo.com
2025-08-12,Gulu,Northern,2.7768013,32.31325,1099.0,26.4,17.0,7.2,7.2,8.0,100,59,11.2,40304.67,3.92,3.2800000000000002,2026-06-14T10:33:43.613606,open-meteo.com
2025-08-13,Gulu,Northern,2.7768013,32.31325,1099.0,26.2,17.5,14.0,14.0,16.0,98,59,7.5,39797.04,3.83,10.17,2026-06-14T10:33:43.613626,open-meteo.com
2025-08-14,Gulu,Northern,2.7768013,32.31325,1099.0,26.0,17.5,15.9,15.9,11.0,98,63,14.3,38357.62,3.6,12.3,2026-06-14T10:33:43.613647,open-meteo.com
2025-08-15,Gulu,Northern,2.7768013,32.31325,1099.0,25.6,18.0,2.3,2.3,4.0,100,64,12.9,29678.63,3.58,-1.2800000000000002,2026-06-14T10:33:43.613667,open-meteo.com
2025-08-16,Gulu,Northern,2.7768013,32.31325,1099.0,25.6,16.5,2.4,2.4,7.0,98,63,14.3,41101.0,3.72,-1.3200000000000003,2026-06-14T10:33:43.613687,open-meteo.com
2025-08-17,Gulu,Northern,2.7768013,32.31325,1099.0,23.8,17.1,11.9,11.9,9.0,98,70,15.9,32007.73,2.85,9.05,2026-06-14T10:33:43.613707,open-meteo.com
2025-08-18,Gulu,Northern,2.7768013,32.31325,1099.0,25.0,18.0,13.6,13.6,12.0,98,66,13.9,18545.43,2.58,11.02,2026-06-14T10:33:43.613728,open-meteo.com
2025-08-19,Gulu,Northern,2.7768013,32.31325,1099.0,25.4,17.6,2.4,2.4,6.0,98,60,13.8,39925.62,3.83,-1.4300000000000002,2026-06-14T10:33:43.613748,open-meteo.com
2025-08-20,Gulu,Northern,2.7768013,32.31325,1099.0,25.0,17.6,5.7,5.7,8.0,97,66,9.2,39844.93,3.53,2.1700000000000004,2026-06-14T10:33:43.613774,open-meteo.com
2025-08-21,Gulu,Northern,2.7768013,32.31325,1099.0,24.2,17.9,18.2,18.2,14.0,99,73,9.5,37181.87,3.01,15.19,2026-06-14T10:33:43.613794,open-meteo.com
2025-08-22,Gulu,Northern,2.7768013,32.31325,1099.0,26.9,16.9,0.1,0.1,1.0,100,56,11.7,42948.4,4.42,-4.32,2026-06-14T10:33:43.613814,open-meteo.com
2025-08-23,Gulu,Northern,2.7768013,32.31325,1099.0,26.1,18.5,0.1,0.1,1.0,89,51,10.4,38271.48,3.82,-3.7199999999999998,2026-06-14T10:33:43.613834,open-meteo.com
2025-08-24,Gulu,Northern,2.7768013,32.31325,1099.0,26.8,17.5,0.6,0.6,6.0,92,52,13.4,26169.47,3.11,-2.51,2026-06-14T10:33:43.613855,open-meteo.com
2025-08-25,Gulu,Northern,2.7768013,32.31325,1099.0,24.5,17.1,8.5,8.5,12.0,98,64,13.9,35095.7,3.0,5.5,2026-06-14T10:33:43.613875,open-meteo.com
2025-08-26,Gulu,Northern,2.7768013,32.31325,1099.0,26.3,17.8,5.6,5.6,9.0,97,61,9.1,37475.91,4.38,1.2199999999999998,2026-06-14T10:33:43.614078,open-meteo.com
2025-08-27,Gulu,Northern,2.7768013,32.31325,1099.0,27.0,17.2,0.6,0.6,5.0,94,53,10.7,42842.6,4.47,-3.8699999999999997,2026-06-14T10:33:43.614111,open-meteo.com
2025-08-28,Gulu,Northern,2.7768013,32.31325,1099.0,27.5,16.6,3.6,3.6,5.0,96,55,9.8,42820.41,4.87,-1.27,2026-06-14T10:33:43.614132,open-meteo.com
2025-08-29,Gulu,Northern,2.7768013,32.31325,1099.0,27.8,17.2,1.6,1.6,5.0,94,51,10.4,42797.99,4.76,-3.1599999999999997,2026-06-14T10:33:43.614152,open-meteo.com
2025-08-30,Gulu,Northern,2.7768013,32.31325,1099.0,27.4,18.0,4.2,4.2,3.0,95,54,8.9,32608.45,4.02,0.1800000000000006,2026-06-14T10:33:43.614186,open-meteo.com
2025-08-31,Gulu,Northern,2.7768013,32.31325,1099.0,26.1,17.8,5.2,5.2,10.0,98,53,13.0,38113.29,3.69,1.5100000000000002,2026-06-14T10:33:43.614207,open-meteo.com
2025-09-01,Gulu,Northern,2.7768013,32.31325,1099.0,27.0,18.4,0.2,0.2,2.0,92,50,13.0,29940.42,3.85,-3.65,2026-06-14T10:33:43.614228,open-meteo.com
2025-09-02,Gulu,Northern,2.7768013,32.31325,1099.0,27.0,17.9,9.7,9.7,4.0,96,56,13.9,42493.53,4.54,5.159999999999999,2026-06-14T10:33:43.614248,open-meteo.com
2025-09-03,Gulu,Northern,2.7768013,32.31325,1099.0,27.5,18.0,5.2,5.2,7.0,99,58,15.4,42683.83,4.66,0.54,2026-06-14T10:33:43.614268,open-meteo.com
2025-09-04,Gulu,Northern,2.7768013,32.31325,1099.0,28.8,18.1,0.4,0.4,3.0,91,46,10.6,42660.73,4.71,-4.31,2026-06-14T10:33:43.614305,open-meteo.com
2025-09-05,Gulu,Northern,2.7768013,32.31325,1099.0,28.4,17.9,11.5,11.5,7.0,98,51,13.0,42637.06,4.41,7.09,2026-06-14T10:33:43.614345,open-meteo.com
2025-09-06,Gulu,Northern,2.7768013,32.31325,1099.0,27.0,17.5,10.9,10.9,10.0,98,61,13.6,42612.82,4.18,6.720000000000001,2026-06-14T10:33:43.614386,open-meteo.com
2025-09-07,Gulu,Northern,2.7768013,32.31325,1099.0,27.8,17.6,7.9,7.9,11.0,98,55,8.6,42588.09,4.72,3.1800000000000006,2026-06-14T10:33:43.614408,open-meteo.com
2025-09-08,Gulu,Northern,2.7768013,32.31325,1099.0,28.9,18.4,1.8,1.8,3.0,96,45,13.5,42562.92,4.93,-3.13,2026-06-14T10:33:43.614428,open-meteo.com
2025-09-09,Gulu,Northern,2.7768013,32.31325,1099.0,27.4,18.2,6.0,6.0,8.0,97,61,13.4,42537.37,4.34,1.6600000000000001,2026-06-14T10:33:43.614457,open-meteo.com
2025-09-10,Gulu,Northern,2.7768013,32.31325,1099.0,26.5,17.2,12.0,12.0,14.0,96,60,12.7,42071.52,4.25,7.75,2026-06-14T10:33:43.614478,open-meteo.com
2025-09-11,Gulu,Northern,2.7768013,32.31325,1099.0,27.4,16.9,18.0,18.0,9.0,99,55,17.6,42082.38,4.71,13.29,2026-06-14T10:33:43.614503,open-meteo.com
2025-09-12,Gulu,Northern,2.7768013,32.31325,1099.0,26.7,17.7,2.9,2.9,5.0,100,57,7.7,35745.49,3.67,-0.77,2026-06-14T10:33:43.614524,open-meteo.com
2025-09-13,Gulu,Northern,2.7768013,32.31325,1099.0,26.5,18.4,1.6,1.6,6.0,96,61,17.0,39773.34,4.15,-2.5500000000000003,2026-06-14T10:33:43.614544,open-meteo.com
2025-09-14,Gulu,Northern,2.7768013,32.31325,1099.0,28.4,17.4,0.0,0.0,0.0,97,49,8.6,42406.07,5.08,-5.08,2026-06-14T10:33:43.614566,open-meteo.com
2025-09-15,Gulu,Northern,2.7768013,32.31325,1099.0,28.0,18.3,1.4,1.4,5.0,95,52,12.3,42358.6,4.96,-3.56,2026-06-14T10:33:43.614588,open-meteo.com
2025-09-16,Gulu,Northern,2.7768013,32.31325,1099.0,27.6,17.4,6.6,6.6,4.0,98,57,15.4,38821.97,4.51,2.09,2026-06-14T10:33:43.614608,open-meteo.com
2025-09-17,Gulu,Northern,2.7768013,32.31325,1099.0,28.5,17.2,0.1,0.1,1.0,99,53,7.3,42326.62,4.93,-4.83,2026-06-14T10:33:43.614628,open-meteo.com
2025-09-18,Gulu,Northern,2.7768013,32.31325,1099.0,27.5,18.6,0.2,0.2,2.0,91,56,10.4,36031.35,4.2,-4.0,2026-06-14T10:33:43.614649,open-meteo.com
2025-09-19,Gulu,Northern,2.7768013,32.31325,1099.0,28.5,17.6,3.2,3.2,6.0,98,50,9.2,42274.39,4.66,-1.46,2026-06-14T10:33:43.614674,open-meteo.com
2025-09-20,Gulu,Northern,2.7768013,32.31325,1099.0,27.8,18.4,12.0,12.0,6.0,97,56,14.0,38532.3,4.42,7.58,2026-06-14T10:33:43.614694,open-meteo.com
2025-09-21,Gulu,Northern,2.7768013,32.31325,1099.0,28.0,18.5,2.9,2.9,5.0,97,52,16.8,41280.31,4.74,-1.8400000000000003,2026-06-14T10:33:43.614715,open-meteo.com
2025-09-22,Gulu,Northern,2.7768013,32.31325,1099.0,28.1,17.6,0.5,0.5,2.0,93,46,11.8,42198.34,4.98,-4.48,2026-06-14T10:33:43.614735,open-meteo.com
2025-09-23,Gulu,Northern,2.7768013,32.31325,1099.0,28.3,18.4,6.5,6.5,11.0,97,52,12.4,41765.06,5.02,1.4800000000000004,2026-06-14T10:33:43.614755,open-meteo.com
2025-09-24,Gulu,Northern,2.7768013,32.31325,1099.0,26.5,17.4,3.4,3.4,7.0,98,57,12.4,42149.69,4.48,-1.0800000000000005,2026-06-14T10:33:43.614776,open-meteo.com
2025-09-25,Gulu,Northern,2.7768013,32.31325,1099.0,27.5,18.4,1.1,1.1,2.0,95,50,9.4,41329.35,4.58,-3.48,2026-06-14T10:33:43.614796,open-meteo.com
2025-09-26,Gulu,Northern,2.7768013,32.31325,1099.0,28.2,18.9,4.8,4.8,5.0,98,54,15.5,35468.12,4.22,0.5800000000000001,2026-06-14T10:33:43.614816,open-meteo.com
2025-09-27,Gulu,Northern,2.7768013,32.31325,1099.0,27.6,19.0,3.7,3.7,9.0,97,57,10.2,40153.59,4.4,-0.7000000000000002,2026-06-14T10:33:43.614836,open-meteo.com
2025-09-28,Gulu,Northern,2.7768013,32.31325,1099.0,28.1,18.4,5.7,5.7,8.0,96,53,11.9,40676.92,5.04,0.6600000000000001,2026-06-14T10:33:43.614857,open-meteo.com
2025-09-29,Gulu,Northern,2.7768013,32.31325,1099.0,28.6,17.7,11.3,11.3,5.0,98,50,15.8,41380.82,4.99,6.3100000000000005,2026-06-14T10:33:43.614903,open-meteo.com
2025-09-30,Gulu,Northern,2.7768013,32.31325,1099.0,28.5,19.2,1.3,1.3,1.0,91,53,14.4,40702.83,5.0,-3.7,2026-06-14T10:33:43.614925,open-meteo.com
2025-10-01,Gulu,Northern,2.7768013,32.31325,1099.0,24.9,18.6,13.4,13.4,9.0,95,70,13.9,36294.17,3.45,9.95,2026-06-14T10:33:43.614946,open-meteo.com
2025-10-02,Gulu,Northern,2.7768013,32.31325,1099.0,26.7,17.6,1.2,1.2,2.0,96,59,12.2,40037.16,4.68,-3.4799999999999995,2026-06-14T10:33:43.614966,open-meteo.com
2025-10-03,Gulu,Northern,2.7768013,32.31325,1099.0,25.2,18.2,3.5,3.5,8.0,98,61,15.9,15264.88,2.52,0.98,2026-06-14T10:33:43.614986,open-meteo.com
2025-10-04,Gulu,Northern,2.7768013,32.31325,1099.0,27.5,18.5,9.6,9.6,10.0,98,55,11.0,30596.58,4.4,5.199999999999999,2026-06-14T10:33:43.615006,open-meteo.com
2025-10-05,Gulu,Northern,2.7768013,32.31325,1099.0,27.0,17.5,15.0,15.0,11.0,99,60,9.8,38025.47,4.72,10.280000000000001,2026-06-14T10:33:43.615026,open-meteo.com
2025-10-06,Gulu,Northern,2.7768013,32.31325,1099.0,25.5,18.1,17.8,17.8,12.0,99,69,9.9,26722.68,3.37,14.43,2026-06-14T10:33:43.615047,open-meteo.com
2025-10-07,Gulu,Northern,2.7768013,32.31325,1099.0,27.4,17.4,8.0,8.0,6.0,97,57,13.8,39868.25,4.61,3.3899999999999997,2026-06-14T10:33:43.615067,open-meteo.com
2025-10-08,Gulu,Northern,2.7768013,32.31325,1099.0,27.5,17.2,6.5,6.5,8.0,98,51,11.3,39600.0,4.76,1.7400000000000002,2026-06-14T10:33:43.615087,open-meteo.com
2025-10-09,Gulu,Northern,2.7768013,32.31325,1099.0,27.0,17.8,5.7,5.7,10.0,96,55,13.5,37301.99,4.32,1.38,2026-06-14T10:33:43.615113,open-meteo.com
2025-10-10,Gulu,Northern,2.7768013,32.31325,1099.0,28.8,18.4,0.0,0.0,0.0,95,42,15.1,41589.62,5.26,-5.26,2026-06-14T10:33:43.615135,open-meteo.com
2025-10-11,Gulu,Northern,2.7768013,32.31325,1099.0,28.1,17.9,2.7,2.7,3.0,93,50,11.0,39235.12,4.77,-2.0699999999999994,2026-06-14T10:33:43.615155,open-meteo.com
2025-10-12,Gulu,Northern,2.7768013,32.31325,1099.0,29.0,19.6,1.0,1.0,4.0,91,42,14.7,36988.67,4.86,-3.8600000000000003,2026-06-14T10:33:43.615176,open-meteo.com
2025-10-13,Gulu,Northern,2.7768013,32.31325,1099.0,28.0,18.8,4.0,4.0,5.0,94,48,20.1,39386.17,4.07,-0.07000000000000028,2026-06-14T10:33:43.615197,open-meteo.com
2025-10-14,Gulu,Northern,2.7768013,32.31325,1099.0,29.3,18.5,0.0,0.0,0.0,85,44,12.1,41106.73,5.28,-5.28,2026-06-14T10:33:43.615217,open-meteo.com
2025-10-15,Gulu,Northern,2.7768013,32.31325,1099.0,28.0,18.6,0.1,0.1,1.0,91,46,11.8,40419.44,4.79,-4.69,2026-06-14T10:33:43.615238,open-meteo.com
2025-10-16,Gulu,Northern,2.7768013,32.31325,1099.0,27.5,19.4,1.1,1.1,4.0,85,49,11.1,40429.52,4.95,-3.85,2026-06-14T10:33:43.615258,open-meteo.com
2025-10-17,Gulu,Northern,2.7768013,32.31325,1099.0,27.5,18.7,3.0,3.0,3.0,95,52,10.8,36000.0,4.4,-1.4000000000000004,2026-06-14T10:33:43.615278,open-meteo.com
2025-10-18,Gulu,Northern,2.7768013,32.31325,1099.0,28.5,18.5,0.3,0.3,2.0,95,49,15.8,39982.46,4.64,-4.34,2026-06-14T10:33:43.615298,open-meteo.com
2025-10-19,Gulu,Northern,2.7768013,32.31325,1099.0,28.8,18.8,14.8,14.8,7.0,98,48,13.0,29892.65,4.02,10.780000000000001,2026-06-14T10:33:43.615323,open-meteo.com
2025-10-20,Gulu,Northern,2.7768013,32.31325,1099.0,26.2,18.2,1.0,1.0,7.0,99,60,12.2,40000.57,4.07,-3.0700000000000003,2026-06-14T10:33:43.615344,open-meteo.com
2025-10-21,Gulu,Northern,2.7768013,32.31325,1099.0,26.5,18.0,17.0,17.0,10.0,98,61,12.8,35160.08,3.52,13.48,2026-06-14T10:33:43.615365,open-meteo.com
2025-10-22,Gulu,Northern,2.7768013,32.31325,1099.0,27.1,18.1,2.0,2.0,7.0,98,51,15.1,29068.89,3.64,-1.6400000000000001,2026-06-14T10:33:43.615385,open-meteo.com
2025-10-23,Gulu,Northern,2.7768013,32.31325,1099.0,27.1,18.8,8.6,8.6,12.0,98,57,11.7,33860.66,4.24,4.359999999999999,2026-06-14T10:33:43.615406,open-meteo.com
2025-10-24,Gulu,Northern,2.7768013,32.31325,1099.0,28.5,18.5,0.0,0.0,0.0,92,48,14.8,39822.26,5.02,-5.02,2026-06-14T10:33:43.615426,open-meteo.com
2025-10-25,Gulu,Northern,2.7768013,32.31325,1099.0,27.5,19.6,4.6,4.6,10.0,95,57,12.2,37867.63,4.14,0.45999999999999996,2026-06-14T10:33:43.615446,open-meteo.com
2025-10-26,Gulu,Northern,2.7768013,32.31325,1099.0,25.9,18.4,13.6,13.6,13.0,98,66,10.7,31852.19,3.59,10.01,2026-06-14T10:33:43.615472,open-meteo.com
2025-10-27,Gulu,Northern,2.7768013,32.31325,1099.0,27.6,18.0,1.2,1.2,7.0,97,56,8.5,38681.62,3.97,-2.7700000000000005,2026-06-14T10:33:43.615494,open-meteo.com
2025-10-28,Gulu,Northern,2.7768013,32.31325,1099.0,28.4,20.2,0.4,0.4,3.0,91,54,13.0,36176.84,4.75,-4.35,2026-06-14T10:33:43.615515,open-meteo.com
2025-10-29,Gulu,Northern,2.7768013,32.31325,1099.0,27.9,18.5,13.9,13.9,13.0,97,56,12.3,35566.64,4.13,9.77,2026-06-14T10:33:43.615540,open-meteo.com
2025-10-30,Gulu,Northern,2.7768013,32.31325,1099.0,25.1,19.1,20.1,20.1,19.0,99,70,14.7,25974.88,2.75,17.35,2026-06-14T10:33:43.615561,open-meteo.com
2025-10-31,Gulu,Northern,2.7768013,32.31325,1099.0,27.0,18.1,8.4,8.4,17.0,100,62,9.0,38018.03,4.04,4.36,2026-06-14T10:33:43.615581,open-meteo.com
2025-11-01,Gulu,Northern,2.7768013,32.31325,1099.0,27.0,17.4,5.3,5.3,9.0,100,59,8.7,39608.56,4.21,1.0899999999999999,2026-06-14T10:33:43.615601,open-meteo.com
2025-11-02,Gulu,Northern,2.7768013,32.31325,1099.0,26.2,18.6,10.3,10.3,9.0,99,64,12.1,23811.0,3.35,6.950000000000001,2026-06-14T10:33:43.615627,open-meteo.com
2025-11-03,Gulu,Northern,2.7768013,32.31325,1099.0,28.2,18.4,2.1,2.1,3.0,95,51,15.9,39600.0,4.5,-2.4,2026-06-14T10:33:43.615648,open-meteo.com
2025-11-04,Gulu,Northern,2.7768013,32.31325,1099.0,28.7,18.5,0.1,0.1,1.0,92,47,17.0,39654.58,4.92,-4.82,2026-06-14T10:33:43.615668,open-meteo.com
2025-11-05,Gulu,Northern,2.7768013,32.31325,1099.0,28.1,18.7,0.0,0.0,0.0,95,47,12.8,40098.11,4.82,-4.82,2026-06-14T10:33:43.615689,open-meteo.com
2025-11-06,Gulu,Northern,2.7768013,32.31325,1099.0,28.1,18.5,0.2,0.2,2.0,100,53,7.7,37130.86,4.69,-4.49,2026-06-14T10:33:43.615709,open-meteo.com
2025-11-07,Gulu,Northern,2.7768013,32.31325,1099.0,28.2,18.9,0.0,0.0,0.0,92,50,11.8,40102.77,4.81,-4.81,2026-06-14T10:33:43.615730,open-meteo.com
2025-11-08,Gulu,Northern,2.7768013,32.31325,1099.0,28.1,18.5,4.4,4.4,7.0,95,52,18.8,35019.11,4.11,0.29000000000000004,2026-06-14T10:33:43.615755,open-meteo.com
2025-11-09,Gulu,Northern,2.7768013,32.31325,1099.0,27.8,17.5,11.6,11.6,4.0,99,53,12.7,39600.0,4.3,7.3,2026-06-14T10:33:43.615776,open-meteo.com
2025-11-10,Gulu,Northern,2.7768013,32.31325,1099.0,28.5,17.0,0.0,0.0,0.0,97,47,10.8,39600.0,4.66,-4.66,2026-06-14T10:33:43.615796,open-meteo.com
2025-11-11,Gulu,Northern,2.7768013,32.31325,1099.0,29.2,17.9,0.0,0.0,0.0,96,40,11.4,39866.04,5.02,-5.02,2026-06-14T10:33:43.615816,open-meteo.com
2025-11-12,Gulu,Northern,2.7768013,32.31325,1099.0,30.6,17.6,0.0,0.0,0.0,97,33,15.9,40590.8,5.14,-5.14,2026-06-14T10:33:43.615837,open-meteo.com
2025-11-13,Gulu,Northern,2.7768013,32.31325,1099.0,29.9,19.3,0.0,0.0,0.0,73,38,18.0,39865.11,5.44,-5.44,2026-06-14T10:33:43.615857,open-meteo.com
2025-11-14,Gulu,Northern,2.7768013,32.31325,1099.0,29.6,18.9,0.0,0.0,0.0,83,41,15.0,39864.05,5.2,-5.2,2026-06-14T10:33:43.615892,open-meteo.com
2025-11-15,Gulu,Northern,2.7768013,32.31325,1099.0,28.2,18.1,0.2,0.2,2.0,87,44,11.2,39619.75,4.77,-4.569999999999999,2026-06-14T10:33:43.615915,open-meteo.com
2025-11-16,Gulu,Northern,2.7768013,32.31325,1099.0,28.1,18.7,0.1,0.1,1.0,89,43,14.3,40346.95,4.82,-4.720000000000001,2026-06-14T10:33:43.615935,open-meteo.com
2025-11-17,Gulu,Northern,2.7768013,32.31325,1099.0,28.4,17.8,0.1,0.1,1.0,93,45,9.5,40101.84,4.88,-4.78,2026-06-14T10:33:43.615956,open-meteo.com
2025-11-18,Gulu,Northern,2.7768013,32.31325,1099.0,30.2,19.0,0.4,0.4,1.0,79,39,19.8,40343.32,5.0,-4.6,2026-06-14T10:33:43.615982,open-meteo.com
2025-11-19,Gulu,Northern,2.7768013,32.31325,1099.0,30.0,18.5,0.4,0.4,1.0,80,44,18.7,40340.86,4.91,-4.51,2026-06-14T10:33:43.616003,open-meteo.com
2025-11-20,Gulu,Northern,2.7768013,32.31325,1099.0,29.7,19.1,0.1,0.1,1.0,82,40,14.3,39848.76,5.11,-5.010000000000001,2026-06-14T10:33:43.616023,open-meteo.com
2025-11-21,Gulu,Northern,2.7768013,32.31325,1099.0,31.0,18.6,0.0,0.0,0.0,77,32,19.6,40334.59,5.35,-5.35,2026-06-14T10:33:43.616044,open-meteo.com
2025-11-22,Gulu,Northern,2.7768013,32.31325,1099.0,30.9,19.0,0.0,0.0,0.0,68,23,20.5,39840.22,5.75,-5.75,2026-06-14T10:33:43.616064,open-meteo.com
2025-11-23,Gulu,Northern,2.7768013,32.31325,1099.0,31.2,18.2,0.0,0.0,0.0,63,26,21.9,40326.48,6.03,-6.03,2026-06-14T10:33:43.616085,open-meteo.com
2025-11-24,Gulu,Northern,2.7768013,32.31325,1099.0,31.5,19.0,0.0,0.0,0.0,73,29,17.8,39829.66,5.68,-5.68,2026-06-14T10:33:43.616105,open-meteo.com
2025-11-25,Gulu,Northern,2.7768013,32.31325,1099.0,32.0,20.0,0.0,0.0,0.0,69,28,19.1,40316.03,6.02,-6.02,2026-06-14T10:33:43.616126,open-meteo.com
2025-11-26,Gulu,Northern,2.7768013,32.31325,1099.0,32.0,20.2,0.0,0.0,0.0,60,27,19.5,40556.53,6.49,-6.49,2026-06-14T10:33:43.616146,open-meteo.com
2025-11-27,Gulu,Northern,2.7768013,32.31325,1099.0,32.2,20.1,0.0,0.0,0.0,64,26,23.1,36897.68,6.57,-6.57,2026-06-14T10:33:43.616166,open-meteo.com
2025-11-28,Gulu,Northern,2.7768013,32.31325,1099.0,32.8,20.7,0.0,0.0,0.0,60,23,22.6,39600.0,6.58,-6.58,2026-06-14T10:33:43.616192,open-meteo.com
2025-11-29,Gulu,Northern,2.7768013,32.31325,1099.0,32.9,19.5,0.0,0.0,0.0,66,24,21.8,37567.63,5.74,-5.74,2026-06-14T10:33:43.616213,open-meteo.com
2025-11-30,Gulu,Northern,2.7768013,32.31325,1099.0,33.3,20.2,0.0,0.0,0.0,52,22,22.9,36421.21,6.2,-6.2,2026-06-14T10:33:43.616233,open-meteo.com
2025-12-01,Gulu,Northern,2.7768013,32.31325,1099.0,33.5,20.4,0.0,0.0,0.0,43,19,22.5,41016.17,7.34,-7.34,2026-06-14T10:33:43.616253,open-meteo.com
2025-12-02,Gulu,Northern,2.7768013,32.31325,1099.0,33.8,19.5,0.0,0.0,0.0,39,17,22.0,39766.29,6.83,-6.83,2026-06-14T10:33:43.616274,open-meteo.com
2025-12-03,Gulu,Northern,2.7768013,32.31325,1099.0,33.5,20.1,0.0,0.0,0.0,48,17,21.8,39600.0,6.67,-6.67,2026-06-14T10:33:43.616294,open-meteo.com
2025-12-04,Gulu,Northern,2.7768013,32.31325,1099.0,33.5,20.5,0.0,0.0,0.0,54,19,20.7,36594.67,6.4,-6.4,2026-06-14T10:33:43.616315,open-meteo.com
2025-12-05,Gulu,Northern,2.7768013,32.31325,1099.0,33.2,21.2,0.0,0.0,0.0,61,19,20.8,39600.0,5.72,-5.72,2026-06-14T10:33:43.616336,open-meteo.com
2025-12-06,Gulu,Northern,2.7768013,32.31325,1099.0,33.2,18.2,0.0,0.0,0.0,82,19,21.6,37814.3,6.3,-6.3,2026-06-14T10:33:43.616356,open-meteo.com
2025-12-07,Gulu,Northern,2.7768013,32.31325,1099.0,33.0,21.5,0.0,0.0,0.0,55,24,23.1,40462.68,6.94,-6.94,2026-06-14T10:33:43.616376,open-meteo.com
2025-12-08,Gulu,Northern,2.7768013,32.31325,1099.0,34.2,21.1,0.0,0.0,0.0,56,17,21.2,40951.62,7.55,-7.55,2026-06-14T10:33:43.616402,open-meteo.com
2025-12-09,Gulu,Northern,2.7768013,32.31325,1099.0,33.2,20.8,0.0,0.0,0.0,57,21,22.1,36988.73,6.7,-6.7,2026-06-14T10:33:43.616422,open-meteo.com
2025-12-10,Gulu,Northern,2.7768013,32.31325,1099.0,32.2,20.1,0.1,0.1,1.0,73,26,13.9,39600.0,5.47,-5.37,2026-06-14T10:33:43.616443,open-meteo.com
2025-12-11,Gulu,Northern,2.7768013,32.31325,1099.0,31.6,20.0,0.1,0.1,1.0,76,28,14.4,40919.48,5.36,-5.260000000000001,2026-06-14T10:33:43.616463,open-meteo.com
2025-12-12,Gulu,Northern,2.7768013,32.31325,1099.0,31.9,19.4,0.0,0.0,0.0,72,29,12.6,40657.87,5.33,-5.33,2026-06-14T10:33:43.616483,open-meteo.com
2025-12-13,Gulu,Northern,2.7768013,32.31325,1099.0,28.4,18.5,4.8,4.8,4.0,95,43,20.4,36000.0,3.71,1.0899999999999999,2026-06-14T10:33:43.616504,open-meteo.com
2025-12-14,Gulu,Northern,2.7768013,32.31325,1099.0,30.6,18.0,2.3,2.3,4.0,86,38,16.6,40132.71,4.93,-2.63,2026-06-14T10:33:43.616524,open-meteo.com
2025-12-15,Gulu,Northern,2.7768013,32.31325,1099.0,31.1,19.4,0.8,0.8,5.0,80,33,16.3,40872.37,4.99,-4.19,2026-06-14T10:33:43.616545,open-meteo.com
2025-12-16,Gulu,Northern,2.7768013,32.31325,1099.0,31.0,19.4,0.5,0.5,3.0,80,34,22.6,41361.16,4.55,-4.05,2026-06-14T10:33:43.616565,open-meteo.com
2025-12-17,Gulu,Northern,2.7768013,32.31325,1099.0,28.4,18.5,0.5,0.5,2.0,91,41,17.1,39877.72,4.34,-3.84,2026-06-14T10:33:43.616585,open-meteo.com
2025-12-18,Gulu,Northern,2.7768013,32.31325,1099.0,29.1,19.0,1.0,1.0,3.0,81,35,12.0,41333.86,4.64,-3.6399999999999997,2026-06-14T10:33:43.616610,open-meteo.com
2025-12-19,Gulu,Northern,2.7768013,32.31325,1099.0,28.3,17.1,1.0,1.0,5.0,92,46,12.7,37878.78,4.33,-3.33,2026-06-14T10:33:43.616630,open-meteo.com
2025-12-20,Gulu,Northern,2.7768013,32.31325,1099.0,29.6,18.4,0.3,0.3,2.0,88,43,11.9,41556.07,4.67,-4.37,2026-06-14T10:33:43.616651,open-meteo.com
2025-12-21,Gulu,Northern,2.7768013,32.31325,1099.0,30.0,19.2,0.1,0.1,1.0,79,40,16.8,41792.33,4.65,-4.550000000000001,2026-06-14T10:33:43.616671,open-meteo.com
2025-12-22,Gulu,Northern,2.7768013,32.31325,1099.0,29.9,18.4,0.2,0.2,2.0,90,35,11.4,41525.83,4.88,-4.68,2026-06-14T10:33:43.616695,open-meteo.com
2025-12-23,Gulu,Northern,2.7768013,32.31325,1099.0,30.5,17.9,0.1,0.1,1.0,96,34,19.5,42012.77,4.94,-4.840000000000001,2026-06-14T10:33:43.616717,open-meteo.com
2025-12-24,Gulu,Northern,2.7768013,32.31325,1099.0,31.0,18.4,0.0,0.0,0.0,89,32,18.7,41494.56,5.32,-5.32,2026-06-14T10:33:43.616737,open-meteo.com
2025-12-25,Gulu,Northern,2.7768013,32.31325,1099.0,31.6,20.3,0.0,0.0,0.0,66,30,13.7,42232.29,5.39,-5.39,2026-06-14T10:33:43.616757,open-meteo.com
2025-12-26,Gulu,Northern,2.7768013,32.31325,1099.0,30.7,18.6,0.0,0.0,0.0,84,33,13.7,41713.86,4.9,-4.9,2026-06-14T10:33:43.616778,open-meteo.com
2025-12-27,Gulu,Northern,2.7768013,32.31325,1099.0,32.5,20.1,0.0,0.0,0.0,77,25,12.8,42435.24,5.43,-5.43,2026-06-14T10:33:43.616798,open-meteo.com
2025-12-28,Gulu,Northern,2.7768013,32.31325,1099.0,30.5,21.6,0.2,0.2,2.0,80,27,17.1,28800.0,5.05,-4.85,2026-06-14T10:33:43.616824,open-meteo.com
2025-12-29,Gulu,Northern,2.7768013,32.31325,1099.0,26.9,19.6,0.3,0.3,3.0,85,45,15.4,31979.17,3.65,-3.35,2026-06-14T10:33:43.616844,open-meteo.com
2025-12-30,Gulu,Northern,2.7768013,32.31325,1099.0,28.3,18.5,0.1,0.1,1.0,99,36,14.1,39303.16,4.16,-4.0600000000000005,2026-06-14T10:33:43.616865,open-meteo.com
2025-12-31,Gulu,Northern,2.7768013,32.31325,1099.0,29.9,18.0,0.5,0.5,4.0,89,29,11.5,39253.71,4.45,-3.95,2026-06-14T10:33:43.616908,open-meteo.com
2026-01-01,Gulu,Northern,2.7768013,32.31325,1099.0,30.8,18.7,0.1,0.1,1.0,70,26,17.5,38268.41,5.49,-5.390000000000001,2026-06-14T10:33:43.616930,open-meteo.com
2026-01-02,Gulu,Northern,2.7768013,32.31325,1099.0,33.4,19.4,0.0,0.0,0.0,62,22,20.1,40099.39,6.18,-6.18,2026-06-14T10:33:43.616951,open-meteo.com
2026-01-03,Gulu,Northern,2.7768013,32.31325,1099.0,32.2,19.2,0.0,0.0,0.0,66,23,17.6,42636.02,5.32,-5.32,2026-06-14T10:33:43.616971,open-meteo.com
2026-01-04,Gulu,Northern,2.7768013,32.31325,1099.0,32.8,20.2,0.0,0.0,0.0,58,19,14.7,42654.02,6.06,-6.06,2026-06-14T10:33:43.616992,open-meteo.com
2026-01-05,Gulu,Northern,2.7768013,32.31325,1099.0,32.8,20.1,0.0,0.0,0.0,55,20,13.0,42657.0,5.63,-5.63,2026-06-14T10:33:43.617012,open-meteo.com
2026-01-06,Gulu,Northern,2.7768013,32.31325,1099.0,32.8,19.2,0.4,0.4,1.0,95,21,17.0,42660.18,4.88,-4.4799999999999995,2026-06-14T10:33:43.617032,open-meteo.com
2026-01-07,Gulu,Northern,2.7768013,32.31325,1099.0,33.7,19.0,0.0,0.0,0.0,41,16,17.3,42663.55,6.65,-6.65,2026-06-14T10:33:43.617059,open-meteo.com
2026-01-08,Gulu,Northern,2.7768013,32.31325,1099.0,34.2,19.8,0.0,0.0,0.0,33,15,23.0,42667.09,7.25,-7.25,2026-06-14T10:33:43.617080,open-meteo.com
2026-01-09,Gulu,Northern,2.7768013,32.31325,1099.0,34.2,19.0,0.0,0.0,0.0,33,12,17.3,42670.8,6.38,-6.38,2026-06-14T10:33:43.617100,open-meteo.com
2026-01-10,Gulu,Northern,2.7768013,32.31325,1099.0,33.8,19.1,0.0,0.0,0.0,51,17,16.3,39426.31,5.98,-5.98,2026-06-14T10:33:43.617121,open-meteo.com
2026-01-11,Gulu,Northern,2.7768013,32.31325,1099.0,32.5,20.2,0.1,0.1,1.0,65,23,13.0,39424.7,5.49,-5.390000000000001,2026-06-14T10:33:43.617141,open-meteo.com
2026-01-12,Gulu,Northern,2.7768013,32.31325,1099.0,33.0,19.9,0.0,0.0,0.0,72,20,14.4,42682.87,5.64,-5.64,2026-06-14T10:33:43.617161,open-meteo.com
2026-01-13,Gulu,Northern,2.7768013,32.31325,1099.0,33.9,19.6,0.0,0.0,0.0,78,16,17.5,42687.19,6.58,-6.58,2026-06-14T10:33:43.617182,open-meteo.com
2026-01-14,Gulu,Northern,2.7768013,32.31325,1099.0,34.3,20.4,0.0,0.0,0.0,43,14,20.2,42691.64,7.75,-7.75,2026-06-14T10:33:43.617202,open-meteo.com
2026-01-15,Gulu,Northern,2.7768013,32.31325,1099.0,33.9,19.5,0.0,0.0,0.0,37,13,24.3,42696.21,8.13,-8.13,2026-06-14T10:33:43.617223,open-meteo.com
2026-01-16,Gulu,Northern,2.7768013,32.31325,1099.0,33.5,19.6,0.0,0.0,0.0,40,16,15.1,38119.02,5.97,-5.97,2026-06-14T10:33:43.617243,open-meteo.com
2026-01-17,Gulu,Northern,2.7768013,32.31325,1099.0,33.2,21.5,0.0,0.0,0.0,43,20,16.0,42705.72,6.79,-6.79,2026-06-14T10:33:43.617281,open-meteo.com
2026-01-18,Gulu,Northern,2.7768013,32.31325,1099.0,33.4,21.1,0.2,0.2,1.0,44,26,17.3,42710.64,6.36,-6.16,2026-06-14T10:33:43.617303,open-meteo.com
2026-01-19,Gulu,Northern,2.7768013,32.31325,1099.0,33.8,20.5,0.4,0.4,3.0,58,25,19.4,39763.85,6.25,-5.85,2026-06-14T10:33:43.617323,open-meteo.com
2026-01-20,Gulu,Northern,2.7768013,32.31325,1099.0,34.7,19.5,0.0,0.0,0.0,72,19,18.7,42720.77,6.23,-6.23,2026-06-14T10:33:43.617343,open-meteo.com
2026-01-21,Gulu,Northern,2.7768013,32.31325,1099.0,35.4,20.5,0.0,0.0,0.0,47,16,23.5,39753.18,7.61,-7.61,2026-06-14T10:33:43.617363,open-meteo.com
2026-01-22,Gulu,Northern,2.7768013,32.31325,1099.0,35.5,21.8,0.0,0.0,0.0,41,12,27.4,42731.34,9.08,-9.08,2026-06-14T10:33:43.617384,open-meteo.com
2026-01-23,Gulu,Northern,2.7768013,32.31325,1099.0,35.0,19.5,0.0,0.0,0.0,42,12,19.8,41129.03,7.21,-7.21,2026-06-14T10:33:43.617404,open-meteo.com
2026-01-24,Gulu,Northern,2.7768013,32.31325,1099.0,36.3,21.2,0.0,0.0,0.0,37,10,15.4,41476.72,7.03,-7.03,2026-06-14T10:33:43.617425,open-meteo.com
2026-01-25,Gulu,Northern,2.7768013,32.31325,1099.0,36.3,22.5,0.0,0.0,0.0,32,10,13.7,42056.93,6.88,-6.88,2026-06-14T10:33:43.617445,open-meteo.com
2026-01-26,Gulu,Northern,2.7768013,32.31325,1099.0,34.5,20.4,0.0,0.0,0.0,58,21,14.0,42755.04,6.07,-6.07,2026-06-14T10:33:43.617466,open-meteo.com
2026-01-27,Gulu,Northern,2.7768013,32.31325,1099.0,33.7,22.3,2.3,2.3,4.0,52,25,18.0,42397.13,5.69,-3.3900000000000006,2026-06-14T10:33:43.617492,open-meteo.com
2026-01-28,Gulu,Northern,2.7768013,32.31325,1099.0,30.8,18.1,6.9,6.9,5.0,89,36,20.4,41365.19,4.62,2.2800000000000002,2026-06-14T10:33:43.617513,open-meteo.com
2026-01-29,Gulu,Northern,2.7768013,32.31325,1099.0,32.0,19.2,0.0,0.0,0.0,91,31,13.6,42760.59,5.41,-5.41,2026-06-14T10:33:43.617533,open-meteo.com
2026-01-30,Gulu,Northern,2.7768013,32.31325,1099.0,32.2,19.9,0.0,0.0,0.0,93,27,14.1,42754.17,5.37,-5.37,2026-06-14T10:33:43.617554,open-meteo.com
2026-01-31,Gulu,Northern,2.7768013,32.31325,1099.0,32.4,20.9,0.0,0.0,0.0,56,26,16.3,42748.55,6.01,-6.01,2026-06-14T10:33:43.617574,open-meteo.com
2026-02-01,Gulu,Northern,2.7768013,32.31325,1099.0,30.9,19.6,0.1,0.1,1.0,95,31,14.4,37156.76,4.96,-4.86,2026-06-14T10:33:43.617594,open-meteo.com
2026-02-02,Gulu,Northern,2.7768013,32.31325,1099.0,32.6,19.1,0.0,0.0,0.0,75,25,13.0,39004.63,5.33,-5.33,2026-06-14T10:33:43.617616,open-meteo.com
2026-02-03,Gulu,Northern,2.7768013,32.31325,1099.0,32.5,19.0,0.1,0.1,1.0,80,25,13.1,42736.41,5.85,-5.75,2026-06-14T10:33:43.617636,open-meteo.com
2026-02-04,Gulu,Northern,2.7768013,32.31325,1099.0,34.0,20.0,0.0,0.0,0.0,62,22,14.9,42733.93,6.24,-6.24,2026-06-14T10:33:43.617657,open-meteo.com
2026-02-05,Gulu,Northern,2.7768013,32.31325,1099.0,34.0,22.5,0.1,0.1,1.0,48,20,14.5,42732.23,5.99,-5.890000000000001,2026-06-14T10:33:43.617677,open-meteo.com
2026-02-06,Gulu,Northern,2.7768013,32.31325,1099.0,33.2,20.7,0.0,0.0,0.0,63,25,15.9,42731.29,5.88,-5.88,2026-06-14T10:33:43.617703,open-meteo.com
2026-02-07,Gulu,Northern,2.7768013,32.31325,1099.0,32.0,21.4,1.3,1.3,6.0,67,28,13.0,41624.44,5.45,-4.15,2026-06-14T10:33:43.617724,open-meteo.com
2026-02-08,Gulu,Northern,2.7768013,32.31325,1099.0,30.4,19.5,5.7,5.7,1.0,88,38,15.2,35605.15,4.51,1.1900000000000004,2026-06-14T10:33:43.617744,open-meteo.com
2026-02-09,Gulu,Northern,2.7768013,32.31325,1099.0,30.6,19.7,4.4,4.4,4.0,92,37,18.6,37486.09,4.61,-0.20999999999999996,2026-06-14T10:33:43.617765,open-meteo.com
2026-02-10,Gulu,Northern,2.7768013,32.31325,1099.0,29.5,17.5,3.9,3.9,4.0,99,40,14.4,42735.28,4.82,-0.9200000000000004,2026-06-14T10:33:43.617785,open-meteo.com
2026-02-11,Gulu,Northern,2.7768013,32.31325,1099.0,32.7,18.8,0.0,0.0,0.0,90,22,15.5,42738.19,5.35,-5.35,2026-06-14T10:33:43.617810,open-meteo.com
2026-02-12,Gulu,Northern,2.7768013,32.31325,1099.0,33.0,19.3,0.0,0.0,0.0,89,24,13.3,42742.05,5.62,-5.62,2026-06-14T10:33:43.617831,open-meteo.com
2026-02-13,Gulu,Northern,2.7768013,32.31325,1099.0,32.6,20.5,0.0,0.0,0.0,68,25,12.4,39299.97,5.77,-5.77,2026-06-14T10:33:43.617853,open-meteo.com
2026-02-14,Gulu,Northern,2.7768013,32.31325,1099.0,29.8,19.8,4.7,4.7,6.0,89,36,16.0,37391.55,4.49,0.20999999999999996,2026-06-14T10:33:43.617873,open-meteo.com
2026-02-15,Gulu,Northern,2.7768013,32.31325,1099.0,29.9,18.8,12.7,12.7,5.0,90,37,14.5,37495.95,4.27,8.43,2026-06-14T10:33:43.617917,open-meteo.com
2026-02-16,Gulu,Northern,2.7768013,32.31325,1099.0,32.3,19.1,1.1,1.1,2.0,92,28,14.9,35550.09,4.68,-3.5799999999999996,2026-06-14T10:33:43.617947,open-meteo.com
2026-02-17,Gulu,Northern,2.7768013,32.31325,1099.0,31.2,19.9,0.0,0.0,0.0,82,36,13.1,38479.05,4.35,-4.35,2026-06-14T10:33:43.617968,open-meteo.com
2026-02-18,Gulu,Northern,2.7768013,32.31325,1099.0,31.2,19.4,3.0,3.0,6.0,90,36,16.1,40327.15,4.54,-1.54,2026-06-14T10:33:43.617988,open-meteo.com
2026-02-19,Gulu,Northern,2.7768013,32.31325,1099.0,28.5,17.7,1.4,1.4,7.0,99,42,19.5,42795.31,4.49,-3.0900000000000003,2026-06-14T10:33:43.618015,open-meteo.com
2026-02-20,Gulu,Northern,2.7768013,32.31325,1099.0,30.6,19.0,0.0,0.0,0.0,88,40,13.0,36789.07,4.82,-4.82,2026-06-14T10:33:43.618035,open-meteo.com
2026-02-21,Gulu,Northern,2.7768013,32.31325,1099.0,28.9,19.1,4.2,4.2,6.0,95,48,17.3,29810.33,3.6,0.6000000000000001,2026-06-14T10:33:43.618057,open-meteo.com
2026-02-22,Gulu,Northern,2.7768013,32.31325,1099.0,28.9,19.0,9.8,9.8,6.0,91,36,19.7,21358.65,3.31,6.49,2026-06-14T10:33:43.618077,open-meteo.com
2026-02-23,Gulu,Northern,2.7768013,32.31325,1099.0,30.2,18.4,0.2,0.2,1.0,94,30,13.5,39328.86,4.57,-4.37,2026-06-14T10:33:43.618098,open-meteo.com
2026-02-24,Gulu,Northern,2.7768013,32.31325,1099.0,30.8,18.5,0.0,0.0,0.0,90,22,12.4,42855.45,5.84,-5.84,2026-06-14T10:33:43.618118,open-meteo.com
2026-02-25,Gulu,Northern,2.7768013,32.31325,1099.0,31.5,17.8,0.0,0.0,0.0,42,21,13.0,42869.1,6.64,-6.64,2026-06-14T10:33:43.618139,open-meteo.com
2026-02-26,Gulu,Northern,2.7768013,32.31325,1099.0,33.3,18.6,0.0,0.0,0.0,50,19,13.5,42883.2,6.58,-6.58,2026-06-14T10:33:43.618165,open-meteo.com
2026-02-27,Gulu,Northern,2.7768013,32.31325,1099.0,29.5,20.1,8.1,8.1,5.0,83,37,18.5,35844.25,4.1,4.0,2026-06-14T10:33:43.618187,open-meteo.com
2026-02-28,Gulu,Northern,2.7768013,32.31325,1099.0,30.6,20.3,0.0,0.0,0.0,74,28,13.4,31687.14,4.45,-4.45,2026-06-14T10:33:43.618212,open-meteo.com
2026-03-01,Gulu,Northern,2.7768013,32.31325,1099.0,28.5,20.6,0.9,0.9,4.0,93,42,12.5,20266.29,3.4,-2.5,2026-06-14T10:33:43.618234,open-meteo.com
2026-03-02,Gulu,Northern,2.7768013,32.31325,1099.0,28.1,19.1,18.2,18.2,12.0,96,49,13.8,36000.0,3.57,14.629999999999999,2026-06-14T10:33:43.618254,open-meteo.com
2026-03-03,Gulu,Northern,2.7768013,32.31325,1099.0,28.8,18.5,6.8,6.8,7.0,98,46,13.5,26428.08,3.71,3.09,2026-06-14T10:33:43.618275,open-meteo.com
2026-03-04,Gulu,Northern,2.7768013,32.31325,1099.0,29.6,19.2,3.9,3.9,8.0,92,37,14.2,40257.37,4.96,-1.06,2026-06-14T10:33:43.618295,open-meteo.com
2026-03-05,Gulu,Northern,2.7768013,32.31325,1099.0,29.8,18.1,2.5,2.5,3.0,97,22,14.5,37667.62,5.23,-2.7300000000000004,2026-06-14T10:33:43.618315,open-meteo.com
2026-03-06,Gulu,Northern,2.7768013,32.31325,1099.0,27.0,19.4,0.1,0.1,1.0,76,39,10.4,18830.69,3.69,-3.59,2026-06-14T10:33:43.618335,open-meteo.com
2026-03-07,Gulu,Northern,2.7768013,32.31325,1099.0,30.4,19.4,0.4,0.4,4.0,75,33,13.2,39600.0,5.44,-5.04,2026-06-14T10:33:43.618356,open-meteo.com
2026-03-08,Gulu,Northern,2.7768013,32.31325,1099.0,31.4,21.0,0.7,0.7,6.0,71,33,16.3,40192.1,5.91,-5.21,2026-06-14T10:33:43.618381,open-meteo.com
2026-03-09,Gulu,Northern,2.7768013,32.31325,1099.0,32.0,21.5,0.6,0.6,3.0,65,35,20.3,43067.29,6.44,-5.840000000000001,2026-06-14T10:33:43.618402,open-meteo.com
2026-03-10,Gulu,Northern,2.7768013,32.31325,1099.0,30.0,18.6,11.5,11.5,11.0,99,39,17.6,34663.45,4.21,7.29,2026-06-14T10:33:43.618423,open-meteo.com
2026-03-11,Gulu,Northern,2.7768013,32.31325,1099.0,31.4,19.4,0.2,0.2,2.0,92,37,13.5,40158.04,4.83,-4.63,2026-06-14T10:33:43.618443,open-meteo.com
2026-03-12,Gulu,Northern,2.7768013,32.31325,1099.0,31.2,19.5,0.1,0.1,1.0,92,35,13.0,43117.0,5.14,-5.04,2026-06-14T10:33:43.618463,open-meteo.com
2026-03-13,Gulu,Northern,2.7768013,32.31325,1099.0,30.4,19.8,2.7,2.7,6.0,88,38,14.4,39484.34,4.08,-1.38,2026-06-14T10:33:43.618484,open-meteo.com
2026-03-14,Gulu,Northern,2.7768013,32.31325,1099.0,32.2,20.2,2.9,2.9,4.0,91,35,11.0,37841.09,4.41,-1.5100000000000002,2026-06-14T10:33:43.618504,open-meteo.com
2026-03-15,Gulu,Northern,2.7768013,32.31325,1099.0,31.8,19.1,2.4,2.4,2.0,97,38,16.1,38573.84,4.55,-2.15,2026-06-14T10:33:43.618524,open-meteo.com
2026-03-16,Gulu,Northern,2.7768013,32.31325,1099.0,33.2,19.8,0.0,0.0,0.0,89,26,19.0,43137.51,5.76,-5.76,2026-06-14T10:33:43.618545,open-meteo.com
2026-03-17,Gulu,Northern,2.7768013,32.31325,1099.0,32.5,19.7,0.0,0.0,0.0,85,27,17.4,43124.66,6.27,-6.27,2026-06-14T10:33:43.618565,open-meteo.com
2026-03-18,Gulu,Northern,2.7768013,32.31325,1099.0,28.5,19.2,7.6,7.6,15.0,97,47,15.2,37926.03,3.73,3.8699999999999997,2026-06-14T10:33:43.618591,open-meteo.com
2026-03-19,Gulu,Northern,2.7768013,32.31325,1099.0,29.0,19.1,10.4,10.4,12.0,99,49,11.8,36396.58,3.8,6.6000000000000005,2026-06-14T10:33:43.618612,open-meteo.com
2026-03-20,Gulu,Northern,2.7768013,32.31325,1099.0,28.2,19.8,6.4,6.4,7.0,91,48,19.0,36070.85,4.14,2.2600000000000007,2026-06-14T10:33:43.618632,open-meteo.com
2026-03-21,Gulu,Northern,2.7768013,32.31325,1099.0,29.9,18.7,2.4,2.4,12.0,97,45,19.8,38752.7,4.65,-2.2500000000000004,2026-06-14T10:33:43.618652,open-meteo.com
2026-03-22,Gulu,Northern,2.7768013,32.31325,1099.0,26.5,18.5,5.5,5.5,10.0,100,57,10.5,36377.71,3.46,2.04,2026-06-14T10:33:43.618672,open-meteo.com
2026-03-23,Gulu,Northern,2.7768013,32.31325,1099.0,31.0,19.8,4.2,4.2,4.0,95,39,15.3,34632.5,4.77,-0.5699999999999994,2026-06-14T10:33:43.618692,open-meteo.com
2026-03-24,Gulu,Northern,2.7768013,32.31325,1099.0,26.3,19.2,10.6,10.6,11.0,98,61,13.4,35106.51,3.31,7.289999999999999,2026-06-14T10:33:43.618713,open-meteo.com
2026-03-25,Gulu,Northern,2.7768013,32.31325,1099.0,26.5,18.4,19.5,19.5,16.0,98,61,15.4,23465.33,3.04,16.46,2026-06-14T10:33:43.618733,open-meteo.com
2026-03-26,Gulu,Northern,2.7768013,32.31325,1099.0,28.2,18.1,1.0,1.0,4.0,100,50,8.8,35329.87,3.82,-2.82,2026-06-14T10:33:43.618753,open-meteo.com
2026-03-27,Gulu,Northern,2.7768013,32.31325,1099.0,27.8,18.1,11.2,11.2,11.0,97,50,18.4,39060.8,4.3,6.8999999999999995,2026-06-14T10:33:43.618773,open-meteo.com
2026-03-28,Gulu,Northern,2.7768013,32.31325,1099.0,28.1,18.6,3.0,3.0,9.0,99,50,12.2,36058.21,3.87,-0.8700000000000001,2026-06-14T10:33:43.618799,open-meteo.com
2026-03-29,Gulu,Northern,2.7768013,32.31325,1099.0,30.0,18.0,0.0,0.0,0.0,90,37,15.3,42969.28,5.53,-5.53,2026-06-14T10:33:43.618820,open-meteo.com
2026-03-30,Gulu,Northern,2.7768013,32.31325,1099.0,31.0,19.9,7.1,7.1,3.0,88,43,18.3,42955.39,5.56,1.54,2026-06-14T10:33:43.618840,open-meteo.com
2026-03-31,Gulu,Northern,2.7768013,32.31325,1099.0,26.2,18.8,6.0,6.0,14.0,96,60,14.7,33724.99,3.63,2.37,2026-06-14T10:33:43.618860,open-meteo.com
2026-04-01,Gulu,Northern,2.7768013,32.31325,1099.0,28.8,18.1,1.8,1.8,1.0,100,51,12.9,32745.17,4.21,-2.41,2026-06-14T10:33:43.618900,open-meteo.com
2026-04-02,Gulu,Northern,2.7768013,32.31325,1099.0,30.2,19.0,0.0,0.0,0.0,90,40,16.0,42913.78,5.62,-5.62,2026-06-14T10:33:43.618926,open-meteo.com
2026-04-03,Gulu,Northern,2.7768013,32.31325,1099.0,30.5,19.4,0.0,0.0,0.0,88,34,14.7,42900.11,5.7,-5.7,2026-06-14T10:33:43.618953,open-meteo.com
2026-04-04,Gulu,Northern,2.7768013,32.31325,1099.0,30.1,20.4,0.5,0.5,5.0,87,40,17.1,42886.61,4.82,-4.32,2026-06-14T10:33:43.618974,open-meteo.com
2026-04-05,Gulu,Northern,2.7768013,32.31325,1099.0,29.0,18.8,4.5,4.5,9.0,98,46,10.5,39600.0,4.55,-0.04999999999999982,2026-06-14T10:33:43.618994,open-meteo.com
2026-04-06,Gulu,Northern,2.7768013,32.31325,1099.0,27.8,16.8,3.8,3.8,10.0,99,53,13.7,39260.39,4.02,-0.21999999999999975,2026-06-14T10:33:43.619015,open-meteo.com
2026-04-07,Gulu,Northern,2.7768013,32.31325,1099.0,28.4,17.5,15.0,15.0,8.0,98,44,11.8,42847.77,4.8,10.2,2026-06-14T10:33:43.619040,open-meteo.com
2026-04-08,Gulu,Northern,2.7768013,32.31325,1099.0,29.3,18.8,0.1,0.1,1.0,84,50,11.8,42835.53,4.98,-4.880000000000001,2026-06-14T10:33:43.619060,open-meteo.com
2026-04-09,Gulu,Northern,2.7768013,32.31325,1099.0,30.4,19.8,2.2,2.2,2.0,93,42,13.8,42823.75,5.45,-3.25,2026-06-14T10:33:43.619080,open-meteo.com
2026-04-10,Gulu,Northern,2.7768013,32.31325,1099.0,30.4,18.8,0.2,0.2,2.0,91,46,16.4,41717.2,5.28,-5.08,2026-06-14T10:33:43.619101,open-meteo.com
2026-04-11,Gulu,Northern,2.7768013,32.31325,1099.0,30.7,18.9,1.8,1.8,4.0,97,39,17.8,42801.73,5.36,-3.5600000000000005,2026-06-14T10:33:43.619121,open-meteo.com
2026-04-12,Gulu,Northern,2.7768013,32.31325,1099.0,30.9,19.9,0.1,0.1,1.0,91,38,15.6,42791.48,5.17,-5.07,2026-06-14T10:33:43.619141,open-meteo.com
2026-04-13,Gulu,Northern,2.7768013,32.31325,1099.0,31.3,18.2,0.0,0.0,0.0,93,32,19.1,42781.35,5.86,-5.86,2026-06-14T10:33:43.619161,open-meteo.com
2026-04-14,Gulu,Northern,2.7768013,32.31325,1099.0,32.5,20.6,0.0,0.0,0.0,77,32,23.7,42771.33,6.47,-6.47,2026-06-14T10:33:43.619182,open-meteo.com
2026-04-15,Gulu,Northern,2.7768013,32.31325,1099.0,32.2,20.2,0.0,0.0,0.0,90,30,17.0,42761.47,5.69,-5.69,2026-06-14T10:33:43.619202,open-meteo.com
2026-04-16,Gulu,Northern,2.7768013,32.31325,1099.0,31.5,19.6,0.6,0.6,4.0,91,34,19.3,42751.79,5.55,-4.95,2026-06-14T10:33:43.619222,open-meteo.com
2026-04-17,Gulu,Northern,2.7768013,32.31325,1099.0,29.4,19.4,9.4,9.4,5.0,93,48,13.2,30166.97,3.93,5.470000000000001,2026-06-14T10:33:43.619248,open-meteo.com
2026-04-18,Gulu,Northern,2.7768013,32.31325,1099.0,30.8,19.9,0.6,0.6,3.0,90,42,17.0,39133.09,5.12,-4.5200000000000005,2026-06-14T10:33:43.619269,open-meteo.com
2026-04-19,Gulu,Northern,2.7768013,32.31325,1099.0,30.0,20.0,2.9,2.9,8.0,93,42,15.0,37069.73,4.33,-1.4300000000000002,2026-06-14T10:33:43.619289,open-meteo.com
2026-04-20,Gulu,Northern,2.7768013,32.31325,1099.0,30.4,19.0,6.4,6.4,3.0,97,45,15.4,42715.5,4.86,1.54,2026-06-14T10:33:43.619310,open-meteo.com
2026-04-21,Gulu,Northern,2.7768013,32.31325,1099.0,30.7,19.9,0.1,0.1,1.0,93,41,17.1,42553.03,5.27,-5.17,2026-06-14T10:33:43.619330,open-meteo.com
2026-04-22,Gulu,Northern,2.7768013,32.31325,1099.0,30.9,19.8,0.4,0.4,3.0,95,43,14.4,40643.2,4.94,-4.54,2026-06-14T10:33:43.619350,open-meteo.com
2026-04-23,Gulu,Northern,2.7768013,32.31325,1099.0,29.2,19.6,1.9,1.9,8.0,96,47,12.2,34534.5,3.69,-1.79,2026-06-14T10:33:43.619370,open-meteo.com
2026-04-24,Gulu,Northern,2.7768013,32.31325,1099.0,29.5,19.1,5.1,5.1,6.0,98,45,10.9,39948.22,4.39,0.71,2026-06-14T10:33:43.619397,open-meteo.com
2026-04-25,Gulu,Northern,2.7768013,32.31325,1099.0,26.6,18.8,7.7,7.7,12.0,99,55,12.1,36555.6,3.92,3.7800000000000002,2026-06-14T10:33:43.619417,open-meteo.com
2026-04-26,Gulu,Northern,2.7768013,32.31325,1099.0,27.5,18.0,19.1,19.1,12.0,99,56,11.0,31959.0,3.54,15.560000000000002,2026-06-14T10:33:43.619438,open-meteo.com
2026-04-27,Gulu,Northern,2.7768013,32.31325,1099.0,27.2,18.6,4.3,4.3,8.0,97,59,12.7,28192.95,3.69,0.6099999999999999,2026-06-14T10:33:43.619463,open-meteo.com
2026-04-28,Gulu,Northern,2.7768013,32.31325,1099.0,26.3,18.0,19.8,19.8,9.0,98,65,12.1,40326.53,3.6,16.2,2026-06-14T10:33:43.619484,open-meteo.com
2026-04-29,Gulu,Northern,2.7768013,32.31325,1099.0,27.6,18.6,6.6,6.6,7.0,99,60,17.5,22916.89,3.37,3.2299999999999995,2026-06-14T10:33:43.619504,open-meteo.com
2026-04-30,Gulu,Northern,2.7768013,32.31325,1099.0,28.5,18.5,9.7,9.7,8.0,96,53,10.9,36000.0,4.48,5.219999999999999,2026-06-14T10:33:43.619525,open-meteo.com
2026-05-01,Gulu,Northern,2.7768013,32.31325,1099.0,27.9,19.1,19.3,19.3,13.0,97,55,14.6,35277.81,4.39,14.91,2026-06-14T10:33:43.619545,open-meteo.com
2026-05-02,Gulu,Northern,2.7768013,32.31325,1099.0,27.0,18.2,3.6,3.6,7.0,98,58,12.4,39563.27,3.71,-0.10999999999999988,2026-06-14T10:33:43.619565,open-meteo.com
2026-05-03,Gulu,Northern,2.7768013,32.31325,1099.0,29.0,19.0,9.9,9.9,3.0,96,50,11.2,39600.0,4.77,5.130000000000001,2026-06-14T10:33:43.619586,open-meteo.com
2026-05-04,Gulu,Northern,2.7768013,32.31325,1099.0,29.4,18.7,0.1,0.1,1.0,93,53,13.2,42643.05,4.97,-4.87,2026-06-14T10:33:43.619606,open-meteo.com
2026-05-05,Gulu,Northern,2.7768013,32.31325,1099.0,25.9,19.7,11.1,11.1,8.0,96,67,16.4,32200.04,3.16,7.9399999999999995,2026-06-14T10:33:43.619626,open-meteo.com
2026-05-06,Gulu,Northern,2.7768013,32.31325,1099.0,28.0,19.9,0.8,0.8,5.0,97,58,12.3,41393.83,4.0,-3.2,2026-06-14T10:33:43.619646,open-meteo.com
2026-05-07,Gulu,Northern,2.7768013,32.31325,1099.0,28.5,19.9,0.4,0.4,3.0,94,56,10.3,42595.82,4.49,-4.09,2026-06-14T10:33:43.619672,open-meteo.com
2026-05-08,Gulu,Northern,2.7768013,32.31325,1099.0,28.0,18.6,3.9,3.9,7.0,99,54,12.1,42641.7,4.35,-0.44999999999999973,2026-06-14T10:33:43.619692,open-meteo.com
2026-05-09,Gulu,Northern,2.7768013,32.31325,1099.0,28.1,18.5,8.6,8.6,12.0,98,52,15.8,41651.95,3.81,4.789999999999999,2026-06-14T10:33:43.619713,open-meteo.com
2026-05-10,Gulu,Northern,2.7768013,32.31325,1099.0,26.6,18.6,2.3,2.3,9.0,98,60,11.0,27303.47,3.24,-0.9400000000000004,2026-06-14T10:33:43.619733,open-meteo.com
2026-05-11,Gulu,Northern,2.7768013,32.31325,1099.0,26.0,19.1,1.1,1.1,3.0,97,61,10.3,15788.14,2.85,-1.75,2026-06-14T10:33:43.619753,open-meteo.com
2026-05-12,Gulu,Northern,2.7768013,32.31325,1099.0,28.0,19.0,6.0,6.0,12.0,99,58,9.7,41958.68,4.61,1.3899999999999997,2026-06-14T10:33:43.619773,open-meteo.com
2026-05-13,Gulu,Northern,2.7768013,32.31325,1099.0,28.8,19.5,15.2,15.2,11.0,95,49,12.4,41751.59,3.96,11.239999999999998,2026-06-14T10:33:43.619793,open-meteo.com
2026-05-14,Gulu,Northern,2.7768013,32.31325,1099.0,27.4,18.8,1.4,1.4,4.0,98,57,13.5,39630.66,4.08,-2.68,2026-06-14T10:33:43.619814,open-meteo.com
2026-05-15,Gulu,Northern,2.7768013,32.31325,1099.0,29.0,18.5,2.2,2.2,6.0,96,54,17.5,42657.42,4.8,-2.5999999999999996,2026-06-14T10:33:43.619834,open-meteo.com
2026-05-16,Gulu,Northern,2.7768013,32.31325,1099.0,27.5,18.5,19.8,19.8,11.0,99,59,11.0,37638.11,4.17,15.63,2026-06-14T10:33:43.619854,open-meteo.com
2026-05-17,Gulu,Northern,2.7768013,32.31325,1099.0,27.6,18.0,19.1,19.1,15.0,99,56,14.1,39018.71,4.17,14.930000000000001,2026-06-14T10:33:43.619889,open-meteo.com
2026-05-18,Gulu,Northern,2.7768013,32.31325,1099.0,27.1,18.2,1.9,1.9,7.0,98,61,10.7,38784.23,3.92,-2.02,2026-06-14T10:33:43.619910,open-meteo.com
2026-05-19,Gulu,Northern,2.7768013,32.31325,1099.0,27.9,19.0,4.5,4.5,9.0,97,58,11.1,40861.55,4.02,0.4800000000000004,2026-06-14T10:33:43.619931,open-meteo.com
2026-05-20,Gulu,Northern,2.7768013,32.31325,1099.0,28.4,19.0,0.7,0.7,5.0,100,53,12.2,38324.42,4.0,-3.3,2026-06-14T10:33:43.619951,open-meteo.com
2026-05-21,Gulu,Northern,2.7768013,32.31325,1099.0,27.5,18.0,5.5,5.5,12.0,97,57,13.8,42687.69,4.37,1.13,2026-06-14T10:33:43.619971,open-meteo.com
2026-05-22,Gulu,Northern,2.7768013,32.31325,1099.0,28.9,19.7,0.2,0.2,2.0,93,51,8.1,42694.21,4.75,-4.55,2026-06-14T10:33:43.619991,open-meteo.com
2026-05-23,Gulu,Northern,2.7768013,32.31325,1099.0,27.9,19.9,0.8,0.8,5.0,90,57,11.2,42701.41,4.23,-3.4300000000000006,2026-06-14T10:33:43.620012,open-meteo.com
2026-05-24,Gulu,Northern,2.7768013,32.31325,1099.0,29.6,19.9,0.4,0.4,4.0,93,46,15.4,42709.27,4.97,-4.569999999999999,2026-06-14T10:33:43.620032,open-meteo.com
2026-05-25,Gulu,Northern,2.7768013,32.31325,1099.0,30.5,20.0,0.0,0.0,0.0,92,42,13.8,42717.75,5.22,-5.22,2026-06-14T10:33:43.620057,open-meteo.com
2026-05-26,Gulu,Northern,2.7768013,32.31325,1099.0,29.7,19.6,0.3,0.3,3.0,95,50,13.9,42726.79,4.98,-4.680000000000001,2026-06-14T10:33:43.620079,open-meteo.com
2026-05-27,Gulu,Northern,2.7768013,32.31325,1099.0,29.8,19.3,0.8,0.8,3.0,91,48,14.8,39980.82,4.66,-3.8600000000000003,2026-06-14T10:33:43.620105,open-meteo.com
2026-05-28,Gulu,Northern,2.7768013,32.31325,1099.0,28.9,19.4,2.5,2.5,7.0,95,50,14.1,42746.38,4.71,-2.21,2026-06-14T10:33:43.620125,open-meteo.com
2026-05-29,Gulu,Northern,2.7768013,32.31325,1099.0,28.7,19.4,1.1,1.1,5.0,86,47,13.7,42756.84,4.88,-3.78,2026-06-14T10:33:43.620145,open-meteo.com
2026-05-30,Gulu,Northern,2.7768013,32.31325,1099.0,29.2,18.5,3.0,3.0,7.0,95,47,15.8,42767.66,4.64,-1.6399999999999997,2026-06-14T10:33:43.620165,open-meteo.com
2026-05-31,Gulu,Northern,2.7768013,32.31325,1099.0,28.5,20.1,0.8,0.8,6.0,84,47,14.1,42778.83,4.9,-4.1000000000000005,2026-06-14T10:33:43.620228,open-meteo.com
2026-06-01,Gulu,Northern,2.7768013,32.31325,1099.0,29.0,19.5,4.2,4.2,13.0,96,46,12.7,42790.27,4.76,-0.5599999999999996,2026-06-14T10:33:43.620249,open-meteo.com
2026-06-02,Gulu,Northern,2.7768013,32.31325,1099.0,29.2,18.8,6.7,6.7,8.0,99,48,13.6,42801.95,4.71,1.9900000000000002,2026-06-14T10:33:43.620269,open-meteo.com
2026-06-03,Gulu,Northern,2.7768013,32.31325,1099.0,28.2,19.0,2.7,2.7,11.0,98,52,12.3,42813.82,4.58,-1.88,2026-06-14T10:33:43.620289,open-meteo.com
2026-06-04,Gulu,Northern,2.7768013,32.31325,1099.0,29.2,19.5,2.1,2.1,5.0,94,51,11.6,42825.83,4.68,-2.5799999999999996,2026-06-14T10:33:43.620310,open-meteo.com
2026-06-05,Gulu,Northern,2.7768013,32.31325,1099.0,28.9,19.1,2.6,2.6,10.0,96,52,13.5,41181.73,4.05,-1.4499999999999997,2026-06-14T10:33:43.620330,open-meteo.com
2026-06-06,Gulu,Northern,2.7768013,32.31325,1099.0,29.5,19.5,0.7,0.7,5.0,94,41,14.7,42850.07,4.59,-3.8899999999999997,2026-06-14T10:33:43.620355,open-meteo.com
2026-06-07,Gulu,Northern,2.7768013,32.31325,1099.0,31.2,19.9,0.1,0.1,1.0,95,33,12.6,42862.22,5.13,-5.03,2026-06-14T10:33:43.620376,open-meteo.com
2026-06-08,Gulu,Northern,2.7768013,32.31325,1099.0,31.1,20.4,0.5,0.5,3.0,87,39,13.5,42874.32,5.14,-4.64,2026-06-14T10:33:43.620396,open-meteo.com
2026-06-09,Gulu,Northern,2.7768013,32.31325,1099.0,32.7,20.4,0.2,0.2,2.0,87,27,15.9,42707.72,5.68,-5.4799999999999995,2026-06-14T10:33:43.620416,open-meteo.com
2026-06-10,Gulu,Northern,2.7768013,32.31325,1099.0,32.2,21.1,0.7,0.7,5.0,83,33,17.3,42898.17,5.34,-4.64,2026-06-14T10:33:43.620436,open-meteo.com
2026-06-11,Gulu,Northern,2.7768013,32.31325,1099.0,32.7,20.3,0.0,0.0,0.0,83,25,17.5,42910.0,5.94,-5.94,2026-06-14T10:33:43.620457,open-meteo.com
2026-06-12,Gulu,Northern,2.7768013,32.31325,1099.0,32.0,20.3,0.0,0.0,0.0,70,29,15.7,42922.29,6.3,-6.3,2026-06-14T10:33:43.620477,open-meteo.com
2026-06-13,Gulu,Northern,2.7768013,32.31325,1099.0,29.6,20.6,2.1,2.1,7.0,83,47,14.2,42935.02,5.07,-2.97,2026-06-14T10:33:43.620497,open-meteo.com
2026-06-14,Gulu,Northern,2.7768013,32.31325,1099.0,30.5,19.5,0.7,0.7,7.0,86,39,14.8,42948.11,5.25,-4.55,2026-06-14T10:33:43.620517,open-meteo.com
2025-06-14,Mbarara,Western,-0.59753954,30.68182,1446.0,29.4,16.3,0.0,0.0,0.0,75,28,20.0,41773.82,5.07,-5.07,2026-06-14T10:33:59.693165,open-meteo.com
2025-06-15,Mbarara,Western,-0.59753954,30.68182,1446.0,28.8,16.8,0.0,0.0,0.0,69,29,20.9,43009.98,5.24,-5.24,2026-06-14T10:33:59.693200,open-meteo.com
2025-06-16,Mbarara,Western,-0.59753954,30.68182,1446.0,29.2,16.2,0.0,0.0,0.0,68,25,21.8,43021.46,5.35,-5.35,2026-06-14T10:33:59.693222,open-meteo.com
2025-06-17,Mbarara,Western,-0.59753954,30.68182,1446.0,28.6,15.8,0.4,0.4,3.0,71,30,15.6,41650.19,4.72,-4.319999999999999,2026-06-14T10:33:59.693246,open-meteo.com
2025-06-18,Mbarara,Western,-0.59753954,30.68182,1446.0,26.0,18.4,0.0,0.0,0.0,76,40,9.6,14923.41,2.82,-2.82,2026-06-14T10:33:59.693290,open-meteo.com
2025-06-19,Mbarara,Western,-0.59753954,30.68182,1446.0,27.6,17.2,12.3,12.3,8.0,98,38,10.4,23025.83,2.91,9.39,2026-06-14T10:33:59.693321,open-meteo.com
2025-06-20,Mbarara,Western,-0.59753954,30.68182,1446.0,26.7,16.4,8.5,8.5,6.0,99,44,10.2,31083.86,3.43,5.07,2026-06-14T10:33:59.693341,open-meteo.com
2025-06-21,Mbarara,Western,-0.59753954,30.68182,1446.0,27.4,14.4,0.3,0.3,3.0,100,39,12.0,42628.07,4.22,-3.92,2026-06-14T10:33:59.693361,open-meteo.com
2025-06-22,Mbarara,Western,-0.59753954,30.68182,1446.0,27.8,15.1,0.9,0.9,6.0,100,38,11.0,41699.29,4.01,-3.11,2026-06-14T10:33:59.693380,open-meteo.com
2025-06-23,Mbarara,Western,-0.59753954,30.68182,1446.0,26.9,15.8,2.0,2.0,6.0,96,43,16.9,41726.36,3.69,-1.69,2026-06-14T10:33:59.693399,open-meteo.com
2025-06-24,Mbarara,Western,-0.59753954,30.68182,1446.0,26.5,15.4,0.5,0.5,3.0,98,44,23.1,39064.19,3.55,-3.05,2026-06-14T10:33:59.693418,open-meteo.com
2025-06-25,Mbarara,Western,-0.59753954,30.68182,1446.0,28.0,14.6,0.0,0.0,0.0,100,37,14.9,41032.32,4.74,-4.74,2026-06-14T10:33:59.693437,open-meteo.com
2025-06-26,Mbarara,Western,-0.59753954,30.68182,1446.0,29.3,13.6,0.0,0.0,0.0,96,29,15.4,43082.4,5.16,-5.16,2026-06-14T10:33:59.693456,open-meteo.com
2025-06-27,Mbarara,Western,-0.59753954,30.68182,1446.0,30.5,14.6,0.0,0.0,0.0,91,30,13.6,43082.54,4.97,-4.97,2026-06-14T10:33:59.693476,open-meteo.com
2025-06-28,Mbarara,Western,-0.59753954,30.68182,1446.0,30.4,15.9,0.0,0.0,0.0,96,27,15.9,43082.71,4.7,-4.7,2026-06-14T10:33:59.693496,open-meteo.com
2025-06-29,Mbarara,Western,-0.59753954,30.68182,1446.0,27.2,16.8,0.6,0.6,2.0,91,35,22.0,30305.11,3.92,-3.32,2026-06-14T10:33:59.693520,open-meteo.com
2025-06-30,Mbarara,Western,-0.59753954,30.68182,1446.0,28.8,17.0,0.0,0.0,0.0,80,28,17.7,38803.59,4.64,-4.64,2026-06-14T10:33:59.693539,open-meteo.com
2025-07-01,Mbarara,Western,-0.59753954,30.68182,1446.0,28.2,15.2,1.7,1.7,3.0,87,28,18.0,32667.78,4.26,-2.5599999999999996,2026-06-14T10:33:59.693558,open-meteo.com
2025-07-02,Mbarara,Western,-0.59753954,30.68182,1446.0,28.5,15.1,0.0,0.0,0.0,97,29,18.1,33566.48,4.77,-4.77,2026-06-14T10:33:59.693578,open-meteo.com
2025-07-03,Mbarara,Western,-0.59753954,30.68182,1446.0,29.4,16.6,0.0,0.0,0.0,78,28,18.3,37713.83,4.87,-4.87,2026-06-14T10:33:59.693597,open-meteo.com
2025-07-04,Mbarara,Western,-0.59753954,30.68182,1446.0,29.6,14.9,0.0,0.0,0.0,93,30,17.6,43034.8,4.92,-4.92,2026-06-14T10:33:59.693616,open-meteo.com
2025-07-05,Mbarara,Western,-0.59753954,30.68182,1446.0,29.0,16.8,0.6,0.6,3.0,88,32,19.3,40386.63,4.6,-3.9999999999999996,2026-06-14T10:33:59.693635,open-meteo.com
2025-07-06,Mbarara,Western,-0.59753954,30.68182,1446.0,28.2,16.9,12.4,12.4,9.0,95,37,18.7,42191.06,4.23,8.17,2026-06-14T10:33:59.693654,open-meteo.com
2025-07-07,Mbarara,Western,-0.59753954,30.68182,1446.0,27.1,16.5,0.2,0.2,2.0,98,39,18.5,40132.48,3.59,-3.3899999999999997,2026-06-14T10:33:59.693674,open-meteo.com
2025-07-08,Mbarara,Western,-0.59753954,30.68182,1446.0,27.6,16.6,0.4,0.4,3.0,95,40,14.2,39399.7,4.29,-3.89,2026-06-14T10:33:59.693693,open-meteo.com
2025-07-09,Mbarara,Western,-0.59753954,30.68182,1446.0,26.2,17.1,0.0,0.0,0.0,93,35,19.2,21204.66,3.73,-3.73,2026-06-14T10:33:59.693717,open-meteo.com
2025-07-10,Mbarara,Western,-0.59753954,30.68182,1446.0,23.4,18.0,0.0,0.0,0.0,78,34,16.3,6978.92,2.64,-2.64,2026-06-14T10:33:59.693737,open-meteo.com
2025-07-11,Mbarara,Western,-0.59753954,30.68182,1446.0,27.6,15.4,0.1,0.1,1.0,76,30,21.1,24197.03,3.78,-3.6799999999999997,2026-06-14T10:33:59.693756,open-meteo.com
2025-07-12,Mbarara,Western,-0.59753954,30.68182,1446.0,29.1,15.0,0.1,0.1,1.0,90,29,18.9,36124.86,4.5,-4.4,2026-06-14T10:33:59.693775,open-meteo.com
2025-07-13,Mbarara,Western,-0.59753954,30.68182,1446.0,28.0,15.6,16.3,16.3,9.0,97,37,16.8,39239.11,4.18,12.120000000000001,2026-06-14T10:33:59.693794,open-meteo.com
2025-07-14,Mbarara,Western,-0.59753954,30.68182,1446.0,28.2,16.3,2.2,2.2,5.0,99,35,22.8,37492.74,3.71,-1.5099999999999998,2026-06-14T10:33:59.693813,open-meteo.com
2025-07-15,Mbarara,Western,-0.59753954,30.68182,1446.0,26.6,16.3,10.5,10.5,7.0,97,41,15.6,36333.34,3.41,7.09,2026-06-14T10:33:59.693833,open-meteo.com
2025-07-16,Mbarara,Western,-0.59753954,30.68182,1446.0,27.9,15.8,0.2,0.2,2.0,99,33,11.6,42132.45,4.06,-3.8599999999999994,2026-06-14T10:33:59.693852,open-meteo.com
2025-07-17,Mbarara,Western,-0.59753954,30.68182,1446.0,27.1,16.2,2.0,2.0,6.0,96,39,9.2,37805.83,3.51,-1.5099999999999998,2026-06-14T10:33:59.693871,open-meteo.com
2025-07-18,Mbarara,Western,-0.59753954,30.68182,1446.0,29.5,15.4,0.9,0.9,4.0,95,29,16.8,40711.62,4.44,-3.5400000000000005,2026-06-14T10:33:59.693916,open-meteo.com
2025-07-19,Mbarara,Western,-0.59753954,30.68182,1446.0,27.9,16.1,0.8,0.8,6.0,97,36,14.8,42124.33,4.56,-3.76,2026-06-14T10:33:59.693943,open-meteo.com
2025-07-20,Mbarara,Western,-0.59753954,30.68182,1446.0,28.5,15.2,0.2,0.2,2.0,95,30,21.2,39329.35,4.63,-4.43,2026-06-14T10:33:59.693963,open-meteo.com
2025-07-21,Mbarara,Western,-0.59753954,30.68182,1446.0,28.6,14.9,0.0,0.0,0.0,88,30,18.2,30432.42,4.09,-4.09,2026-06-14T10:33:59.693982,open-meteo.com
2025-07-22,Mbarara,Western,-0.59753954,30.68182,1446.0,28.8,17.1,0.3,0.3,1.0,91,30,18.9,38638.09,4.63,-4.33,2026-06-14T10:33:59.694001,open-meteo.com
2025-07-23,Mbarara,Western,-0.59753954,30.68182,1446.0,28.6,16.5,0.5,0.5,3.0,78,34,17.8,39600.0,4.81,-4.31,2026-06-14T10:33:59.694020,open-meteo.com
2025-07-24,Mbarara,Western,-0.59753954,30.68182,1446.0,29.5,15.9,0.1,0.1,1.0,94,32,15.9,42918.96,4.87,-4.7700000000000005,2026-06-14T10:33:59.694039,open-meteo.com
2025-07-25,Mbarara,Western,-0.59753954,30.68182,1446.0,30.1,16.2,0.0,0.0,0.0,92,25,19.9,39318.87,5.18,-5.18,2026-06-14T10:33:59.694058,open-meteo.com
2025-07-26,Mbarara,Western,-0.59753954,30.68182,1446.0,29.5,15.4,0.0,0.0,0.0,80,24,20.5,37817.37,5.52,-5.52,2026-06-14T10:33:59.694077,open-meteo.com
2025-07-27,Mbarara,Western,-0.59753954,30.68182,1446.0,29.9,14.4,0.0,0.0,0.0,85,20,20.0,42920.94,6.0,-6.0,2026-06-14T10:33:59.694097,open-meteo.com
2025-07-28,Mbarara,Western,-0.59753954,30.68182,1446.0,29.9,14.1,0.0,0.0,0.0,74,23,20.0,42846.28,5.61,-5.61,2026-06-14T10:33:59.694116,open-meteo.com
2025-07-29,Mbarara,Western,-0.59753954,30.68182,1446.0,28.8,15.1,0.0,0.0,0.0,71,24,21.4,42925.62,6.02,-6.02,2026-06-14T10:33:59.694140,open-meteo.com
2025-07-30,Mbarara,Western,-0.59753954,30.68182,1446.0,28.5,16.0,0.0,0.0,0.0,66,24,21.2,42928.89,6.25,-6.25,2026-06-14T10:33:59.694160,open-meteo.com
2025-07-31,Mbarara,Western,-0.59753954,30.68182,1446.0,29.8,14.9,0.0,0.0,0.0,67,22,17.1,42932.78,5.97,-5.97,2026-06-14T10:33:59.694179,open-meteo.com
2025-08-01,Mbarara,Western,-0.59753954,30.68182,1446.0,31.1,15.5,0.0,0.0,0.0,70,21,17.7,42937.26,5.54,-5.54,2026-06-14T10:33:59.694198,open-meteo.com
2025-08-02,Mbarara,Western,-0.59753954,30.68182,1446.0,29.1,15.1,0.0,0.0,0.0,79,25,17.4,35805.9,4.4,-4.4,2026-06-14T10:33:59.694217,open-meteo.com
2025-08-03,Mbarara,Western,-0.59753954,30.68182,1446.0,29.6,15.9,0.0,0.0,0.0,83,23,20.1,41155.59,4.88,-4.88,2026-06-14T10:33:59.694236,open-meteo.com
2025-08-04,Mbarara,Western,-0.59753954,30.68182,1446.0,28.8,14.7,0.0,0.0,0.0,80,20,18.9,41781.16,5.67,-5.67,2026-06-14T10:33:59.694256,open-meteo.com
2025-08-05,Mbarara,Western,-0.59753954,30.68182,1446.0,30.8,14.1,0.0,0.0,0.0,61,18,16.9,35899.43,5.54,-5.54,2026-06-14T10:33:59.694275,open-meteo.com
2025-08-06,Mbarara,Western,-0.59753954,30.68182,1446.0,30.9,15.7,0.0,0.0,0.0,69,20,10.8,39368.34,4.99,-4.99,2026-06-14T10:33:59.694294,open-meteo.com
2025-08-07,Mbarara,Western,-0.59753954,30.68182,1446.0,30.3,17.0,0.4,0.4,2.0,94,29,18.7,33682.91,4.06,-3.6599999999999997,2026-06-14T10:33:59.694314,open-meteo.com
2025-08-08,Mbarara,Western,-0.59753954,30.68182,1446.0,29.5,16.3,4.0,4.0,4.0,93,32,21.1,38236.27,3.6,0.3999999999999999,2026-06-14T10:33:59.694338,open-meteo.com
2025-08-09,Mbarara,Western,-0.59753954,30.68182,1446.0,26.0,15.9,5.4,5.4,6.0,94,48,11.7,18385.46,2.96,2.4400000000000004,2026-06-14T10:33:59.694357,open-meteo.com
2025-08-10,Mbarara,Western,-0.59753954,30.68182,1446.0,27.4,15.8,2.4,2.4,6.0,97,40,15.8,34998.89,4.03,-1.6300000000000003,2026-06-14T10:33:59.694376,open-meteo.com
2025-08-11,Mbarara,Western,-0.59753954,30.68182,1446.0,27.8,16.4,2.7,2.7,7.0,99,37,16.3,33505.12,4.04,-1.3399999999999999,2026-06-14T10:33:59.694395,open-meteo.com
2025-08-12,Mbarara,Western,-0.59753954,30.68182,1446.0,25.5,16.0,6.9,6.9,6.0,99,50,14.4,40272.65,3.93,2.97,2026-06-14T10:33:59.694415,open-meteo.com
2025-08-13,Mbarara,Western,-0.59753954,30.68182,1446.0,27.3,14.8,0.5,0.5,3.0,96,41,14.9,43034.25,4.45,-3.95,2026-06-14T10:33:59.694439,open-meteo.com
2025-08-14,Mbarara,Western,-0.59753954,30.68182,1446.0,27.2,15.1,0.8,0.8,5.0,96,41,18.0,43045.63,4.65,-3.8500000000000005,2026-06-14T10:33:59.694458,open-meteo.com
2025-08-15,Mbarara,Western,-0.59753954,30.68182,1446.0,27.6,16.0,10.5,10.5,9.0,95,40,14.8,31605.96,3.43,7.07,2026-06-14T10:33:59.694477,open-meteo.com
2025-08-16,Mbarara,Western,-0.59753954,30.68182,1446.0,24.5,16.5,7.2,7.2,10.0,96,50,17.0,10037.33,2.08,5.12,2026-06-14T10:33:59.694497,open-meteo.com
2025-08-17,Mbarara,Western,-0.59753954,30.68182,1446.0,26.0,16.2,5.1,5.1,6.0,98,47,12.7,20376.59,2.91,2.1899999999999995,2026-06-14T10:33:59.694516,open-meteo.com
2025-08-18,Mbarara,Western,-0.59753954,30.68182,1446.0,21.9,16.3,19.7,19.7,15.0,97,56,11.5,4006.69,1.48,18.22,2026-06-14T10:33:59.694540,open-meteo.com
2025-08-19,Mbarara,Western,-0.59753954,30.68182,1446.0,26.7,13.9,9.2,9.2,5.0,98,43,9.5,25636.36,3.46,5.739999999999999,2026-06-14T10:33:59.694560,open-meteo.com
2025-08-20,Mbarara,Western,-0.59753954,30.68182,1446.0,26.4,15.4,0.7,0.7,2.0,100,39,14.0,40380.35,4.16,-3.46,2026-06-14T10:33:59.694579,open-meteo.com
2025-08-21,Mbarara,Western,-0.59753954,30.68182,1446.0,26.5,15.1,0.1,0.1,1.0,94,37,12.9,32292.99,3.65,-3.55,2026-06-14T10:33:59.694598,open-meteo.com
2025-08-22,Mbarara,Western,-0.59753954,30.68182,1446.0,27.8,13.4,0.0,0.0,0.0,94,31,15.5,39450.11,4.86,-4.86,2026-06-14T10:33:59.694617,open-meteo.com
2025-08-23,Mbarara,Western,-0.59753954,30.68182,1446.0,27.5,12.7,0.0,0.0,0.0,87,30,19.9,35935.33,4.89,-4.89,2026-06-14T10:33:59.694637,open-meteo.com
2025-08-24,Mbarara,Western,-0.59753954,30.68182,1446.0,26.5,16.8,0.2,0.2,2.0,85,38,18.6,42985.33,4.6,-4.3999999999999995,2026-06-14T10:33:59.694655,open-meteo.com
2025-08-25,Mbarara,Western,-0.59753954,30.68182,1446.0,25.6,15.2,0.0,0.0,0.0,97,45,11.3,21218.0,3.05,-3.05,2026-06-14T10:33:59.694675,open-meteo.com
2025-08-26,Mbarara,Western,-0.59753954,30.68182,1446.0,27.3,15.1,4.6,4.6,3.0,96,38,20.9,41853.36,4.42,0.17999999999999972,2026-06-14T10:33:59.694694,open-meteo.com
2025-08-27,Mbarara,Western,-0.59753954,30.68182,1446.0,26.9,14.2,0.6,0.6,5.0,93,41,12.0,43094.15,4.78,-4.180000000000001,2026-06-14T10:33:59.694713,open-meteo.com
2025-08-28,Mbarara,Western,-0.59753954,30.68182,1446.0,28.6,14.9,0.1,0.1,1.0,95,34,16.7,43077.14,5.21,-5.11,2026-06-14T10:33:59.694737,open-meteo.com
2025-08-29,Mbarara,Western,-0.59753954,30.68182,1446.0,30.0,15.4,0.0,0.0,0.0,95,26,18.2,42304.09,5.8,-5.8,2026-06-14T10:33:59.694756,open-meteo.com
2025-08-30,Mbarara,Western,-0.59753954,30.68182,1446.0,27.7,14.1,0.0,0.0,0.0,93,28,18.9,43042.49,5.69,-5.69,2026-06-14T10:33:59.694776,open-meteo.com
2025-08-31,Mbarara,Western,-0.59753954,30.68182,1446.0,27.4,14.6,0.0,0.0,0.0,75,27,15.9,37626.71,4.83,-4.83,2026-06-14T10:33:59.694796,open-meteo.com
2025-09-01,Mbarara,Western,-0.59753954,30.68182,1446.0,29.5,17.8,0.2,0.2,2.0,70,25,18.0,39765.48,5.61,-5.41,2026-06-14T10:33:59.694814,open-meteo.com
2025-09-02,Mbarara,Western,-0.59753954,30.68182,1446.0,29.5,15.5,0.0,0.0,0.0,77,25,19.0,42989.55,5.09,-5.09,2026-06-14T10:33:59.694834,open-meteo.com
2025-09-03,Mbarara,Western,-0.59753954,30.68182,1446.0,28.4,17.0,0.5,0.5,4.0,81,32,19.2,42971.81,4.97,-4.47,2026-06-14T10:33:59.694853,open-meteo.com
2025-09-04,Mbarara,Western,-0.59753954,30.68182,1446.0,29.6,17.5,0.3,0.3,1.0,85,29,15.9,39643.9,5.59,-5.29,2026-06-14T10:33:59.694872,open-meteo.com
2025-09-05,Mbarara,Western,-0.59753954,30.68182,1446.0,26.8,16.5,1.1,1.1,5.0,94,42,17.3,42935.53,4.55,-3.4499999999999997,2026-06-14T10:33:59.694919,open-meteo.com
2025-09-06,Mbarara,Western,-0.59753954,30.68182,1446.0,28.8,16.6,0.2,0.2,2.0,88,35,13.0,42426.11,4.92,-4.72,2026-06-14T10:33:59.694939,open-meteo.com
2025-09-07,Mbarara,Western,-0.59753954,30.68182,1446.0,29.0,16.4,0.2,0.2,2.0,96,34,17.9,42897.21,5.25,-5.05,2026-06-14T10:33:59.694965,open-meteo.com
2025-09-08,Mbarara,Western,-0.59753954,30.68182,1446.0,27.0,16.5,1.9,1.9,5.0,89,41,17.8,42877.41,4.65,-2.7500000000000004,2026-06-14T10:33:59.694984,open-meteo.com
2025-09-09,Mbarara,Western,-0.59753954,30.68182,1446.0,29.2,15.7,0.1,0.1,1.0,97,32,15.7,42857.26,5.18,-5.08,2026-06-14T10:33:59.695003,open-meteo.com
2025-09-10,Mbarara,Western,-0.59753954,30.68182,1446.0,27.9,16.8,1.8,1.8,6.0,93,38,14.5,41678.23,4.9,-3.1000000000000005,2026-06-14T10:33:59.695023,open-meteo.com
2025-09-11,Mbarara,Western,-0.59753954,30.68182,1446.0,27.8,15.9,5.0,5.0,5.0,95,39,13.0,31626.7,4.04,0.96,2026-06-14T10:33:59.695042,open-meteo.com
2025-09-12,Mbarara,Western,-0.59753954,30.68182,1446.0,27.9,16.4,0.5,0.5,3.0,95,37,13.5,30829.62,3.68,-3.18,2026-06-14T10:33:59.695061,open-meteo.com
2025-09-13,Mbarara,Western,-0.59753954,30.68182,1446.0,27.3,16.1,1.3,1.3,6.0,97,40,11.5,39284.53,4.42,-3.12,2026-06-14T10:33:59.695080,open-meteo.com
2025-09-14,Mbarara,Western,-0.59753954,30.68182,1446.0,28.8,15.7,2.7,2.7,5.0,97,41,11.8,36043.03,4.64,-1.9399999999999995,2026-06-14T10:33:59.695099,open-meteo.com
2025-09-15,Mbarara,Western,-0.59753954,30.68182,1446.0,27.9,15.9,3.9,3.9,4.0,95,44,14.8,26353.05,3.43,0.46999999999999975,2026-06-14T10:33:59.695119,open-meteo.com
2025-09-16,Mbarara,Western,-0.59753954,30.68182,1446.0,27.4,14.4,1.6,1.6,7.0,100,40,14.3,42421.57,4.71,-3.11,2026-06-14T10:33:59.695138,open-meteo.com
2025-09-17,Mbarara,Western,-0.59753954,30.68182,1446.0,27.8,14.9,2.3,2.3,4.0,99,43,12.3,37665.39,4.72,-2.42,2026-06-14T10:33:59.695162,open-meteo.com
2025-09-18,Mbarara,Western,-0.59753954,30.68182,1446.0,27.1,14.4,0.7,0.7,3.0,100,44,18.7,42669.6,4.53,-3.83,2026-06-14T10:33:59.695182,open-meteo.com
2025-09-19,Mbarara,Western,-0.59753954,30.68182,1446.0,28.8,14.9,8.6,8.6,2.0,95,39,20.7,42649.09,4.95,3.6499999999999995,2026-06-14T10:33:59.695201,open-meteo.com
2025-09-20,Mbarara,Western,-0.59753954,30.68182,1446.0,29.6,14.8,0.0,0.0,0.0,96,28,19.5,42628.86,5.99,-5.99,2026-06-14T10:33:59.695220,open-meteo.com
2025-09-21,Mbarara,Western,-0.59753954,30.68182,1446.0,29.0,13.6,0.0,0.0,0.0,77,30,18.6,42608.96,5.49,-5.49,2026-06-14T10:33:59.695239,open-meteo.com
2025-09-22,Mbarara,Western,-0.59753954,30.68182,1446.0,28.4,14.2,0.1,0.1,1.0,89,31,18.8,38989.45,4.58,-4.48,2026-06-14T10:33:59.695258,open-meteo.com
2025-09-23,Mbarara,Western,-0.59753954,30.68182,1446.0,28.3,14.4,1.9,1.9,4.0,91,35,18.2,42570.39,4.93,-3.03,2026-06-14T10:33:59.695277,open-meteo.com
2025-09-24,Mbarara,Western,-0.59753954,30.68182,1446.0,27.0,15.2,1.0,1.0,6.0,97,41,13.9,39590.44,4.69,-3.6900000000000004,2026-06-14T10:33:59.695296,open-meteo.com
2025-09-25,Mbarara,Western,-0.59753954,30.68182,1446.0,29.0,15.9,1.1,1.1,3.0,95,36,13.4,27338.81,4.11,-3.0100000000000002,2026-06-14T10:33:59.695316,open-meteo.com
2025-09-26,Mbarara,Western,-0.59753954,30.68182,1446.0,28.2,16.1,0.3,0.3,1.0,89,35,14.0,42513.75,5.21,-4.91,2026-06-14T10:33:59.695335,open-meteo.com
2025-09-27,Mbarara,Western,-0.59753954,30.68182,1446.0,27.9,15.9,0.2,0.2,2.0,97,43,13.1,42494.64,4.97,-4.77,2026-06-14T10:33:59.695358,open-meteo.com
2025-09-28,Mbarara,Western,-0.59753954,30.68182,1446.0,27.5,16.8,2.1,2.1,5.0,97,44,10.6,32059.57,4.2,-2.1,2026-06-14T10:33:59.695378,open-meteo.com
2025-09-29,Mbarara,Western,-0.59753954,30.68182,1446.0,28.8,15.2,0.0,0.0,0.0,99,39,8.8,42456.38,5.1,-5.1,2026-06-14T10:33:59.695397,open-meteo.com
2025-09-30,Mbarara,Western,-0.59753954,30.68182,1446.0,28.5,16.8,0.3,0.3,2.0,93,40,16.4,38727.3,5.18,-4.88,2026-06-14T10:33:59.695416,open-meteo.com
2025-10-01,Mbarara,Western,-0.59753954,30.68182,1446.0,27.0,16.4,0.5,0.5,5.0,99,41,15.9,39755.23,4.7,-4.2,2026-06-14T10:33:59.695436,open-meteo.com
2025-10-02,Mbarara,Western,-0.59753954,30.68182,1446.0,26.4,16.4,1.6,1.6,5.0,96,50,13.3,41888.05,4.5,-2.9,2026-06-14T10:33:59.695455,open-meteo.com
2025-10-03,Mbarara,Western,-0.59753954,30.68182,1446.0,26.6,16.9,10.6,10.6,6.0,98,48,17.3,28800.0,3.59,7.01,2026-06-14T10:33:59.695478,open-meteo.com
2025-10-04,Mbarara,Western,-0.59753954,30.68182,1446.0,26.5,15.6,3.0,3.0,8.0,100,47,11.4,40064.0,4.88,-1.88,2026-06-14T10:33:59.695498,open-meteo.com
2025-10-05,Mbarara,Western,-0.59753954,30.68182,1446.0,26.2,15.9,4.0,4.0,2.0,98,51,12.7,39600.0,4.06,-0.05999999999999961,2026-06-14T10:33:59.695517,open-meteo.com
2025-10-06,Mbarara,Western,-0.59753954,30.68182,1446.0,25.5,15.9,8.7,8.7,8.0,99,55,12.4,36184.46,4.03,4.669999999999999,2026-06-14T10:33:59.695537,open-meteo.com
2025-10-07,Mbarara,Western,-0.59753954,30.68182,1446.0,25.8,15.4,3.5,3.5,5.0,98,53,14.0,34237.05,3.73,-0.22999999999999998,2026-06-14T10:33:59.695561,open-meteo.com
2025-10-08,Mbarara,Western,-0.59753954,30.68182,1446.0,25.1,14.9,5.9,5.9,7.0,99,47,20.8,38803.77,4.05,1.8500000000000005,2026-06-14T10:33:59.695581,open-meteo.com
2025-10-09,Mbarara,Western,-0.59753954,30.68182,1446.0,24.8,14.9,3.3,3.3,6.0,98,54,14.0,28685.72,3.56,-0.26000000000000023,2026-06-14T10:33:59.695600,open-meteo.com
2025-10-10,Mbarara,Western,-0.59753954,30.68182,1446.0,26.0,14.4,0.9,0.9,5.0,95,45,22.3,42204.59,4.43,-3.53,2026-06-14T10:33:59.695620,open-meteo.com
2025-10-11,Mbarara,Western,-0.59753954,30.68182,1446.0,27.2,15.0,2.1,2.1,4.0,97,43,18.3,42250.4,4.57,-2.47,2026-06-14T10:33:59.695639,open-meteo.com
2025-10-12,Mbarara,Western,-0.59753954,30.68182,1446.0,27.2,14.4,0.2,0.2,2.0,94,39,17.2,42236.93,5.13,-4.93,2026-06-14T10:33:59.695658,open-meteo.com
2025-10-13,Mbarara,Western,-0.59753954,30.68182,1446.0,28.1,15.4,0.8,0.8,6.0,93,39,13.5,42224.3,5.09,-4.29,2026-06-14T10:33:59.695677,open-meteo.com
2025-10-14,Mbarara,Western,-0.59753954,30.68182,1446.0,25.4,15.9,4.0,4.0,4.0,88,44,14.1,36651.35,3.8,0.20000000000000018,2026-06-14T10:33:59.695696,open-meteo.com
2025-10-15,Mbarara,Western,-0.59753954,30.68182,1446.0,26.6,15.0,1.5,1.5,4.0,92,47,12.5,42020.74,4.48,-2.9800000000000004,2026-06-14T10:33:59.695715,open-meteo.com
2025-10-16,Mbarara,Western,-0.59753954,30.68182,1446.0,25.8,15.6,2.9,2.9,4.0,98,50,13.7,36820.61,4.06,-1.1599999999999997,2026-06-14T10:33:59.695734,open-meteo.com
2025-10-17,Mbarara,Western,-0.59753954,30.68182,1446.0,25.6,15.4,0.6,0.6,5.0,97,51,16.0,42178.91,4.22,-3.6199999999999997,2026-06-14T10:33:59.695758,open-meteo.com
2025-10-18,Mbarara,Western,-0.59753954,30.68182,1446.0,25.0,15.4,25.6,25.6,7.0,97,54,11.1,36897.93,3.5,22.1,2026-06-14T10:33:59.695778,open-meteo.com
2025-10-19,Mbarara,Western,-0.59753954,30.68182,1446.0,27.5,14.2,1.6,1.6,5.0,93,38,17.3,41823.76,4.94,-3.3400000000000003,2026-06-14T10:33:59.695797,open-meteo.com
2025-10-20,Mbarara,Western,-0.59753954,30.68182,1446.0,27.5,16.1,3.1,3.1,2.0,95,40,14.6,42149.16,4.51,-1.4099999999999997,2026-06-14T10:33:59.695816,open-meteo.com
2025-10-21,Mbarara,Western,-0.59753954,30.68182,1446.0,27.5,15.6,4.3,4.3,6.0,100,43,13.3,38110.41,4.14,0.16000000000000014,2026-06-14T10:33:59.695836,open-meteo.com
2025-10-22,Mbarara,Western,-0.59753954,30.68182,1446.0,25.5,15.9,6.6,6.6,10.0,99,50,12.8,36444.11,3.41,3.1899999999999995,2026-06-14T10:33:59.695859,open-meteo.com
2025-10-23,Mbarara,Western,-0.59753954,30.68182,1446.0,26.1,15.6,0.1,0.1,1.0,100,48,13.7,35780.48,4.33,-4.23,2026-06-14T10:33:59.695889,open-meteo.com
2025-10-24,Mbarara,Western,-0.59753954,30.68182,1446.0,27.8,15.4,2.0,2.0,4.0,98,42,13.5,36666.52,4.3,-2.3,2026-06-14T10:33:59.695909,open-meteo.com
2025-10-25,Mbarara,Western,-0.59753954,30.68182,1446.0,25.7,16.9,6.9,6.9,11.0,97,52,15.5,28148.86,3.31,3.5900000000000003,2026-06-14T10:33:59.695928,open-meteo.com
2025-10-26,Mbarara,Western,-0.59753954,30.68182,1446.0,27.0,17.1,2.4,2.4,3.0,95,48,8.5,38985.15,4.45,-2.0500000000000003,2026-06-14T10:33:59.695947,open-meteo.com
2025-10-27,Mbarara,Western,-0.59753954,30.68182,1446.0,28.6,15.1,0.4,0.4,3.0,98,39,13.2,41887.98,5.27,-4.869999999999999,2026-06-14T10:33:59.695978,open-meteo.com
2025-10-28,Mbarara,Western,-0.59753954,30.68182,1446.0,28.2,15.7,1.2,1.2,7.0,96,45,16.2,37506.55,4.15,-2.95,2026-06-14T10:33:59.695997,open-meteo.com
2025-10-29,Mbarara,Western,-0.59753954,30.68182,1446.0,25.1,16.5,2.1,2.1,7.0,97,57,13.6,33482.89,3.17,-1.0699999999999998,2026-06-14T10:33:59.696016,open-meteo.com
2025-10-30,Mbarara,Western,-0.59753954,30.68182,1446.0,23.4,16.2,0.6,0.6,5.0,96,68,10.2,24876.41,2.86,-2.26,2026-06-14T10:33:59.696035,open-meteo.com
2025-10-31,Mbarara,Western,-0.59753954,30.68182,1446.0,24.5,17.0,5.6,5.6,9.0,97,61,14.4,35461.96,3.19,2.4099999999999997,2026-06-14T10:33:59.696054,open-meteo.com
2025-11-01,Mbarara,Western,-0.59753954,30.68182,1446.0,24.6,16.5,2.1,2.1,6.0,97,59,14.0,32437.22,3.57,-1.4699999999999998,2026-06-14T10:33:59.696073,open-meteo.com
2025-11-02,Mbarara,Western,-0.59753954,30.68182,1446.0,26.2,16.8,4.0,4.0,6.0,98,51,19.7,37134.36,4.28,-0.28000000000000025,2026-06-14T10:33:59.696093,open-meteo.com
2025-11-03,Mbarara,Western,-0.59753954,30.68182,1446.0,25.2,15.2,6.0,6.0,7.0,99,50,18.4,37571.64,3.83,2.17,2026-06-14T10:33:59.696112,open-meteo.com
2025-11-04,Mbarara,Western,-0.59753954,30.68182,1446.0,25.2,15.3,3.8,3.8,4.0,97,55,23.6,39371.38,4.05,-0.25,2026-06-14T10:33:59.696131,open-meteo.com
2025-11-05,Mbarara,Western,-0.59753954,30.68182,1446.0,26.6,15.6,0.2,0.2,2.0,95,44,11.4,31605.78,3.91,-3.71,2026-06-14T10:33:59.696150,open-meteo.com
2025-11-06,Mbarara,Western,-0.59753954,30.68182,1446.0,27.4,13.9,0.3,0.3,2.0,92,44,12.8,42098.71,4.85,-4.55,2026-06-14T10:33:59.696173,open-meteo.com
2025-11-07,Mbarara,Western,-0.59753954,30.68182,1446.0,25.9,15.6,6.6,6.6,8.0,96,51,14.7,38342.58,3.75,2.8499999999999996,2026-06-14T10:33:59.696193,open-meteo.com
2025-11-08,Mbarara,Western,-0.59753954,30.68182,1446.0,25.6,15.7,9.6,9.6,11.0,98,54,14.4,35093.25,3.85,5.75,2026-06-14T10:33:59.696212,open-meteo.com
2025-11-09,Mbarara,Western,-0.59753954,30.68182,1446.0,24.1,14.9,8.0,8.0,5.0,95,58,13.4,26706.56,2.77,5.23,2026-06-14T10:33:59.696231,open-meteo.com
2025-11-10,Mbarara,Western,-0.59753954,30.68182,1446.0,25.2,15.6,11.6,11.6,7.0,99,56,13.8,36681.0,3.77,7.83,2026-06-14T10:33:59.696250,open-meteo.com
2025-11-11,Mbarara,Western,-0.59753954,30.68182,1446.0,25.5,15.1,4.1,4.1,7.0,98,59,16.7,38831.41,4.01,0.08999999999999986,2026-06-14T10:33:59.696270,open-meteo.com
2025-11-12,Mbarara,Western,-0.59753954,30.68182,1446.0,25.5,14.8,0.7,0.7,4.0,97,57,14.8,39845.16,4.15,-3.45,2026-06-14T10:33:59.696289,open-meteo.com
2025-11-13,Mbarara,Western,-0.59753954,30.68182,1446.0,26.5,14.8,2.1,2.1,5.0,94,51,14.5,38247.35,4.18,-2.0799999999999996,2026-06-14T10:33:59.696308,open-meteo.com
2025-11-14,Mbarara,Western,-0.59753954,30.68182,1446.0,24.8,15.2,11.8,11.8,11.0,99,62,11.3,28464.27,3.13,8.670000000000002,2026-06-14T10:33:59.696327,open-meteo.com
2025-11-15,Mbarara,Western,-0.59753954,30.68182,1446.0,24.6,14.9,3.9,3.9,7.0,98,57,12.0,39757.22,3.85,0.04999999999999982,2026-06-14T10:33:59.696346,open-meteo.com
2025-11-16,Mbarara,Western,-0.59753954,30.68182,1446.0,24.9,14.0,0.2,0.2,2.0,94,53,16.2,35122.07,4.04,-3.84,2026-06-14T10:33:59.696370,open-meteo.com
2025-11-17,Mbarara,Western,-0.59753954,30.68182,1446.0,24.5,15.2,1.3,1.3,6.0,98,54,14.4,38227.91,3.97,-2.67,2026-06-14T10:33:59.696390,open-meteo.com
2025-11-18,Mbarara,Western,-0.59753954,30.68182,1446.0,25.6,14.9,1.9,1.9,7.0,95,55,16.4,42185.18,3.98,-2.08,2026-06-14T10:33:59.696409,open-meteo.com
2025-11-19,Mbarara,Western,-0.59753954,30.68182,1446.0,26.1,14.9,2.6,2.6,5.0,95,54,13.8,41951.1,4.48,-1.8800000000000003,2026-06-14T10:33:59.696428,open-meteo.com
2025-11-20,Mbarara,Western,-0.59753954,30.68182,1446.0,26.0,15.4,6.4,6.4,7.0,97,55,14.5,31097.09,3.77,2.6300000000000003,2026-06-14T10:33:59.696447,open-meteo.com
2025-11-21,Mbarara,Western,-0.59753954,30.68182,1446.0,25.9,15.6,0.3,0.3,3.0,97,47,17.2,42247.68,4.41,-4.11,2026-06-14T10:33:59.696466,open-meteo.com
2025-11-22,Mbarara,Western,-0.59753954,30.68182,1446.0,26.1,14.6,1.5,1.5,5.0,98,46,14.1,37818.71,4.45,-2.95,2026-06-14T10:33:59.696485,open-meteo.com
2025-11-23,Mbarara,Western,-0.59753954,30.68182,1446.0,27.5,14.0,0.0,0.0,0.0,93,38,15.8,39388.09,5.1,-5.1,2026-06-14T10:33:59.696505,open-meteo.com
2025-11-24,Mbarara,Western,-0.59753954,30.68182,1446.0,27.0,15.5,0.2,0.2,2.0,92,43,10.3,41159.16,4.63,-4.43,2026-06-14T10:33:59.696529,open-meteo.com
2025-11-25,Mbarara,Western,-0.59753954,30.68182,1446.0,25.5,16.0,1.3,1.3,3.0,83,51,16.4,38982.98,4.5,-3.2,2026-06-14T10:33:59.696549,open-meteo.com
2025-11-26,Mbarara,Western,-0.59753954,30.68182,1446.0,26.2,16.1,0.6,0.6,4.0,91,53,17.6,38735.75,4.43,-3.8299999999999996,2026-06-14T10:33:59.696573,open-meteo.com
2025-11-27,Mbarara,Western,-0.59753954,30.68182,1446.0,27.0,15.6,0.1,0.1,1.0,91,42,16.8,42356.3,4.7,-4.6000000000000005,2026-06-14T10:33:59.696593,open-meteo.com
2025-11-28,Mbarara,Western,-0.59753954,30.68182,1446.0,25.0,14.9,2.3,2.3,5.0,92,50,12.1,35177.71,4.06,-1.7599999999999998,2026-06-14T10:33:59.696612,open-meteo.com
2025-11-29,Mbarara,Western,-0.59753954,30.68182,1446.0,25.5,16.0,0.8,0.8,5.0,91,48,13.5,42399.92,3.85,-3.05,2026-06-14T10:33:59.696631,open-meteo.com
2025-11-30,Mbarara,Western,-0.59753954,30.68182,1446.0,26.1,16.2,0.9,0.9,5.0,94,46,15.7,28674.23,3.87,-2.97,2026-06-14T10:33:59.696650,open-meteo.com
2025-12-01,Mbarara,Western,-0.59753954,30.68182,1446.0,27.2,15.4,0.1,0.1,1.0,92,42,15.6,40727.43,4.83,-4.73,2026-06-14T10:33:59.696670,open-meteo.com
2025-12-02,Mbarara,Western,-0.59753954,30.68182,1446.0,27.2,15.5,0.0,0.0,0.0,94,41,12.1,42470.62,4.89,-4.89,2026-06-14T10:33:59.696689,open-meteo.com
2025-12-03,Mbarara,Western,-0.59753954,30.68182,1446.0,27.8,15.5,0.0,0.0,0.0,80,37,13.7,40974.43,5.0,-5.0,2026-06-14T10:33:59.696708,open-meteo.com
2025-12-04,Mbarara,Western,-0.59753954,30.68182,1446.0,27.5,14.9,0.1,0.1,1.0,88,37,14.8,40625.91,4.7,-4.6000000000000005,2026-06-14T10:33:59.696728,open-meteo.com
2025-12-05,Mbarara,Western,-0.59753954,30.68182,1446.0,23.8,15.9,7.0,7.0,4.0,92,60,16.5,35166.73,3.31,3.69,2026-06-14T10:33:59.696747,open-meteo.com
2025-12-06,Mbarara,Western,-0.59753954,30.68182,1446.0,25.0,15.4,6.5,6.5,5.0,96,58,20.3,38971.98,3.88,2.62,2026-06-14T10:33:59.696771,open-meteo.com
2025-12-07,Mbarara,Western,-0.59753954,30.68182,1446.0,25.2,14.6,1.7,1.7,2.0,93,51,15.0,42598.15,4.36,-2.66,2026-06-14T10:33:59.696790,open-meteo.com
2025-12-08,Mbarara,Western,-0.59753954,30.68182,1446.0,26.1,14.9,1.3,1.3,1.0,94,52,14.9,42624.52,4.16,-2.8600000000000003,2026-06-14T10:33:59.696809,open-meteo.com
2025-12-09,Mbarara,Western,-0.59753954,30.68182,1446.0,25.2,15.8,5.5,5.5,5.0,94,58,14.3,42595.55,3.83,1.67,2026-06-14T10:33:59.696829,open-meteo.com
2025-12-10,Mbarara,Western,-0.59753954,30.68182,1446.0,23.5,15.7,8.6,8.6,7.0,94,60,15.2,41401.01,3.37,5.2299999999999995,2026-06-14T10:33:59.696848,open-meteo.com
2025-12-11,Mbarara,Western,-0.59753954,30.68182,1446.0,25.5,15.2,1.1,1.1,4.0,94,55,16.7,37448.72,4.03,-2.93,2026-06-14T10:33:59.696867,open-meteo.com
2025-12-12,Mbarara,Western,-0.59753954,30.68182,1446.0,23.4,16.2,4.6,4.6,3.0,98,59,13.5,25088.02,2.42,2.1799999999999997,2026-06-14T10:33:59.696895,open-meteo.com
2025-12-13,Mbarara,Western,-0.59753954,30.68182,1446.0,21.2,14.8,4.1,4.1,6.0,97,69,8.2,18031.74,2.29,1.8099999999999996,2026-06-14T10:33:59.696914,open-meteo.com
2025-12-14,Mbarara,Western,-0.59753954,30.68182,1446.0,25.1,15.1,0.9,0.9,3.0,95,60,13.1,42039.75,4.03,-3.1300000000000003,2026-06-14T10:33:59.696934,open-meteo.com
2025-12-15,Mbarara,Western,-0.59753954,30.68182,1446.0,24.9,13.9,1.2,1.2,5.0,95,59,17.5,34484.04,3.34,-2.1399999999999997,2026-06-14T10:33:59.696953,open-meteo.com
2025-12-16,Mbarara,Western,-0.59753954,30.68182,1446.0,25.5,15.5,3.4,3.4,7.0,94,54,10.9,34984.69,3.72,-0.3200000000000003,2026-06-14T10:33:59.696977,open-meteo.com
2025-12-17,Mbarara,Western,-0.59753954,30.68182,1446.0,22.0,15.7,5.6,5.6,6.0,97,69,12.4,15142.27,1.96,3.6399999999999997,2026-06-14T10:33:59.696996,open-meteo.com
2025-12-18,Mbarara,Western,-0.59753954,30.68182,1446.0,24.4,14.7,3.9,3.9,4.0,99,56,12.1,42900.92,3.79,0.10999999999999988,2026-06-14T10:33:59.697016,open-meteo.com
2025-12-19,Mbarara,Western,-0.59753954,30.68182,1446.0,22.4,15.2,0.3,0.3,2.0,94,59,13.9,27891.52,2.99,-2.6900000000000004,2026-06-14T10:33:59.697035,open-meteo.com
2025-12-20,Mbarara,Western,-0.59753954,30.68182,1446.0,24.4,14.6,0.6,0.6,2.0,96,57,15.7,39771.91,3.57,-2.9699999999999998,2026-06-14T10:33:59.697054,open-meteo.com
2025-12-21,Mbarara,Western,-0.59753954,30.68182,1446.0,24.7,14.5,0.9,0.9,4.0,93,57,15.8,40028.77,3.92,-3.02,2026-06-14T10:33:59.697073,open-meteo.com
2025-12-22,Mbarara,Western,-0.59753954,30.68182,1446.0,25.4,14.0,1.3,1.3,7.0,96,51,11.0,42405.89,4.02,-2.7199999999999998,2026-06-14T10:33:59.697092,open-meteo.com
2025-12-23,Mbarara,Western,-0.59753954,30.68182,1446.0,25.5,15.0,0.6,0.6,5.0,95,53,12.2,43054.07,4.36,-3.7600000000000002,2026-06-14T10:33:59.697111,open-meteo.com
2025-12-24,Mbarara,Western,-0.59753954,30.68182,1446.0,26.3,14.6,0.7,0.7,4.0,94,49,13.2,43084.81,4.41,-3.71,2026-06-14T10:33:59.697131,open-meteo.com
2025-12-25,Mbarara,Western,-0.59753954,30.68182,1446.0,24.5,16.3,1.0,1.0,4.0,92,55,14.1,41104.41,3.71,-2.71,2026-06-14T10:33:59.697150,open-meteo.com
2025-12-26,Mbarara,Western,-0.59753954,30.68182,1446.0,26.4,15.7,0.4,0.4,4.0,96,47,11.3,43145.63,4.56,-4.159999999999999,2026-06-14T10:33:59.697173,open-meteo.com
2025-12-27,Mbarara,Western,-0.59753954,30.68182,1446.0,27.0,15.7,0.5,0.5,4.0,94,47,14.8,43175.53,4.7,-4.2,2026-06-14T10:33:59.697193,open-meteo.com
2025-12-28,Mbarara,Western,-0.59753954,30.68182,1446.0,23.1,17.3,4.5,4.5,7.0,94,65,12.4,1626.15,2.14,2.36,2026-06-14T10:33:59.697212,open-meteo.com
2025-12-29,Mbarara,Western,-0.59753954,30.68182,1446.0,26.0,15.7,1.1,1.1,5.0,98,53,13.5,33164.49,3.88,-2.78,2026-06-14T10:33:59.697231,open-meteo.com
2025-12-30,Mbarara,Western,-0.59753954,30.68182,1446.0,23.3,17.0,0.6,0.6,6.0,97,54,10.0,18949.9,2.87,-2.27,2026-06-14T10:33:59.697250,open-meteo.com
2025-12-31,Mbarara,Western,-0.59753954,30.68182,1446.0,25.0,14.7,1.4,1.4,5.0,92,48,14.0,43114.88,3.96,-2.56,2026-06-14T10:33:59.697269,open-meteo.com
2026-01-01,Mbarara,Western,-0.59753954,30.68182,1446.0,25.8,14.4,0.2,0.2,2.0,96,47,14.6,37461.4,4.13,-3.9299999999999997,2026-06-14T10:33:59.697288,open-meteo.com
2026-01-02,Mbarara,Western,-0.59753954,30.68182,1446.0,27.0,13.9,0.1,0.1,1.0,87,44,13.3,43191.11,4.85,-4.75,2026-06-14T10:33:59.697308,open-meteo.com
2026-01-03,Mbarara,Western,-0.59753954,30.68182,1446.0,26.5,14.1,0.5,0.5,5.0,98,44,10.4,43164.7,4.46,-3.96,2026-06-14T10:33:59.697327,open-meteo.com
2026-01-04,Mbarara,Western,-0.59753954,30.68182,1446.0,27.8,17.1,0.6,0.6,3.0,81,42,20.3,43138.25,5.07,-4.470000000000001,2026-06-14T10:33:59.697346,open-meteo.com
2026-01-05,Mbarara,Western,-0.59753954,30.68182,1446.0,26.6,14.9,0.4,0.4,3.0,94,42,16.6,43111.82,4.62,-4.22,2026-06-14T10:33:59.697370,open-meteo.com
2026-01-06,Mbarara,Western,-0.59753954,30.68182,1446.0,26.8,14.2,1.6,1.6,5.0,98,50,11.8,43085.48,4.39,-2.7899999999999996,2026-06-14T10:33:59.697389,open-meteo.com
2026-01-07,Mbarara,Western,-0.59753954,30.68182,1446.0,27.4,15.6,1.0,1.0,5.0,95,43,11.4,43059.28,4.57,-3.5700000000000003,2026-06-14T10:33:59.697408,open-meteo.com
2026-01-08,Mbarara,Western,-0.59753954,30.68182,1446.0,28.6,17.2,0.0,0.0,0.0,92,33,14.9,39259.68,4.74,-4.74,2026-06-14T10:33:59.697427,open-meteo.com
2026-01-09,Mbarara,Western,-0.59753954,30.68182,1446.0,28.8,16.1,0.0,0.0,0.0,94,29,15.8,41375.91,4.95,-4.95,2026-06-14T10:33:59.697447,open-meteo.com
2026-01-10,Mbarara,Western,-0.59753954,30.68182,1446.0,25.5,14.6,1.6,1.6,5.0,95,42,14.8,41633.0,4.28,-2.68,2026-06-14T10:33:59.697466,open-meteo.com
2026-01-11,Mbarara,Western,-0.59753954,30.68182,1446.0,26.5,16.5,4.1,4.1,3.0,85,46,15.6,36586.79,3.99,0.10999999999999943,2026-06-14T10:33:59.697485,open-meteo.com
2026-01-12,Mbarara,Western,-0.59753954,30.68182,1446.0,26.1,16.0,1.2,1.2,5.0,93,46,13.5,42392.07,4.58,-3.38,2026-06-14T10:33:59.697504,open-meteo.com
2026-01-13,Mbarara,Western,-0.59753954,30.68182,1446.0,27.4,14.6,1.5,1.5,3.0,97,39,15.4,42908.65,4.54,-3.04,2026-06-14T10:33:59.697527,open-meteo.com
2026-01-14,Mbarara,Western,-0.59753954,30.68182,1446.0,28.4,14.8,0.0,0.0,0.0,96,30,22.0,42885.23,5.23,-5.23,2026-06-14T10:33:59.697547,open-meteo.com
2026-01-15,Mbarara,Western,-0.59753954,30.68182,1446.0,29.5,14.1,0.0,0.0,0.0,92,24,21.3,42862.45,5.8,-5.8,2026-06-14T10:33:59.697571,open-meteo.com
2026-01-16,Mbarara,Western,-0.59753954,30.68182,1446.0,29.9,15.1,0.0,0.0,0.0,84,24,18.4,36873.73,5.2,-5.2,2026-06-14T10:33:59.697591,open-meteo.com
2026-01-17,Mbarara,Western,-0.59753954,30.68182,1446.0,28.0,16.5,0.0,0.0,0.0,96,32,15.3,42819.07,5.06,-5.06,2026-06-14T10:33:59.697610,open-meteo.com
2026-01-18,Mbarara,Western,-0.59753954,30.68182,1446.0,28.8,14.4,0.1,0.1,1.0,93,35,13.1,42798.6,5.21,-5.11,2026-06-14T10:33:59.697629,open-meteo.com
2026-01-19,Mbarara,Western,-0.59753954,30.68182,1446.0,26.4,17.1,3.7,3.7,6.0,85,51,14.5,42011.3,4.1,-0.39999999999999947,2026-06-14T10:33:59.697648,open-meteo.com
2026-01-20,Mbarara,Western,-0.59753954,30.68182,1446.0,25.4,16.3,3.6,3.6,6.0,93,53,11.9,33667.12,3.62,-0.020000000000000018,2026-06-14T10:33:59.697668,open-meteo.com
2026-01-21,Mbarara,Western,-0.59753954,30.68182,1446.0,27.9,14.3,0.0,0.0,0.0,93,39,15.4,42742.81,5.17,-5.17,2026-06-14T10:33:59.697687,open-meteo.com
2026-01-22,Mbarara,Western,-0.59753954,30.68182,1446.0,28.0,14.8,0.2,0.2,2.0,95,34,17.5,37745.98,4.61,-4.41,2026-06-14T10:33:59.697706,open-meteo.com
2026-01-23,Mbarara,Western,-0.59753954,30.68182,1446.0,30.5,14.1,0.0,0.0,0.0,89,25,17.9,42710.6,5.48,-5.48,2026-06-14T10:33:59.697725,open-meteo.com
2026-01-24,Mbarara,Western,-0.59753954,30.68182,1446.0,30.3,15.4,0.0,0.0,0.0,84,26,18.9,42695.62,5.39,-5.39,2026-06-14T10:33:59.697744,open-meteo.com
2026-01-25,Mbarara,Western,-0.59753954,30.68182,1446.0,30.5,16.8,0.0,0.0,0.0,73,24,20.6,40249.16,5.32,-5.32,2026-06-14T10:33:59.697768,open-meteo.com
2026-01-26,Mbarara,Western,-0.59753954,30.68182,1446.0,30.0,15.6,0.0,0.0,0.0,85,30,12.0,42667.78,5.13,-5.13,2026-06-14T10:33:59.697788,open-meteo.com
2026-01-27,Mbarara,Western,-0.59753954,30.68182,1446.0,26.1,17.0,7.6,7.6,6.0,94,42,15.8,35918.5,3.74,3.8599999999999994,2026-06-14T10:33:59.697807,open-meteo.com
2026-01-28,Mbarara,Western,-0.59753954,30.68182,1446.0,22.9,15.1,4.1,4.1,6.0,94,59,8.0,16565.23,2.29,1.8099999999999996,2026-06-14T10:33:59.697827,open-meteo.com
2026-01-29,Mbarara,Western,-0.59753954,30.68182,1446.0,27.5,16.4,0.7,0.7,3.0,88,42,12.5,41228.02,4.97,-4.27,2026-06-14T10:33:59.697846,open-meteo.com
2026-01-30,Mbarara,Western,-0.59753954,30.68182,1446.0,28.8,15.7,0.7,0.7,3.0,91,40,13.4,42620.66,4.83,-4.13,2026-06-14T10:33:59.697865,open-meteo.com
2026-01-31,Mbarara,Western,-0.59753954,30.68182,1446.0,27.0,16.9,7.7,7.7,8.0,89,43,14.3,35065.82,4.06,3.6400000000000006,2026-06-14T10:33:59.697916,open-meteo.com
2026-02-01,Mbarara,Western,-0.59753954,30.68182,1446.0,24.1,16.8,2.2,2.2,4.0,90,56,14.6,22122.32,2.83,-0.6299999999999999,2026-06-14T10:33:59.697945,open-meteo.com
2026-02-02,Mbarara,Western,-0.59753954,30.68182,1446.0,25.8,16.9,8.6,8.6,5.0,94,50,15.6,27536.52,3.28,5.32,2026-06-14T10:33:59.697975,open-meteo.com
2026-02-03,Mbarara,Western,-0.59753954,30.68182,1446.0,25.9,14.6,0.4,0.4,3.0,98,45,18.6,28647.13,3.86,-3.46,2026-06-14T10:33:59.697995,open-meteo.com
2026-02-04,Mbarara,Western,-0.59753954,30.68182,1446.0,29.1,14.1,0.0,0.0,0.0,96,31,14.7,42578.0,5.69,-5.69,2026-06-14T10:33:59.698022,open-meteo.com
2026-02-05,Mbarara,Western,-0.59753954,30.68182,1446.0,29.0,16.1,0.7,0.7,3.0,87,38,10.5,39788.59,4.92,-4.22,2026-06-14T10:33:59.698041,open-meteo.com
2026-02-06,Mbarara,Western,-0.59753954,30.68182,1446.0,26.1,16.7,5.7,5.7,5.0,85,44,16.6,18666.53,2.91,2.79,2026-06-14T10:33:59.698061,open-meteo.com
2026-02-07,Mbarara,Western,-0.59753954,30.68182,1446.0,26.2,16.5,7.5,7.5,6.0,92,48,14.1,38961.16,3.66,3.84,2026-06-14T10:33:59.698080,open-meteo.com
2026-02-08,Mbarara,Western,-0.59753954,30.68182,1446.0,27.8,15.4,1.0,1.0,5.0,97,41,10.5,41958.22,4.92,-3.92,2026-06-14T10:33:59.698099,open-meteo.com
2026-02-09,Mbarara,Western,-0.59753954,30.68182,1446.0,20.2,16.0,15.6,15.6,10.0,95,79,11.7,1424.88,1.39,14.209999999999999,2026-06-14T10:33:59.698119,open-meteo.com
2026-02-10,Mbarara,Western,-0.59753954,30.68182,1446.0,23.5,14.6,0.1,0.1,1.0,98,56,8.1,15194.96,2.26,-2.1599999999999997,2026-06-14T10:33:59.698139,open-meteo.com
2026-02-11,Mbarara,Western,-0.59753954,30.68182,1446.0,25.4,14.1,0.4,0.4,3.0,97,52,15.8,42549.07,4.41,-4.01,2026-06-14T10:33:59.698158,open-meteo.com
2026-02-12,Mbarara,Western,-0.59753954,30.68182,1446.0,25.5,15.5,4.0,4.0,5.0,94,52,24.2,30325.75,3.52,0.48,2026-06-14T10:33:59.698177,open-meteo.com
2026-02-13,Mbarara,Western,-0.59753954,30.68182,1446.0,26.4,13.8,0.2,0.2,2.0,93,44,14.0,42381.98,4.46,-4.26,2026-06-14T10:33:59.698196,open-meteo.com
2026-02-14,Mbarara,Western,-0.59753954,30.68182,1446.0,25.7,16.0,0.4,0.4,1.0,94,51,14.3,31748.89,3.67,-3.27,2026-06-14T10:33:59.698221,open-meteo.com
2026-02-15,Mbarara,Western,-0.59753954,30.68182,1446.0,26.0,15.4,0.4,0.4,1.0,95,46,20.2,41661.71,4.25,-3.85,2026-06-14T10:33:59.698241,open-meteo.com
2026-02-16,Mbarara,Western,-0.59753954,30.68182,1446.0,27.9,15.2,0.6,0.6,3.0,96,41,12.8,37920.07,4.19,-3.5900000000000003,2026-06-14T10:33:59.698260,open-meteo.com
2026-02-17,Mbarara,Western,-0.59753954,30.68182,1446.0,27.2,16.9,5.5,5.5,3.0,87,48,13.7,31507.24,4.06,1.4400000000000004,2026-06-14T10:33:59.698279,open-meteo.com
2026-02-18,Mbarara,Western,-0.59753954,30.68182,1446.0,27.2,14.9,9.5,9.5,4.0,95,46,19.6,39927.23,3.97,5.529999999999999,2026-06-14T10:33:59.698299,open-meteo.com
2026-02-19,Mbarara,Western,-0.59753954,30.68182,1446.0,22.0,15.9,1.7,1.7,8.0,95,64,15.0,9487.98,2.03,-0.32999999999999985,2026-06-14T10:33:59.698319,open-meteo.com
2026-02-20,Mbarara,Western,-0.59753954,30.68182,1446.0,27.4,14.9,0.8,0.8,4.0,95,40,12.2,38001.85,4.83,-4.03,2026-06-14T10:33:59.698338,open-meteo.com
2026-02-21,Mbarara,Western,-0.59753954,30.68182,1446.0,26.5,15.5,2.0,2.0,4.0,96,50,21.3,27854.15,3.66,-1.6600000000000001,2026-06-14T10:33:59.698357,open-meteo.com
2026-02-22,Mbarara,Western,-0.59753954,30.68182,1446.0,27.1,17.2,7.2,7.2,2.0,93,43,11.8,24256.54,3.4,3.8000000000000003,2026-06-14T10:33:59.698376,open-meteo.com
2026-02-23,Mbarara,Western,-0.59753954,30.68182,1446.0,26.6,16.5,0.1,0.1,1.0,94,46,9.6,18004.85,3.2,-3.1,2026-06-14T10:33:59.698395,open-meteo.com
2026-02-24,Mbarara,Western,-0.59753954,30.68182,1446.0,28.9,15.9,0.0,0.0,0.0,97,30,13.6,37508.81,5.11,-5.11,2026-06-14T10:33:59.698419,open-meteo.com
2026-02-25,Mbarara,Western,-0.59753954,30.68182,1446.0,29.0,14.8,0.4,0.4,3.0,96,35,9.5,41184.44,5.16,-4.76,2026-06-14T10:33:59.698439,open-meteo.com
2026-02-26,Mbarara,Western,-0.59753954,30.68182,1446.0,29.4,16.3,0.0,0.0,0.0,91,29,15.3,39446.18,4.72,-4.72,2026-06-14T10:33:59.698464,open-meteo.com
2026-02-27,Mbarara,Western,-0.59753954,30.68182,1446.0,29.1,15.4,0.7,0.7,3.0,92,34,15.5,39908.24,4.88,-4.18,2026-06-14T10:33:59.698484,open-meteo.com
2026-02-28,Mbarara,Western,-0.59753954,30.68182,1446.0,27.5,17.6,0.4,0.4,3.0,85,36,13.8,24701.47,3.45,-3.0500000000000003,2026-06-14T10:33:59.698504,open-meteo.com
2026-03-01,Mbarara,Western,-0.59753954,30.68182,1446.0,24.0,17.5,3.3,3.3,10.0,97,48,11.7,12320.62,2.63,0.6699999999999999,2026-06-14T10:33:59.698523,open-meteo.com
2026-03-02,Mbarara,Western,-0.59753954,30.68182,1446.0,24.5,16.8,3.3,3.3,9.0,97,56,15.8,18746.65,3.09,0.20999999999999996,2026-06-14T10:33:59.698542,open-meteo.com
2026-03-03,Mbarara,Western,-0.59753954,30.68182,1446.0,25.6,16.5,6.6,6.6,11.0,98,47,10.7,31756.9,3.68,2.9199999999999995,2026-06-14T10:33:59.698561,open-meteo.com
2026-03-04,Mbarara,Western,-0.59753954,30.68182,1446.0,26.8,16.2,5.1,5.1,11.0,97,48,16.1,42674.94,4.09,1.0099999999999998,2026-06-14T10:33:59.698581,open-meteo.com
2026-03-05,Mbarara,Western,-0.59753954,30.68182,1446.0,24.1,17.0,2.8,2.8,12.0,99,55,13.5,18447.53,2.73,0.06999999999999984,2026-06-14T10:33:59.698604,open-meteo.com
2026-03-06,Mbarara,Western,-0.59753954,30.68182,1446.0,26.1,14.9,6.0,6.0,6.0,89,48,13.7,38373.04,3.71,2.29,2026-06-14T10:33:59.698628,open-meteo.com
2026-03-07,Mbarara,Western,-0.59753954,30.68182,1446.0,26.5,16.9,2.6,2.6,9.0,95,49,13.6,30802.7,3.86,-1.2599999999999998,2026-06-14T10:33:59.698648,open-meteo.com
2026-03-08,Mbarara,Western,-0.59753954,30.68182,1446.0,28.4,16.5,7.0,7.0,4.0,94,46,15.2,39250.27,4.2,2.8,2026-06-14T10:33:59.698667,open-meteo.com
2026-03-09,Mbarara,Western,-0.59753954,30.68182,1446.0,27.1,17.0,1.4,1.4,2.0,96,48,13.8,39012.04,4.53,-3.1300000000000003,2026-06-14T10:33:59.698686,open-meteo.com
2026-03-10,Mbarara,Western,-0.59753954,30.68182,1446.0,24.8,16.6,6.1,6.1,8.0,96,52,9.7,20115.41,2.69,3.4099999999999997,2026-06-14T10:33:59.698705,open-meteo.com
2026-03-11,Mbarara,Western,-0.59753954,30.68182,1446.0,26.6,15.9,0.2,0.2,1.0,97,47,15.2,31326.03,3.84,-3.6399999999999997,2026-06-14T10:33:59.698725,open-meteo.com
2026-03-12,Mbarara,Western,-0.59753954,30.68182,1446.0,24.9,17.4,5.7,5.7,4.0,97,58,13.4,34121.21,3.41,2.29,2026-06-14T10:33:59.698744,open-meteo.com
2026-03-13,Mbarara,Western,-0.59753954,30.68182,1446.0,28.2,15.5,0.2,0.2,2.0,98,47,8.2,42303.62,5.11,-4.91,2026-06-14T10:33:59.698763,open-meteo.com
2026-03-14,Mbarara,Western,-0.59753954,30.68182,1446.0,29.5,16.2,2.5,2.5,7.0,95,40,10.4,40757.2,4.98,-2.4800000000000004,2026-06-14T10:33:59.698782,open-meteo.com
2026-03-15,Mbarara,Western,-0.59753954,30.68182,1446.0,28.5,16.7,3.8,3.8,4.0,99,42,13.7,41209.25,5.12,-1.3200000000000003,2026-06-14T10:33:59.698801,open-meteo.com
2026-03-16,Mbarara,Western,-0.59753954,30.68182,1446.0,29.0,15.8,0.2,0.2,2.0,96,37,12.0,42849.24,5.18,-4.9799999999999995,2026-06-14T10:33:59.698824,open-meteo.com
2026-03-17,Mbarara,Western,-0.59753954,30.68182,1446.0,30.4,16.2,0.1,0.1,1.0,92,30,9.1,42865.7,5.26,-5.16,2026-06-14T10:33:59.698844,open-meteo.com
2026-03-18,Mbarara,Western,-0.59753954,30.68182,1446.0,26.9,16.6,8.4,8.4,7.0,95,48,12.6,26219.82,3.72,4.68,2026-06-14T10:33:59.698863,open-meteo.com
2026-03-19,Mbarara,Western,-0.59753954,30.68182,1446.0,24.5,16.2,2.7,2.7,4.0,96,56,12.8,20104.34,2.82,-0.11999999999999966,2026-06-14T10:33:59.698921,open-meteo.com
2026-03-20,Mbarara,Western,-0.59753954,30.68182,1446.0,25.0,15.2,0.4,0.4,3.0,96,57,12.6,32345.95,3.73,-3.33,2026-06-14T10:33:59.698942,open-meteo.com
2026-03-21,Mbarara,Western,-0.59753954,30.68182,1446.0,23.0,16.6,4.1,4.1,8.0,97,66,17.2,21587.0,2.79,1.3099999999999996,2026-06-14T10:33:59.698962,open-meteo.com
2026-03-22,Mbarara,Western,-0.59753954,30.68182,1446.0,26.3,14.8,1.7,1.7,7.0,97,52,8.8,38097.3,4.28,-2.58,2026-06-14T10:33:59.698981,open-meteo.com
2026-03-23,Mbarara,Western,-0.59753954,30.68182,1446.0,25.2,16.2,2.6,2.6,11.0,99,59,10.6,25804.93,3.34,-0.7399999999999998,2026-06-14T10:33:59.699000,open-meteo.com
2026-03-24,Mbarara,Western,-0.59753954,30.68182,1446.0,25.1,15.4,1.2,1.2,7.0,98,57,18.3,25288.55,3.31,-2.1100000000000003,2026-06-14T10:33:59.699018,open-meteo.com
2026-03-25,Mbarara,Western,-0.59753954,30.68182,1446.0,22.0,16.1,9.9,9.9,10.0,99,60,9.8,3268.35,1.65,8.25,2026-06-14T10:33:59.699038,open-meteo.com
2026-03-26,Mbarara,Western,-0.59753954,30.68182,1446.0,25.5,15.2,0.1,0.1,1.0,100,51,13.4,36641.04,4.05,-3.9499999999999997,2026-06-14T10:33:59.699064,open-meteo.com
2026-03-27,Mbarara,Western,-0.59753954,30.68182,1446.0,23.8,14.6,0.5,0.5,5.0,97,63,13.6,31421.13,3.31,-2.81,2026-06-14T10:33:59.699083,open-meteo.com
2026-03-28,Mbarara,Western,-0.59753954,30.68182,1446.0,25.6,15.2,2.4,2.4,10.0,94,57,16.2,19703.33,3.35,-0.9500000000000002,2026-06-14T10:33:59.699102,open-meteo.com
2026-03-29,Mbarara,Western,-0.59753954,30.68182,1446.0,26.9,15.6,0.0,0.0,0.0,100,46,10.7,40868.87,4.93,-4.93,2026-06-14T10:33:59.699122,open-meteo.com
2026-03-30,Mbarara,Western,-0.59753954,30.68182,1446.0,28.2,15.1,0.4,0.4,3.0,95,39,18.6,43081.08,5.1,-4.699999999999999,2026-06-14T10:33:59.699141,open-meteo.com
2026-03-31,Mbarara,Western,-0.59753954,30.68182,1446.0,28.4,14.9,6.2,6.2,7.0,94,40,18.8,40833.11,4.14,2.0600000000000005,2026-06-14T10:33:59.699160,open-meteo.com
2026-04-01,Mbarara,Western,-0.59753954,30.68182,1446.0,27.6,16.2,1.3,1.3,3.0,96,47,15.7,43116.05,4.87,-3.5700000000000003,2026-06-14T10:33:59.699179,open-meteo.com
2026-04-02,Mbarara,Western,-0.59753954,30.68182,1446.0,28.2,14.6,0.7,0.7,4.0,94,44,13.1,43133.48,4.92,-4.22,2026-06-14T10:33:59.699198,open-meteo.com
2026-04-03,Mbarara,Western,-0.59753954,30.68182,1446.0,28.4,14.6,0.0,0.0,0.0,96,36,12.8,43150.79,5.24,-5.24,2026-06-14T10:33:59.699222,open-meteo.com
2026-04-04,Mbarara,Western,-0.59753954,30.68182,1446.0,27.7,16.0,6.5,6.5,3.0,88,41,20.1,41095.78,4.07,2.4299999999999997,2026-06-14T10:33:59.699241,open-meteo.com
2026-04-05,Mbarara,Western,-0.59753954,30.68182,1446.0,26.7,16.0,0.9,0.9,6.0,94,48,13.2,25416.67,3.55,-2.65,2026-06-14T10:33:59.699265,open-meteo.com
2026-04-06,Mbarara,Western,-0.59753954,30.68182,1446.0,28.1,15.8,0.7,0.7,3.0,92,40,14.3,43157.66,4.83,-4.13,2026-06-14T10:33:59.699284,open-meteo.com
2026-04-07,Mbarara,Western,-0.59753954,30.68182,1446.0,25.3,15.4,0.6,0.6,3.0,96,50,18.2,33222.35,3.55,-2.9499999999999997,2026-06-14T10:33:59.699303,open-meteo.com
2026-04-08,Mbarara,Western,-0.59753954,30.68182,1446.0,28.3,14.1,0.0,0.0,0.0,93,39,16.8,43122.03,5.27,-5.27,2026-06-14T10:33:59.699322,open-meteo.com
2026-04-09,Mbarara,Western,-0.59753954,30.68182,1446.0,27.9,16.1,0.5,0.5,2.0,96,46,16.5,43104.91,5.08,-4.58,2026-06-14T10:33:59.699341,open-meteo.com
2026-04-10,Mbarara,Western,-0.59753954,30.68182,1446.0,28.8,16.5,0.4,0.4,3.0,90,40,21.1,40878.02,5.1,-4.699999999999999,2026-06-14T10:33:59.699360,open-meteo.com
2026-04-11,Mbarara,Western,-0.59753954,30.68182,1446.0,27.5,15.8,0.7,0.7,3.0,84,40,18.7,40454.56,4.66,-3.96,2026-06-14T10:33:59.699379,open-meteo.com
2026-04-12,Mbarara,Western,-0.59753954,30.68182,1446.0,27.4,15.9,0.4,0.4,3.0,79,45,14.9,40865.71,4.54,-4.14,2026-06-14T10:33:59.699398,open-meteo.com
2026-04-13,Mbarara,Western,-0.59753954,30.68182,1446.0,27.5,15.7,1.4,1.4,5.0,92,42,18.6,43041.58,5.05,-3.65,2026-06-14T10:33:59.699417,open-meteo.com
2026-04-14,Mbarara,Western,-0.59753954,30.68182,1446.0,28.3,16.1,5.3,5.3,6.0,92,44,17.2,37892.57,4.13,1.17,2026-06-14T10:33:59.699436,open-meteo.com
2026-04-15,Mbarara,Western,-0.59753954,30.68182,1446.0,27.1,17.0,4.1,4.1,10.0,97,50,21.2,39517.04,3.82,0.2799999999999998,2026-06-14T10:33:59.699460,open-meteo.com
2026-04-16,Mbarara,Western,-0.59753954,30.68182,1446.0,24.4,16.9,0.6,0.6,2.0,94,56,10.8,29205.42,2.76,-2.1599999999999997,2026-06-14T10:33:59.699479,open-meteo.com
2026-04-17,Mbarara,Western,-0.59753954,30.68182,1446.0,23.5,15.6,3.3,3.3,6.0,97,66,18.4,38222.36,3.18,0.11999999999999966,2026-06-14T10:33:59.699498,open-meteo.com
2026-04-18,Mbarara,Western,-0.59753954,30.68182,1446.0,23.5,16.6,1.1,1.1,4.0,90,59,14.5,25714.65,2.7,-1.6,2026-06-14T10:33:59.699517,open-meteo.com
2026-04-19,Mbarara,Western,-0.59753954,30.68182,1446.0,26.5,15.1,0.6,0.6,3.0,94,54,20.1,42953.4,4.77,-4.17,2026-06-14T10:33:59.699537,open-meteo.com
2026-04-20,Mbarara,Western,-0.59753954,30.68182,1446.0,27.4,16.8,0.6,0.6,4.0,85,52,18.2,42939.66,4.59,-3.9899999999999998,2026-06-14T10:33:59.699556,open-meteo.com
2026-04-21,Mbarara,Western,-0.59753954,30.68182,1446.0,26.1,16.5,3.6,3.6,4.0,95,53,17.4,39770.13,4.16,-0.56,2026-06-14T10:33:59.699575,open-meteo.com
2026-04-22,Mbarara,Western,-0.59753954,30.68182,1446.0,28.0,15.6,0.6,0.6,4.0,94,47,17.3,42913.32,5.14,-4.54,2026-06-14T10:33:59.699594,open-meteo.com
2026-04-23,Mbarara,Western,-0.59753954,30.68182,1446.0,27.8,17.4,1.4,1.4,6.0,83,44,23.3,42900.79,4.72,-3.32,2026-06-14T10:33:59.699613,open-meteo.com
2026-04-24,Mbarara,Western,-0.59753954,30.68182,1446.0,26.1,17.4,0.0,0.0,0.0,87,47,15.7,20664.63,3.61,-3.61,2026-06-14T10:33:59.699632,open-meteo.com
2026-04-25,Mbarara,Western,-0.59753954,30.68182,1446.0,25.5,15.8,0.0,0.0,0.0,95,44,19.4,22161.97,2.95,-2.95,2026-06-14T10:33:59.699660,open-meteo.com
2026-04-26,Mbarara,Western,-0.59753954,30.68182,1446.0,26.2,15.6,1.5,1.5,5.0,97,49,14.8,42866.16,4.32,-2.8200000000000003,2026-06-14T10:33:59.699680,open-meteo.com
2026-04-27,Mbarara,Western,-0.59753954,30.68182,1446.0,24.1,16.6,3.3,3.3,9.0,97,58,12.4,20565.21,2.67,0.6299999999999999,2026-06-14T10:33:59.699698,open-meteo.com
2026-04-28,Mbarara,Western,-0.59753954,30.68182,1446.0,25.1,16.8,4.6,4.6,7.0,96,56,12.0,36527.14,3.46,1.1399999999999997,2026-06-14T10:33:59.699717,open-meteo.com
2026-04-29,Mbarara,Western,-0.59753954,30.68182,1446.0,25.4,16.5,0.3,0.3,3.0,99,55,12.0,26723.21,3.56,-3.2600000000000002,2026-06-14T10:33:59.699736,open-meteo.com
2026-04-30,Mbarara,Western,-0.59753954,30.68182,1446.0,27.1,14.7,3.4,3.4,3.0,97,46,12.5,42828.22,4.91,-1.5100000000000002,2026-06-14T10:33:59.699755,open-meteo.com
2026-05-01,Mbarara,Western,-0.59753954,30.68182,1446.0,25.8,16.8,8.9,8.9,10.0,98,57,11.5,25996.05,3.43,5.470000000000001,2026-06-14T10:33:59.699774,open-meteo.com
2026-05-02,Mbarara,Western,-0.59753954,30.68182,1446.0,25.1,16.1,2.3,2.3,6.0,99,53,14.0,32516.65,3.24,-0.9400000000000004,2026-06-14T10:33:59.699794,open-meteo.com
2026-05-03,Mbarara,Western,-0.59753954,30.68182,1446.0,26.4,17.6,6.1,6.1,6.0,94,52,14.6,35347.23,4.18,1.92,2026-06-14T10:33:59.699813,open-meteo.com
2026-05-04,Mbarara,Western,-0.59753954,30.68182,1446.0,26.2,14.9,1.6,1.6,7.0,99,49,16.0,42074.07,4.13,-2.53,2026-06-14T10:33:59.699834,open-meteo.com
2026-05-05,Mbarara,Western,-0.59753954,30.68182,1446.0,27.5,15.5,0.9,0.9,4.0,98,45,14.5,41884.84,4.38,-3.48,2026-06-14T10:33:59.699859,open-meteo.com
2026-05-06,Mbarara,Western,-0.59753954,30.68182,1446.0,28.4,15.6,1.6,1.6,3.0,97,44,13.2,39190.52,4.45,-2.85,2026-06-14T10:33:59.699896,open-meteo.com
2026-05-07,Mbarara,Western,-0.59753954,30.68182,1446.0,27.6,15.8,5.7,5.7,8.0,100,47,21.4,40173.35,3.71,1.9900000000000002,2026-06-14T10:33:59.699924,open-meteo.com
2026-05-08,Mbarara,Western,-0.59753954,30.68182,1446.0,27.9,16.8,2.1,2.1,4.0,99,46,10.2,36331.46,4.43,-2.3299999999999996,2026-06-14T10:33:59.699943,open-meteo.com
2026-05-09,Mbarara,Western,-0.59753954,30.68182,1446.0,27.2,16.2,4.6,4.6,11.0,99,49,19.6,37778.73,4.0,0.5999999999999996,2026-06-14T10:33:59.699962,open-meteo.com
2026-05-10,Mbarara,Western,-0.59753954,30.68182,1446.0,25.5,16.4,4.7,4.7,8.0,100,54,13.9,42776.26,3.77,0.9300000000000002,2026-06-14T10:33:59.699982,open-meteo.com
2026-05-11,Mbarara,Western,-0.59753954,30.68182,1446.0,27.8,15.6,0.0,0.0,0.0,96,40,13.7,42774.02,4.58,-4.58,2026-06-14T10:33:59.700001,open-meteo.com
2026-05-12,Mbarara,Western,-0.59753954,30.68182,1446.0,28.3,15.8,0.0,0.0,0.0,94,36,15.6,42772.29,4.98,-4.98,2026-06-14T10:33:59.700020,open-meteo.com
2026-05-13,Mbarara,Western,-0.59753954,30.68182,1446.0,30.0,15.9,0.3,0.3,3.0,94,33,11.9,42771.09,5.11,-4.8100000000000005,2026-06-14T10:33:59.700039,open-meteo.com
2026-05-14,Mbarara,Western,-0.59753954,30.68182,1446.0,25.5,18.0,2.0,2.0,10.0,97,56,12.3,17870.1,2.74,-0.7400000000000002,2026-06-14T10:33:59.700058,open-meteo.com
2026-05-15,Mbarara,Western,-0.59753954,30.68182,1446.0,27.0,16.0,2.4,2.4,6.0,98,51,15.3,42770.22,4.1,-1.6999999999999997,2026-06-14T10:33:59.700083,open-meteo.com
2026-05-16,Mbarara,Western,-0.59753954,30.68182,1446.0,27.5,16.9,0.1,0.1,1.0,100,39,20.3,40697.23,4.9,-4.800000000000001,2026-06-14T10:33:59.700102,open-meteo.com
2026-05-17,Mbarara,Western,-0.59753954,30.68182,1446.0,27.8,16.4,0.1,0.1,1.0,91,40,15.8,41677.35,4.83,-4.73,2026-06-14T10:33:59.700121,open-meteo.com
2026-05-18,Mbarara,Western,-0.59753954,30.68182,1446.0,28.0,16.8,1.0,1.0,8.0,97,40,17.1,42143.43,4.78,-3.7800000000000002,2026-06-14T10:33:59.700140,open-meteo.com
2026-05-19,Mbarara,Western,-0.59753954,30.68182,1446.0,28.0,16.7,4.0,4.0,7.0,95,41,14.4,42774.59,4.7,-0.7000000000000002,2026-06-14T10:33:59.700159,open-meteo.com
2026-05-20,Mbarara,Western,-0.59753954,30.68182,1446.0,28.2,16.6,0.7,0.7,4.0,97,42,21.7,42776.93,4.36,-3.66,2026-06-14T10:33:59.700179,open-meteo.com
2026-05-21,Mbarara,Western,-0.59753954,30.68182,1446.0,23.2,16.8,10.8,10.8,8.0,98,64,16.9,26024.55,2.49,8.31,2026-06-14T10:33:59.700198,open-meteo.com
2026-05-22,Mbarara,Western,-0.59753954,30.68182,1446.0,28.6,15.6,3.4,3.4,8.0,100,45,14.7,42783.18,4.54,-1.1400000000000001,2026-06-14T10:33:59.700217,open-meteo.com
2026-05-23,Mbarara,Western,-0.59753954,30.68182,1446.0,26.3,16.6,1.7,1.7,5.0,98,48,20.3,37710.7,3.93,-2.2300000000000004,2026-06-14T10:33:59.700235,open-meteo.com
2026-05-24,Mbarara,Western,-0.59753954,30.68182,1446.0,28.5,16.5,0.0,0.0,0.0,86,41,15.6,42792.25,5.14,-5.14,2026-06-14T10:33:59.700255,open-meteo.com
2026-05-25,Mbarara,Western,-0.59753954,30.68182,1446.0,28.7,17.4,0.4,0.4,3.0,91,36,19.7,42797.84,5.23,-4.83,2026-06-14T10:33:59.700278,open-meteo.com
2026-05-26,Mbarara,Western,-0.59753954,30.68182,1446.0,29.3,17.2,0.0,0.0,0.0,79,33,18.1,42804.08,5.3,-5.3,2026-06-14T10:33:59.700298,open-meteo.com
2026-05-27,Mbarara,Western,-0.59753954,30.68182,1446.0,28.4,17.0,0.0,0.0,0.0,82,36,20.1,36740.24,4.79,-4.79,2026-06-14T10:33:59.700317,open-meteo.com
2026-05-28,Mbarara,Western,-0.59753954,30.68182,1446.0,27.5,18.8,0.0,0.0,0.0,72,37,20.4,33551.75,4.69,-4.69,2026-06-14T10:33:59.700336,open-meteo.com
2026-05-29,Mbarara,Western,-0.59753954,30.68182,1446.0,28.0,17.9,0.0,0.0,0.0,76,35,21.0,37285.7,5.06,-5.06,2026-06-14T10:33:59.700355,open-meteo.com
2026-05-30,Mbarara,Western,-0.59753954,30.68182,1446.0,28.6,17.2,0.1,0.1,1.0,78,36,18.6,42697.04,5.19,-5.090000000000001,2026-06-14T10:33:59.700374,open-meteo.com
2026-05-31,Mbarara,Western,-0.59753954,30.68182,1446.0,26.9,18.0,2.3,2.3,7.0,77,48,22.5,41952.39,4.52,-2.2199999999999998,2026-06-14T10:33:59.700393,open-meteo.com
2026-06-01,Mbarara,Western,-0.59753954,30.68182,1446.0,26.0,18.8,1.1,1.1,4.0,78,48,23.9,42852.59,4.66,-3.56,2026-06-14T10:33:59.700412,open-meteo.com
2026-06-02,Mbarara,Western,-0.59753954,30.68182,1446.0,25.4,18.4,1.6,1.6,5.0,77,52,21.6,40208.78,4.09,-2.4899999999999998,2026-06-14T10:33:59.700431,open-meteo.com
2026-06-03,Mbarara,Western,-0.59753954,30.68182,1446.0,27.2,17.3,0.7,0.7,4.0,84,45,19.3,38153.44,4.4,-3.7,2026-06-14T10:33:59.700451,open-meteo.com
2026-06-04,Mbarara,Western,-0.59753954,30.68182,1446.0,28.0,16.2,1.9,1.9,3.0,91,41,19.0,42881.96,4.42,-2.52,2026-06-14T10:33:59.700474,open-meteo.com
2026-06-05,Mbarara,Western,-0.59753954,30.68182,1446.0,28.1,16.1,1.3,1.3,5.0,95,44,19.2,42892.21,4.2,-2.9000000000000004,2026-06-14T10:33:59.700498,open-meteo.com
2026-06-06,Mbarara,Western,-0.59753954,30.68182,1446.0,26.4,16.7,1.5,1.5,7.0,98,48,19.0,34337.27,3.36,-1.8599999999999999,2026-06-14T10:33:59.700518,open-meteo.com
2026-06-07,Mbarara,Western,-0.59753954,30.68182,1446.0,28.0,17.3,1.0,1.0,4.0,99,45,15.4,42913.15,4.51,-3.51,2026-06-14T10:33:59.700537,open-meteo.com
2026-06-08,Mbarara,Western,-0.59753954,30.68182,1446.0,27.5,16.3,2.6,2.6,6.0,94,46,19.1,42923.74,4.64,-2.0399999999999996,2026-06-14T10:33:59.700556,open-meteo.com
2026-06-09,Mbarara,Western,-0.59753954,30.68182,1446.0,28.6,16.4,0.0,0.0,0.0,95,38,18.9,42934.35,5.16,-5.16,2026-06-14T10:33:59.700575,open-meteo.com
2026-06-10,Mbarara,Western,-0.59753954,30.68182,1446.0,28.3,16.3,0.7,0.7,6.0,93,38,18.0,41683.52,4.84,-4.14,2026-06-14T10:33:59.700594,open-meteo.com
2026-06-11,Mbarara,Western,-0.59753954,30.68182,1446.0,28.0,14.9,0.4,0.4,3.0,93,39,18.8,42955.64,4.76,-4.359999999999999,2026-06-14T10:33:59.700613,open-meteo.com
2026-06-12,Mbarara,Western,-0.59753954,30.68182,1446.0,28.6,15.4,0.0,0.0,0.0,93,33,21.6,39829.27,4.72,-4.72,2026-06-14T10:33:59.700632,open-meteo.com
2026-06-13,Mbarara,Western,-0.59753954,30.68182,1446.0,28.0,17.9,0.0,0.0,0.0,82,36,19.5,42978.7,5.22,-5.22,2026-06-14T10:33:59.700651,open-meteo.com
2026-06-14,Mbarara,Western,-0.59753954,30.68182,1446.0,28.2,17.6,0.0,0.0,0.0,79,33,19.7,41443.15,4.88,-4.88,2026-06-14T10:33:59.700676,open-meteo.com
2025-06-14,Mbale,Eastern,1.0896308,34.1844,1123.0,28.2,18.5,2.6,2.6,10.0,90,50,12.5,40486.29,4.3,-1.6999999999999997,2026-06-14T10:34:03.684438,open-meteo.com
2025-06-15,Mbale,Eastern,1.0896308,34.1844,1123.0,27.9,18.1,2.0,2.0,6.0,92,50,11.6,38880.68,4.26,-2.26,2026-06-14T10:34:03.684508,open-meteo.com
2025-06-16,Mbale,Eastern,1.0896308,34.1844,1123.0,27.2,17.6,3.0,3.0,6.0,95,48,15.4,38908.94,4.38,-1.38,2026-06-14T10:34:03.684554,open-meteo.com
2025-06-17,Mbale,Eastern,1.0896308,34.1844,1123.0,27.6,18.8,11.5,11.5,5.0,92,52,13.8,38667.75,3.63,7.87,2026-06-14T10:34:03.684596,open-meteo.com
2025-06-18,Mbale,Eastern,1.0896308,34.1844,1123.0,24.6,17.3,21.6,21.6,10.0,96,65,9.7,39383.89,3.29,18.310000000000002,2026-06-14T10:34:03.684637,open-meteo.com
2025-06-19,Mbale,Eastern,1.0896308,34.1844,1123.0,24.3,17.6,30.4,30.4,17.0,99,72,10.3,20812.55,2.34,28.06,2026-06-14T10:34:03.684679,open-meteo.com
2025-06-20,Mbale,Eastern,1.0896308,34.1844,1123.0,25.3,18.2,9.4,9.4,4.0,91,61,7.9,38031.65,3.55,5.8500000000000005,2026-06-14T10:34:03.684721,open-meteo.com
2025-06-21,Mbale,Eastern,1.0896308,34.1844,1123.0,26.0,17.3,3.9,3.9,8.0,91,59,10.1,41948.72,3.92,-0.020000000000000018,2026-06-14T10:34:03.684762,open-meteo.com
2025-06-22,Mbale,Eastern,1.0896308,34.1844,1123.0,27.5,17.9,1.2,1.2,3.0,88,49,14.9,41941.92,4.09,-2.8899999999999997,2026-06-14T10:34:03.684802,open-meteo.com
2025-06-23,Mbale,Eastern,1.0896308,34.1844,1123.0,26.4,18.5,0.7,0.7,4.0,89,58,14.5,42185.45,3.95,-3.25,2026-06-14T10:34:03.684843,open-meteo.com
2025-06-24,Mbale,Eastern,1.0896308,34.1844,1123.0,25.5,17.6,9.5,9.5,7.0,97,61,13.3,39788.7,3.46,6.04,2026-06-14T10:34:03.684914,open-meteo.com
2025-06-25,Mbale,Eastern,1.0896308,34.1844,1123.0,27.0,16.9,0.2,0.2,1.0,94,51,10.2,42421.29,4.12,-3.92,2026-06-14T10:34:03.684957,open-meteo.com
2025-06-26,Mbale,Eastern,1.0896308,34.1844,1123.0,27.0,18.9,6.3,6.3,5.0,91,57,11.9,42163.29,3.95,2.3499999999999996,2026-06-14T10:34:03.684998,open-meteo.com
2025-06-27,Mbale,Eastern,1.0896308,34.1844,1123.0,27.7,17.7,0.5,0.5,2.0,89,52,10.6,42499.24,4.2,-3.7,2026-06-14T10:34:03.685056,open-meteo.com
2025-06-28,Mbale,Eastern,1.0896308,34.1844,1123.0,26.5,17.7,4.3,4.3,3.0,92,57,11.1,41897.77,3.84,0.45999999999999996,2026-06-14T10:34:03.685098,open-meteo.com
2025-06-29,Mbale,Eastern,1.0896308,34.1844,1123.0,24.9,18.2,10.8,10.8,7.0,95,57,12.3,39536.95,3.22,7.58,2026-06-14T10:34:03.685139,open-meteo.com
2025-06-30,Mbale,Eastern,1.0896308,34.1844,1123.0,26.2,17.7,9.1,9.1,8.0,97,57,9.7,38608.51,3.38,5.72,2026-06-14T10:34:03.685180,open-meteo.com
2025-07-01,Mbale,Eastern,1.0896308,34.1844,1123.0,25.4,17.3,18.1,18.1,11.0,97,60,16.4,36779.75,3.24,14.860000000000001,2026-06-14T10:34:03.685222,open-meteo.com
2025-07-02,Mbale,Eastern,1.0896308,34.1844,1123.0,25.2,16.8,2.9,2.9,7.0,94,57,11.1,42117.43,3.4,-0.5,2026-06-14T10:34:03.685263,open-meteo.com
2025-07-03,Mbale,Eastern,1.0896308,34.1844,1123.0,25.9,17.6,5.1,5.1,9.0,93,56,10.3,39382.64,3.73,1.3699999999999997,2026-06-14T10:34:03.685303,open-meteo.com
2025-07-04,Mbale,Eastern,1.0896308,34.1844,1123.0,27.3,17.3,2.2,2.2,7.0,91,49,10.7,39366.14,4.05,-1.8499999999999996,2026-06-14T10:34:03.685343,open-meteo.com
2025-07-05,Mbale,Eastern,1.0896308,34.1844,1123.0,26.7,18.0,7.9,7.9,9.0,95,56,12.5,40196.66,3.76,4.140000000000001,2026-06-14T10:34:03.685384,open-meteo.com
2025-07-06,Mbale,Eastern,1.0896308,34.1844,1123.0,26.9,17.5,0.8,0.8,3.0,96,50,10.0,40593.62,4.12,-3.3200000000000003,2026-06-14T10:34:03.685425,open-meteo.com
2025-07-07,Mbale,Eastern,1.0896308,34.1844,1123.0,24.9,17.3,11.5,11.5,6.0,100,69,10.5,38709.26,3.07,8.43,2026-06-14T10:34:03.685476,open-meteo.com
2025-07-08,Mbale,Eastern,1.0896308,34.1844,1123.0,27.1,17.6,1.0,1.0,5.0,92,50,11.5,40830.52,3.93,-2.93,2026-06-14T10:34:03.685518,open-meteo.com
2025-07-09,Mbale,Eastern,1.0896308,34.1844,1123.0,24.1,17.5,36.6,36.6,16.0,99,68,10.9,34034.32,2.73,33.870000000000005,2026-06-14T10:34:03.685559,open-meteo.com
2025-07-10,Mbale,Eastern,1.0896308,34.1844,1123.0,23.0,17.9,22.1,22.1,19.0,100,74,10.4,17780.95,1.99,20.110000000000003,2026-06-14T10:34:03.685600,open-meteo.com
2025-07-11,Mbale,Eastern,1.0896308,34.1844,1123.0,25.9,17.3,2.7,2.7,8.0,91,54,9.4,36000.0,3.97,-1.27,2026-06-14T10:34:03.685640,open-meteo.com
2025-07-12,Mbale,Eastern,1.0896308,34.1844,1123.0,26.2,17.5,6.9,6.9,6.0,97,57,14.6,36078.2,3.67,3.2300000000000004,2026-06-14T10:34:03.685681,open-meteo.com
2025-07-13,Mbale,Eastern,1.0896308,34.1844,1123.0,26.4,16.4,5.7,5.7,8.0,98,63,10.4,41047.75,3.93,1.77,2026-06-14T10:34:03.685721,open-meteo.com
2025-07-14,Mbale,Eastern,1.0896308,34.1844,1123.0,25.7,17.3,24.2,24.2,16.0,100,63,9.9,39734.5,3.52,20.68,2026-06-14T10:34:03.685762,open-meteo.com
2025-07-15,Mbale,Eastern,1.0896308,34.1844,1123.0,25.2,16.6,13.1,13.1,8.0,95,64,11.2,42658.77,3.72,9.379999999999999,2026-06-14T10:34:03.685813,open-meteo.com
2025-07-16,Mbale,Eastern,1.0896308,34.1844,1123.0,25.8,16.4,4.1,4.1,7.0,95,55,11.9,42510.72,3.6,0.49999999999999956,2026-06-14T10:34:03.685854,open-meteo.com
2025-07-17,Mbale,Eastern,1.0896308,34.1844,1123.0,25.2,16.6,3.6,3.6,12.0,100,60,17.1,39342.44,3.26,0.3400000000000003,2026-06-14T10:34:03.685923,open-meteo.com
2025-07-18,Mbale,Eastern,1.0896308,34.1844,1123.0,26.3,17.4,1.9,1.9,4.0,89,52,8.3,42672.29,4.0,-2.1,2026-06-14T10:34:03.685966,open-meteo.com
2025-07-19,Mbale,Eastern,1.0896308,34.1844,1123.0,27.9,16.6,4.6,4.6,2.0,98,52,12.7,42675.69,4.57,0.02999999999999936,2026-06-14T10:34:03.686007,open-meteo.com
2025-07-20,Mbale,Eastern,1.0896308,34.1844,1123.0,26.5,17.5,5.2,5.2,6.0,92,59,11.5,41991.01,3.83,1.37,2026-06-14T10:34:03.686047,open-meteo.com
2025-07-21,Mbale,Eastern,1.0896308,34.1844,1123.0,27.6,17.6,2.4,2.4,8.0,98,50,15.0,42680.62,4.24,-1.8400000000000003,2026-06-14T10:34:03.686088,open-meteo.com
2025-07-22,Mbale,Eastern,1.0896308,34.1844,1123.0,25.9,18.2,1.3,1.3,10.0,94,64,8.5,38546.86,3.4,-2.0999999999999996,2026-06-14T10:34:03.686129,open-meteo.com
2025-07-23,Mbale,Eastern,1.0896308,34.1844,1123.0,27.7,17.8,10.5,10.5,7.0,95,55,10.6,39041.83,3.92,6.58,2026-06-14T10:34:03.686169,open-meteo.com
2025-07-24,Mbale,Eastern,1.0896308,34.1844,1123.0,27.7,18.1,1.2,1.2,7.0,90,51,12.0,42682.88,4.13,-2.9299999999999997,2026-06-14T10:34:03.686210,open-meteo.com
2025-07-25,Mbale,Eastern,1.0896308,34.1844,1123.0,28.5,17.1,1.0,1.0,7.0,94,45,14.1,42682.12,4.57,-3.5700000000000003,2026-06-14T10:34:03.686251,open-meteo.com
2025-07-26,Mbale,Eastern,1.0896308,34.1844,1123.0,28.2,17.9,0.4,0.4,2.0,82,46,12.8,42447.02,4.57,-4.17,2026-06-14T10:34:03.686292,open-meteo.com
2025-07-27,Mbale,Eastern,1.0896308,34.1844,1123.0,28.3,17.7,0.2,0.2,2.0,81,47,11.4,42678.39,4.69,-4.49,2026-06-14T10:34:03.686363,open-meteo.com
2025-07-28,Mbale,Eastern,1.0896308,34.1844,1123.0,28.2,17.1,0.9,0.9,2.0,99,49,8.0,35475.55,4.44,-3.5400000000000005,2026-06-14T10:34:03.686405,open-meteo.com
2025-07-29,Mbale,Eastern,1.0896308,34.1844,1123.0,27.7,17.9,1.5,1.5,5.0,98,48,9.4,28489.46,4.28,-2.7800000000000002,2026-06-14T10:34:03.686446,open-meteo.com
2025-07-30,Mbale,Eastern,1.0896308,34.1844,1123.0,26.8,19.0,1.2,1.2,2.0,95,51,12.1,37607.48,3.81,-2.6100000000000003,2026-06-14T10:34:03.686487,open-meteo.com
2025-07-31,Mbale,Eastern,1.0896308,34.1844,1123.0,27.3,17.2,0.1,0.1,1.0,94,53,9.4,41698.99,4.35,-4.25,2026-06-14T10:34:03.686528,open-meteo.com
2025-08-01,Mbale,Eastern,1.0896308,34.1844,1123.0,27.1,16.9,1.6,1.6,2.0,95,56,9.9,41454.72,4.2,-2.6,2026-06-14T10:34:03.686569,open-meteo.com
2025-08-02,Mbale,Eastern,1.0896308,34.1844,1123.0,26.9,17.7,0.5,0.5,3.0,86,57,15.8,42651.95,4.24,-3.74,2026-06-14T10:34:03.686609,open-meteo.com
2025-08-03,Mbale,Eastern,1.0896308,34.1844,1123.0,25.8,17.8,12.9,12.9,10.0,97,62,12.4,31812.82,3.75,9.15,2026-06-14T10:34:03.686650,open-meteo.com
2025-08-04,Mbale,Eastern,1.0896308,34.1844,1123.0,26.7,15.7,0.8,0.8,5.0,94,48,6.4,42638.34,4.24,-3.4400000000000004,2026-06-14T10:34:03.686691,open-meteo.com
2025-08-05,Mbale,Eastern,1.0896308,34.1844,1123.0,27.3,17.2,1.3,1.3,7.0,88,50,7.8,41929.15,4.4,-3.1000000000000005,2026-06-14T10:34:03.686731,open-meteo.com
2025-08-06,Mbale,Eastern,1.0896308,34.1844,1123.0,26.2,17.8,10.4,10.4,7.0,98,57,8.9,38627.23,3.56,6.84,2026-06-14T10:34:03.686783,open-meteo.com
2025-08-07,Mbale,Eastern,1.0896308,34.1844,1123.0,26.4,17.3,5.1,5.1,11.0,99,57,12.5,36661.46,4.09,1.0099999999999998,2026-06-14T10:34:03.686824,open-meteo.com
2025-08-08,Mbale,Eastern,1.0896308,34.1844,1123.0,27.1,17.6,7.8,7.8,4.0,98,53,11.9,41207.76,4.24,3.5599999999999996,2026-06-14T10:34:03.686865,open-meteo.com
2025-08-09,Mbale,Eastern,1.0896308,34.1844,1123.0,27.3,16.5,12.1,12.1,13.0,100,57,11.7,37454.41,4.09,8.01,2026-06-14T10:34:03.686923,open-meteo.com
2025-08-10,Mbale,Eastern,1.0896308,34.1844,1123.0,26.6,17.4,5.5,5.5,12.0,100,56,10.7,33849.18,3.1,2.4,2026-06-14T10:34:03.686964,open-meteo.com
2025-08-11,Mbale,Eastern,1.0896308,34.1844,1123.0,26.2,17.5,9.6,9.6,14.0,99,65,9.4,41545.0,3.88,5.72,2026-06-14T10:34:03.687005,open-meteo.com
2025-08-12,Mbale,Eastern,1.0896308,34.1844,1123.0,26.6,17.7,12.3,12.3,14.0,98,61,10.8,41924.72,4.06,8.240000000000002,2026-06-14T10:34:03.687046,open-meteo.com
2025-08-13,Mbale,Eastern,1.0896308,34.1844,1123.0,26.2,17.3,13.1,13.1,15.0,100,60,9.5,40500.12,3.85,9.25,2026-06-14T10:34:03.687086,open-meteo.com
2025-08-14,Mbale,Eastern,1.0896308,34.1844,1123.0,27.1,16.7,2.2,2.2,6.0,92,53,8.5,42538.13,4.45,-2.25,2026-06-14T10:34:03.687127,open-meteo.com
2025-08-15,Mbale,Eastern,1.0896308,34.1844,1123.0,27.5,16.9,5.6,5.6,7.0,99,50,11.8,42525.34,4.43,1.17,2026-06-14T10:34:03.687168,open-meteo.com
2025-08-16,Mbale,Eastern,1.0896308,34.1844,1123.0,24.3,17.4,10.7,10.7,18.0,100,67,13.0,34403.06,3.08,7.619999999999999,2026-06-14T10:34:03.687219,open-meteo.com
2025-08-17,Mbale,Eastern,1.0896308,34.1844,1123.0,26.7,16.1,8.9,8.9,8.0,100,56,14.0,41694.91,4.25,4.65,2026-06-14T10:34:03.687260,open-meteo.com
2025-08-18,Mbale,Eastern,1.0896308,34.1844,1123.0,24.9,17.1,16.2,16.2,13.0,98,65,15.5,29216.25,3.08,13.12,2026-06-14T10:34:03.687301,open-meteo.com
2025-08-19,Mbale,Eastern,1.0896308,34.1844,1123.0,25.1,16.8,8.3,8.3,10.0,98,57,21.7,21885.45,2.7,5.6000000000000005,2026-06-14T10:34:03.687342,open-meteo.com
2025-08-20,Mbale,Eastern,1.0896308,34.1844,1123.0,25.5,16.6,1.3,1.3,9.0,99,59,11.5,33904.02,3.78,-2.4799999999999995,2026-06-14T10:34:03.687383,open-meteo.com
2025-08-21,Mbale,Eastern,1.0896308,34.1844,1123.0,24.4,16.8,1.0,1.0,3.0,95,64,12.4,19868.91,2.77,-1.77,2026-06-14T10:34:03.687423,open-meteo.com
2025-08-22,Mbale,Eastern,1.0896308,34.1844,1123.0,27.1,15.8,0.7,0.7,2.0,96,49,13.5,41477.74,4.64,-3.9399999999999995,2026-06-14T10:34:03.687463,open-meteo.com
2025-08-23,Mbale,Eastern,1.0896308,34.1844,1123.0,27.2,18.0,2.7,2.7,5.0,92,47,19.8,37477.61,4.28,-1.58,2026-06-14T10:34:03.687505,open-meteo.com
2025-08-24,Mbale,Eastern,1.0896308,34.1844,1123.0,26.5,17.6,0.4,0.4,3.0,96,47,11.8,38569.2,3.72,-3.3200000000000003,2026-06-14T10:34:03.687545,open-meteo.com
2025-08-25,Mbale,Eastern,1.0896308,34.1844,1123.0,25.2,17.2,7.5,7.5,10.0,96,61,7.5,41493.18,3.76,3.74,2026-06-14T10:34:03.687585,open-meteo.com
2025-08-26,Mbale,Eastern,1.0896308,34.1844,1123.0,25.8,16.6,3.5,3.5,12.0,99,65,10.9,39680.33,3.98,-0.48,2026-06-14T10:34:03.687636,open-meteo.com
2025-08-27,Mbale,Eastern,1.0896308,34.1844,1123.0,26.4,17.1,2.0,2.0,7.0,91,57,10.2,41971.58,4.13,-2.13,2026-06-14T10:34:03.687677,open-meteo.com
2025-08-28,Mbale,Eastern,1.0896308,34.1844,1123.0,26.6,16.9,0.8,0.8,5.0,99,59,9.6,41278.08,4.32,-3.5200000000000005,2026-06-14T10:34:03.687718,open-meteo.com
2025-08-29,Mbale,Eastern,1.0896308,34.1844,1123.0,27.6,16.3,1.1,1.1,3.0,87,50,11.2,41284.79,4.15,-3.0500000000000003,2026-06-14T10:34:03.687758,open-meteo.com
2025-08-30,Mbale,Eastern,1.0896308,34.1844,1123.0,27.8,16.7,2.0,2.0,7.0,89,50,11.8,42264.05,4.79,-2.79,2026-06-14T10:34:03.687801,open-meteo.com
2025-08-31,Mbale,Eastern,1.0896308,34.1844,1123.0,24.1,17.5,31.1,31.1,12.0,100,72,14.8,35095.4,3.16,27.94,2026-06-14T10:34:03.687842,open-meteo.com
2025-09-01,Mbale,Eastern,1.0896308,34.1844,1123.0,27.3,16.8,4.2,4.2,4.0,99,50,9.9,41538.23,4.42,-0.21999999999999975,2026-06-14T10:34:03.687899,open-meteo.com
2025-09-02,Mbale,Eastern,1.0896308,34.1844,1123.0,28.2,16.6,0.3,0.3,2.0,86,48,11.0,41081.6,4.98,-4.680000000000001,2026-06-14T10:34:03.687941,open-meteo.com
2025-09-03,Mbale,Eastern,1.0896308,34.1844,1123.0,28.5,17.0,7.2,7.2,4.0,93,44,15.1,40162.41,4.83,2.37,2026-06-14T10:34:03.687982,open-meteo.com
2025-09-04,Mbale,Eastern,1.0896308,34.1844,1123.0,28.6,17.5,0.1,0.1,1.0,84,46,7.9,41791.92,4.71,-4.61,2026-06-14T10:34:03.688032,open-meteo.com
2025-09-05,Mbale,Eastern,1.0896308,34.1844,1123.0,27.3,18.4,4.8,4.8,8.0,89,54,9.2,41799.67,4.24,0.5599999999999996,2026-06-14T10:34:03.688083,open-meteo.com
2025-09-06,Mbale,Eastern,1.0896308,34.1844,1123.0,28.9,17.6,2.7,2.7,3.0,91,49,12.8,41807.83,4.5,-1.7999999999999998,2026-06-14T10:34:03.688124,open-meteo.com
2025-09-07,Mbale,Eastern,1.0896308,34.1844,1123.0,28.3,17.5,6.0,6.0,6.0,97,49,11.4,40892.28,4.43,1.5700000000000003,2026-06-14T10:34:03.688165,open-meteo.com
2025-09-08,Mbale,Eastern,1.0896308,34.1844,1123.0,26.7,18.5,10.5,10.5,6.0,96,55,8.5,42043.0,4.3,6.2,2026-06-14T10:34:03.688205,open-meteo.com
2025-09-09,Mbale,Eastern,1.0896308,34.1844,1123.0,29.0,17.0,0.0,0.0,0.0,84,44,12.5,42052.45,4.95,-4.95,2026-06-14T10:34:03.688263,open-meteo.com
2025-09-10,Mbale,Eastern,1.0896308,34.1844,1123.0,28.1,17.8,4.9,4.9,5.0,100,53,17.8,39540.13,4.74,0.16000000000000014,2026-06-14T10:34:03.688300,open-meteo.com
2025-09-11,Mbale,Eastern,1.0896308,34.1844,1123.0,25.2,17.4,26.8,26.8,11.0,100,65,13.7,34916.91,3.66,23.14,2026-06-14T10:34:03.688336,open-meteo.com
2025-09-12,Mbale,Eastern,1.0896308,34.1844,1123.0,28.1,18.0,4.0,4.0,3.0,89,55,9.1,37602.85,4.61,-0.6100000000000003,2026-06-14T10:34:03.688372,open-meteo.com
2025-09-13,Mbale,Eastern,1.0896308,34.1844,1123.0,26.3,16.7,20.2,20.2,7.0,94,58,11.8,40952.97,3.94,16.259999999999998,2026-06-14T10:34:03.688407,open-meteo.com
2025-09-14,Mbale,Eastern,1.0896308,34.1844,1123.0,28.2,16.6,1.9,1.9,2.0,94,46,9.4,41654.09,4.56,-2.6599999999999997,2026-06-14T10:34:03.688443,open-meteo.com
2025-09-15,Mbale,Eastern,1.0896308,34.1844,1123.0,26.6,17.8,2.0,2.0,3.0,91,51,10.7,39824.59,4.28,-2.2800000000000002,2026-06-14T10:34:03.688490,open-meteo.com
2025-09-16,Mbale,Eastern,1.0896308,34.1844,1123.0,27.3,16.9,2.6,2.6,6.0,98,62,10.2,40295.87,4.53,-1.9300000000000002,2026-06-14T10:34:03.688581,open-meteo.com
2025-09-17,Mbale,Eastern,1.0896308,34.1844,1123.0,27.9,16.7,2.9,2.9,4.0,100,55,15.8,39280.72,4.68,-1.7799999999999998,2026-06-14T10:34:03.688651,open-meteo.com
2025-09-18,Mbale,Eastern,1.0896308,34.1844,1123.0,28.2,17.7,0.3,0.3,2.0,91,49,11.1,40784.44,4.65,-4.3500000000000005,2026-06-14T10:34:03.688690,open-meteo.com
2025-09-19,Mbale,Eastern,1.0896308,34.1844,1123.0,27.9,17.5,1.5,1.5,3.0,90,55,5.6,41478.52,4.87,-3.37,2026-06-14T10:34:03.688726,open-meteo.com
2025-09-20,Mbale,Eastern,1.0896308,34.1844,1123.0,28.4,18.1,2.6,2.6,5.0,95,55,10.9,41030.08,4.66,-2.06,2026-06-14T10:34:03.688762,open-meteo.com
2025-09-21,Mbale,Eastern,1.0896308,34.1844,1123.0,28.8,17.3,0.4,0.4,2.0,96,42,11.9,41500.54,5.13,-4.7299999999999995,2026-06-14T10:34:03.688798,open-meteo.com
2025-09-22,Mbale,Eastern,1.0896308,34.1844,1123.0,27.4,17.6,3.3,3.3,6.0,91,48,11.3,41052.09,4.34,-1.04,2026-06-14T10:34:03.688834,open-meteo.com
2025-09-23,Mbale,Eastern,1.0896308,34.1844,1123.0,28.7,17.1,0.2,0.2,2.0,88,40,12.2,40833.24,5.17,-4.97,2026-06-14T10:34:03.688870,open-meteo.com
2025-09-24,Mbale,Eastern,1.0896308,34.1844,1123.0,28.1,18.2,1.4,1.4,3.0,86,48,12.4,41073.74,4.81,-3.4099999999999997,2026-06-14T10:34:03.688924,open-meteo.com
2025-09-25,Mbale,Eastern,1.0896308,34.1844,1123.0,27.6,17.6,0.7,0.7,5.0,90,50,10.6,37374.7,4.5,-3.8,2026-06-14T10:34:03.688974,open-meteo.com
2025-09-26,Mbale,Eastern,1.0896308,34.1844,1123.0,28.5,18.2,2.7,2.7,3.0,89,44,9.4,40406.7,4.34,-1.6399999999999997,2026-06-14T10:34:03.689011,open-meteo.com
2025-09-27,Mbale,Eastern,1.0896308,34.1844,1123.0,28.4,17.8,1.1,1.1,6.0,93,47,9.7,40647.7,4.55,-3.4499999999999997,2026-06-14T10:34:03.689047,open-meteo.com
2025-09-28,Mbale,Eastern,1.0896308,34.1844,1123.0,28.7,18.1,6.1,6.1,4.0,95,42,10.7,35825.25,4.3,1.7999999999999998,2026-06-14T10:34:03.689083,open-meteo.com
2025-09-29,Mbale,Eastern,1.0896308,34.1844,1123.0,29.2,18.4,1.1,1.1,5.0,89,45,13.2,40900.46,4.94,-3.8400000000000003,2026-06-14T10:34:03.689118,open-meteo.com
2025-09-30,Mbale,Eastern,1.0896308,34.1844,1123.0,29.8,19.2,1.8,1.8,2.0,78,48,11.5,39762.28,4.62,-2.8200000000000003,2026-06-14T10:34:03.689154,open-meteo.com
2025-10-01,Mbale,Eastern,1.0896308,34.1844,1123.0,28.9,18.8,2.3,2.3,7.0,93,47,18.9,40003.55,4.7,-2.4000000000000004,2026-06-14T10:34:03.689191,open-meteo.com
2025-10-02,Mbale,Eastern,1.0896308,34.1844,1123.0,27.9,17.4,14.1,14.1,7.0,97,55,9.7,37894.17,4.25,9.85,2026-06-14T10:34:03.689227,open-meteo.com
2025-10-03,Mbale,Eastern,1.0896308,34.1844,1123.0,25.9,18.4,2.2,2.2,8.0,98,56,16.7,27651.7,3.37,-1.17,2026-06-14T10:34:03.689263,open-meteo.com
2025-10-04,Mbale,Eastern,1.0896308,34.1844,1123.0,26.8,17.3,10.6,10.6,5.0,100,57,8.3,39600.0,4.34,6.26,2026-06-14T10:34:03.689299,open-meteo.com
2025-10-05,Mbale,Eastern,1.0896308,34.1844,1123.0,26.8,17.8,9.8,9.8,10.0,95,57,9.2,39683.22,3.89,5.91,2026-06-14T10:34:03.689344,open-meteo.com
2025-10-06,Mbale,Eastern,1.0896308,34.1844,1123.0,25.4,17.2,12.2,12.2,14.0,99,66,9.4,36258.78,3.51,8.69,2026-06-14T10:34:03.689381,open-meteo.com
2025-10-07,Mbale,Eastern,1.0896308,34.1844,1123.0,26.9,17.8,13.3,13.3,13.0,97,60,9.3,38672.59,3.91,9.39,2026-06-14T10:34:03.689417,open-meteo.com
2025-10-08,Mbale,Eastern,1.0896308,34.1844,1123.0,26.3,18.0,5.9,5.9,4.0,91,55,13.0,40602.44,4.08,1.8200000000000003,2026-06-14T10:34:03.689453,open-meteo.com
2025-10-09,Mbale,Eastern,1.0896308,34.1844,1123.0,25.9,17.3,9.5,9.5,9.0,89,57,10.5,40375.01,4.06,5.44,2026-06-14T10:34:03.689489,open-meteo.com
2025-10-10,Mbale,Eastern,1.0896308,34.1844,1123.0,27.3,17.1,5.1,5.1,6.0,89,50,12.4,40609.79,4.81,0.29000000000000004,2026-06-14T10:34:03.689525,open-meteo.com
2025-10-11,Mbale,Eastern,1.0896308,34.1844,1123.0,27.5,17.6,4.3,4.3,1.0,81,51,9.2,40382.06,4.54,-0.2400000000000002,2026-06-14T10:34:03.689561,open-meteo.com
2025-10-12,Mbale,Eastern,1.0896308,34.1844,1123.0,28.7,17.6,1.6,1.6,2.0,83,40,16.5,40848.91,4.8,-3.1999999999999997,2026-06-14T10:34:03.689597,open-meteo.com
2025-10-13,Mbale,Eastern,1.0896308,34.1844,1123.0,28.7,18.1,2.4,2.4,3.0,81,39,9.2,38670.66,4.03,-1.6300000000000003,2026-06-14T10:34:03.689633,open-meteo.com
2025-10-14,Mbale,Eastern,1.0896308,34.1844,1123.0,29.5,17.6,0.9,0.9,3.0,84,37,11.7,41089.36,4.96,-4.06,2026-06-14T10:34:03.689669,open-meteo.com
2025-10-15,Mbale,Eastern,1.0896308,34.1844,1123.0,28.5,18.5,0.0,0.0,0.0,83,42,9.0,40861.86,5.0,-5.0,2026-06-14T10:34:03.689715,open-meteo.com
2025-10-16,Mbale,Eastern,1.0896308,34.1844,1123.0,27.9,17.4,1.4,1.4,3.0,84,52,10.1,40401.51,4.86,-3.4600000000000004,2026-06-14T10:34:03.689752,open-meteo.com
2025-10-17,Mbale,Eastern,1.0896308,34.1844,1123.0,25.8,18.6,8.5,8.5,8.0,95,63,14.0,33600.18,3.39,5.109999999999999,2026-06-14T10:34:03.689788,open-meteo.com
2025-10-18,Mbale,Eastern,1.0896308,34.1844,1123.0,27.8,18.3,11.1,11.1,9.0,93,47,12.4,39600.0,4.39,6.71,2026-06-14T10:34:03.689832,open-meteo.com
2025-10-19,Mbale,Eastern,1.0896308,34.1844,1123.0,28.5,17.7,7.0,7.0,8.0,93,55,14.0,37851.48,4.59,2.41,2026-06-14T10:34:03.689869,open-meteo.com
2025-10-20,Mbale,Eastern,1.0896308,34.1844,1123.0,28.3,18.0,3.2,3.2,4.0,94,45,14.1,40419.12,4.65,-1.4500000000000002,2026-06-14T10:34:03.689927,open-meteo.com
2025-10-21,Mbale,Eastern,1.0896308,34.1844,1123.0,27.8,18.0,6.4,6.4,8.0,100,50,15.2,38263.06,4.51,1.8900000000000006,2026-06-14T10:34:03.689965,open-meteo.com
2025-10-22,Mbale,Eastern,1.0896308,34.1844,1123.0,26.5,18.7,3.9,3.9,8.0,97,54,14.9,34924.62,3.73,0.16999999999999993,2026-06-14T10:34:03.690002,open-meteo.com
2025-10-23,Mbale,Eastern,1.0896308,34.1844,1123.0,25.5,17.9,16.7,16.7,13.0,97,65,9.3,24427.92,2.92,13.78,2026-06-14T10:34:03.690038,open-meteo.com
2025-10-24,Mbale,Eastern,1.0896308,34.1844,1123.0,27.1,18.8,5.1,5.1,4.0,96,58,9.6,39825.38,4.28,0.8199999999999994,2026-06-14T10:34:03.690074,open-meteo.com
2025-10-25,Mbale,Eastern,1.0896308,34.1844,1123.0,24.4,18.4,7.2,7.2,7.0,97,63,12.4,33814.16,2.9,4.300000000000001,2026-06-14T10:34:03.690127,open-meteo.com
2025-10-26,Mbale,Eastern,1.0896308,34.1844,1123.0,26.9,16.7,7.4,7.4,10.0,95,60,10.7,33883.05,3.69,3.7100000000000004,2026-06-14T10:34:03.690164,open-meteo.com
2025-10-27,Mbale,Eastern,1.0896308,34.1844,1123.0,28.8,19.1,3.2,3.2,5.0,91,56,11.2,37260.39,4.32,-1.12,2026-06-14T10:34:03.690200,open-meteo.com
2025-10-28,Mbale,Eastern,1.0896308,34.1844,1123.0,28.4,19.0,1.1,1.1,3.0,86,48,9.8,40529.48,4.24,-3.14,2026-06-14T10:34:03.690254,open-meteo.com
2025-10-29,Mbale,Eastern,1.0896308,34.1844,1123.0,27.3,18.7,18.0,18.0,13.0,99,61,9.3,35938.94,3.56,14.44,2026-06-14T10:34:03.690294,open-meteo.com
2025-10-30,Mbale,Eastern,1.0896308,34.1844,1123.0,25.4,18.5,53.5,53.5,19.0,100,68,7.4,11100.76,2.28,51.22,2026-06-14T10:34:03.690376,open-meteo.com
2025-10-31,Mbale,Eastern,1.0896308,34.1844,1123.0,24.9,18.1,47.0,47.0,20.0,99,74,11.7,32150.11,2.98,44.02,2026-06-14T10:34:03.690416,open-meteo.com
2025-11-01,Mbale,Eastern,1.0896308,34.1844,1123.0,25.2,18.3,18.6,18.6,10.0,100,68,9.7,22150.7,2.68,15.920000000000002,2026-06-14T10:34:03.690457,open-meteo.com
2025-11-02,Mbale,Eastern,1.0896308,34.1844,1123.0,26.7,18.0,10.6,10.6,5.0,92,63,14.6,33270.45,3.59,7.01,2026-06-14T10:34:03.690497,open-meteo.com
2025-11-03,Mbale,Eastern,1.0896308,34.1844,1123.0,26.9,18.6,0.3,0.3,3.0,88,54,10.3,39099.48,3.86,-3.56,2026-06-14T10:34:03.690537,open-meteo.com
2025-11-04,Mbale,Eastern,1.0896308,34.1844,1123.0,27.6,17.7,5.3,5.3,3.0,81,53,13.6,40309.02,4.68,0.6200000000000001,2026-06-14T10:34:03.690588,open-meteo.com
2025-11-05,Mbale,Eastern,1.0896308,34.1844,1123.0,28.1,18.1,0.5,0.5,3.0,81,48,12.5,40551.66,4.62,-4.12,2026-06-14T10:34:03.690629,open-meteo.com
2025-11-06,Mbale,Eastern,1.0896308,34.1844,1123.0,28.0,18.1,0.1,0.1,1.0,85,49,9.5,39839.71,4.47,-4.37,2026-06-14T10:34:03.690670,open-meteo.com
2025-11-07,Mbale,Eastern,1.0896308,34.1844,1123.0,27.0,17.8,4.1,4.1,3.0,88,55,11.3,40561.8,4.33,-0.23000000000000043,2026-06-14T10:34:03.690710,open-meteo.com
2025-11-08,Mbale,Eastern,1.0896308,34.1844,1123.0,27.1,17.1,0.5,0.5,5.0,89,53,9.8,40088.2,4.42,-3.92,2026-06-14T10:34:03.690751,open-meteo.com
2025-11-09,Mbale,Eastern,1.0896308,34.1844,1123.0,26.8,18.5,17.1,17.1,15.0,100,65,9.1,34440.86,3.64,13.46,2026-06-14T10:34:03.690792,open-meteo.com
2025-11-10,Mbale,Eastern,1.0896308,34.1844,1123.0,28.3,18.0,2.6,2.6,5.0,91,47,12.1,40099.39,4.14,-1.5399999999999996,2026-06-14T10:34:03.690833,open-meteo.com
2025-11-11,Mbale,Eastern,1.0896308,34.1844,1123.0,28.0,17.6,0.0,0.0,0.0,86,50,9.0,40770.02,4.68,-4.68,2026-06-14T10:34:03.690874,open-meteo.com
2025-11-12,Mbale,Eastern,1.0896308,34.1844,1123.0,28.6,16.4,0.2,0.2,2.0,87,53,8.7,40353.25,4.66,-4.46,2026-06-14T10:34:03.690930,open-meteo.com
2025-11-13,Mbale,Eastern,1.0896308,34.1844,1123.0,29.1,16.0,0.3,0.3,1.0,80,44,10.1,40602.03,4.88,-4.58,2026-06-14T10:34:03.690972,open-meteo.com
2025-11-14,Mbale,Eastern,1.0896308,34.1844,1123.0,28.4,18.8,5.7,5.7,6.0,81,48,13.7,39600.0,4.34,1.3600000000000003,2026-06-14T10:34:03.691024,open-meteo.com
2025-11-15,Mbale,Eastern,1.0896308,34.1844,1123.0,27.0,17.7,3.9,3.9,4.0,88,59,9.2,39823.41,4.33,-0.43000000000000016,2026-06-14T10:34:03.691065,open-meteo.com
2025-11-16,Mbale,Eastern,1.0896308,34.1844,1123.0,28.0,17.1,5.9,5.9,5.0,93,48,8.7,40555.09,4.17,1.7300000000000004,2026-06-14T10:34:03.691106,open-meteo.com
2025-11-17,Mbale,Eastern,1.0896308,34.1844,1123.0,26.4,17.4,10.4,10.4,4.0,95,55,18.2,40317.17,3.55,6.8500000000000005,2026-06-14T10:34:03.691147,open-meteo.com
2025-11-18,Mbale,Eastern,1.0896308,34.1844,1123.0,28.4,17.2,3.5,3.5,3.0,86,46,8.0,40321.78,4.35,-0.8499999999999996,2026-06-14T10:34:03.691187,open-meteo.com
2025-11-19,Mbale,Eastern,1.0896308,34.1844,1123.0,28.3,18.1,3.7,3.7,3.0,85,47,11.9,40813.62,4.6,-0.8999999999999995,2026-06-14T10:34:03.691228,open-meteo.com
2025-11-20,Mbale,Eastern,1.0896308,34.1844,1123.0,29.1,17.7,2.9,2.9,3.0,82,47,13.1,40421.28,4.61,-1.7100000000000004,2026-06-14T10:34:03.691268,open-meteo.com
2025-11-21,Mbale,Eastern,1.0896308,34.1844,1123.0,29.8,17.5,0.0,0.0,0.0,79,44,14.0,40579.3,4.98,-4.98,2026-06-14T10:34:03.691309,open-meteo.com
2025-11-22,Mbale,Eastern,1.0896308,34.1844,1123.0,29.5,16.8,0.1,0.1,1.0,88,37,7.1,39742.41,4.86,-4.760000000000001,2026-06-14T10:34:03.691349,open-meteo.com
2025-11-23,Mbale,Eastern,1.0896308,34.1844,1123.0,29.6,15.7,0.0,0.0,0.0,78,39,10.1,40588.2,5.03,-5.03,2026-06-14T10:34:03.691407,open-meteo.com
2025-11-24,Mbale,Eastern,1.0896308,34.1844,1123.0,29.9,16.8,0.1,0.1,1.0,80,35,9.1,40102.09,4.85,-4.75,2026-06-14T10:34:03.691453,open-meteo.com
2025-11-25,Mbale,Eastern,1.0896308,34.1844,1123.0,30.3,17.2,7.6,7.6,1.0,80,36,10.7,40596.91,4.79,2.8099999999999996,2026-06-14T10:34:03.691490,open-meteo.com
2025-11-26,Mbale,Eastern,1.0896308,34.1844,1123.0,29.1,17.2,8.3,8.3,6.0,80,43,10.2,40108.96,4.09,4.210000000000001,2026-06-14T10:34:03.691526,open-meteo.com
2025-11-27,Mbale,Eastern,1.0896308,34.1844,1123.0,29.5,18.0,0.1,0.1,1.0,79,39,13.3,40112.38,5.02,-4.92,2026-06-14T10:34:03.691562,open-meteo.com
2025-11-28,Mbale,Eastern,1.0896308,34.1844,1123.0,29.0,17.8,0.3,0.3,2.0,78,45,17.1,39272.11,4.52,-4.22,2026-06-14T10:34:03.691598,open-meteo.com
2025-11-29,Mbale,Eastern,1.0896308,34.1844,1123.0,29.3,17.3,0.6,0.6,1.0,90,41,10.0,40612.91,4.86,-4.260000000000001,2026-06-14T10:34:03.691635,open-meteo.com
2025-11-30,Mbale,Eastern,1.0896308,34.1844,1123.0,29.7,16.9,4.0,4.0,2.0,89,48,9.2,39600.0,4.11,-0.11000000000000032,2026-06-14T10:34:03.691671,open-meteo.com
2025-12-01,Mbale,Eastern,1.0896308,34.1844,1123.0,30.1,17.7,0.0,0.0,0.0,77,37,9.2,37548.5,4.65,-4.65,2026-06-14T10:34:03.691708,open-meteo.com
2025-12-02,Mbale,Eastern,1.0896308,34.1844,1123.0,30.8,16.5,0.0,0.0,0.0,75,31,10.3,37630.97,5.05,-5.05,2026-06-14T10:34:03.691744,open-meteo.com
2025-12-03,Mbale,Eastern,1.0896308,34.1844,1123.0,30.8,16.1,0.0,0.0,0.0,73,29,10.7,39600.0,5.24,-5.24,2026-06-14T10:34:03.691780,open-meteo.com
2025-12-04,Mbale,Eastern,1.0896308,34.1844,1123.0,29.7,17.0,0.0,0.0,0.0,70,35,13.5,39600.0,4.7,-4.7,2026-06-14T10:34:03.691827,open-meteo.com
2025-12-05,Mbale,Eastern,1.0896308,34.1844,1123.0,29.6,17.5,0.1,0.1,1.0,83,33,9.1,40122.09,4.59,-4.49,2026-06-14T10:34:03.691864,open-meteo.com
2025-12-06,Mbale,Eastern,1.0896308,34.1844,1123.0,29.3,17.8,3.6,3.6,3.0,97,40,12.8,40111.02,4.58,-0.98,2026-06-14T10:34:03.691916,open-meteo.com
2025-12-07,Mbale,Eastern,1.0896308,34.1844,1123.0,29.6,16.9,0.3,0.3,2.0,87,35,11.4,40640.36,4.59,-4.29,2026-06-14T10:34:03.691954,open-meteo.com
2025-12-08,Mbale,Eastern,1.0896308,34.1844,1123.0,30.1,15.9,0.1,0.1,1.0,86,35,6.9,40643.09,4.7,-4.6000000000000005,2026-06-14T10:34:03.691990,open-meteo.com
2025-12-09,Mbale,Eastern,1.0896308,34.1844,1123.0,30.5,19.0,0.4,0.4,2.0,77,31,13.0,40824.59,4.87,-4.47,2026-06-14T10:34:03.692027,open-meteo.com
2025-12-10,Mbale,Eastern,1.0896308,34.1844,1123.0,30.2,18.1,1.3,1.3,3.0,82,36,13.4,40314.18,4.49,-3.1900000000000004,2026-06-14T10:34:03.692064,open-meteo.com
2025-12-11,Mbale,Eastern,1.0896308,34.1844,1123.0,29.5,17.9,0.1,0.1,1.0,86,37,8.3,40801.8,4.52,-4.42,2026-06-14T10:34:03.692100,open-meteo.com
2025-12-12,Mbale,Eastern,1.0896308,34.1844,1123.0,28.3,17.4,19.2,19.2,9.0,89,43,13.2,40540.3,4.3,14.899999999999999,2026-06-14T10:34:03.692137,open-meteo.com
2025-12-13,Mbale,Eastern,1.0896308,34.1844,1123.0,25.3,17.7,21.8,21.8,10.0,99,58,14.2,33617.05,3.18,18.62,2026-06-14T10:34:03.692173,open-meteo.com
2025-12-14,Mbale,Eastern,1.0896308,34.1844,1123.0,27.7,17.1,1.4,1.4,4.0,91,46,9.0,39765.48,4.08,-2.68,2026-06-14T10:34:03.692219,open-meteo.com
2025-12-15,Mbale,Eastern,1.0896308,34.1844,1123.0,26.9,17.8,6.1,6.1,7.0,85,57,5.8,40752.98,3.95,2.1499999999999995,2026-06-14T10:34:03.692257,open-meteo.com
2025-12-16,Mbale,Eastern,1.0896308,34.1844,1123.0,27.2,18.4,4.8,4.8,5.0,87,57,9.4,40070.1,3.83,0.9699999999999998,2026-06-14T10:34:03.692302,open-meteo.com
2025-12-17,Mbale,Eastern,1.0896308,34.1844,1123.0,24.9,17.6,11.5,11.5,13.0,99,70,11.4,30671.43,2.58,8.92,2026-06-14T10:34:03.692340,open-meteo.com
2025-12-18,Mbale,Eastern,1.0896308,34.1844,1123.0,27.9,18.7,1.2,1.2,4.0,89,44,11.0,40961.94,4.13,-2.9299999999999997,2026-06-14T10:34:03.692376,open-meteo.com
2025-12-19,Mbale,Eastern,1.0896308,34.1844,1123.0,25.9,17.4,8.9,8.9,11.0,94,64,10.4,40947.39,3.33,5.57,2026-06-14T10:34:03.692413,open-meteo.com
2025-12-20,Mbale,Eastern,1.0896308,34.1844,1123.0,27.9,17.8,4.2,4.2,11.0,93,53,11.6,34657.93,4.19,0.009999999999999787,2026-06-14T10:34:03.692450,open-meteo.com
2025-12-21,Mbale,Eastern,1.0896308,34.1844,1123.0,27.7,17.6,9.7,9.7,6.0,88,53,11.7,38589.7,4.3,5.3999999999999995,2026-06-14T10:34:03.692510,open-meteo.com
2025-12-22,Mbale,Eastern,1.0896308,34.1844,1123.0,28.8,18.8,0.3,0.3,3.0,83,42,9.9,41152.66,4.36,-4.0600000000000005,2026-06-14T10:34:03.692576,open-meteo.com
2025-12-23,Mbale,Eastern,1.0896308,34.1844,1123.0,27.4,17.8,14.0,14.0,12.0,88,55,10.5,42038.16,4.2,9.8,2026-06-14T10:34:03.692636,open-meteo.com
2025-12-24,Mbale,Eastern,1.0896308,34.1844,1123.0,29.5,18.5,0.2,0.2,1.0,89,42,11.5,41622.58,4.68,-4.4799999999999995,2026-06-14T10:34:03.692686,open-meteo.com
2025-12-25,Mbale,Eastern,1.0896308,34.1844,1123.0,28.9,17.4,0.0,0.0,0.0,85,47,13.9,42099.84,4.84,-4.84,2026-06-14T10:34:03.692724,open-meteo.com
2025-12-26,Mbale,Eastern,1.0896308,34.1844,1123.0,27.7,17.4,3.7,3.7,3.0,94,52,11.1,41841.32,4.21,-0.5099999999999998,2026-06-14T10:34:03.692761,open-meteo.com
2025-12-27,Mbale,Eastern,1.0896308,34.1844,1123.0,30.6,17.5,0.5,0.5,4.0,86,38,11.2,42075.76,5.14,-4.64,2026-06-14T10:34:03.692797,open-meteo.com
2025-12-28,Mbale,Eastern,1.0896308,34.1844,1123.0,25.8,19.2,25.4,25.4,12.0,96,64,14.9,16110.98,2.45,22.95,2026-06-14T10:34:03.692832,open-meteo.com
2025-12-29,Mbale,Eastern,1.0896308,34.1844,1123.0,27.0,18.1,9.7,9.7,8.0,97,52,11.6,33472.14,3.59,6.109999999999999,2026-06-14T10:34:03.692869,open-meteo.com
2025-12-30,Mbale,Eastern,1.0896308,34.1844,1123.0,26.1,18.2,10.9,10.9,6.0,98,61,11.3,37717.43,3.69,7.210000000000001,2026-06-14T10:34:03.692928,open-meteo.com
2025-12-31,Mbale,Eastern,1.0896308,34.1844,1123.0,27.7,17.9,0.1,0.1,1.0,95,51,9.7,37163.09,4.15,-4.050000000000001,2026-06-14T10:34:03.692965,open-meteo.com
2026-01-01,Mbale,Eastern,1.0896308,34.1844,1123.0,28.0,17.2,2.7,2.7,6.0,96,52,11.6,40497.09,4.21,-1.5099999999999998,2026-06-14T10:34:03.693002,open-meteo.com
2026-01-02,Mbale,Eastern,1.0896308,34.1844,1123.0,29.3,18.5,5.6,5.6,7.0,90,43,9.1,36000.0,4.39,1.21,2026-06-14T10:34:03.693039,open-meteo.com
2026-01-03,Mbale,Eastern,1.0896308,34.1844,1123.0,29.9,17.5,0.0,0.0,0.0,82,38,13.9,41216.46,4.86,-4.86,2026-06-14T10:34:03.693085,open-meteo.com
2026-01-04,Mbale,Eastern,1.0896308,34.1844,1123.0,31.9,18.7,0.3,0.3,1.0,81,28,12.6,42198.7,4.76,-4.46,2026-06-14T10:34:03.693121,open-meteo.com
2026-01-05,Mbale,Eastern,1.0896308,34.1844,1123.0,27.6,18.4,4.7,4.7,6.0,83,51,17.6,42410.57,4.33,0.3700000000000001,2026-06-14T10:34:03.693157,open-meteo.com
2026-01-06,Mbale,Eastern,1.0896308,34.1844,1123.0,30.9,16.3,0.0,0.0,0.0,92,33,15.2,42437.15,5.28,-5.28,2026-06-14T10:34:03.693194,open-meteo.com
2026-01-07,Mbale,Eastern,1.0896308,34.1844,1123.0,30.6,16.2,0.0,0.0,0.0,83,34,15.6,42398.05,5.01,-5.01,2026-06-14T10:34:03.693230,open-meteo.com
2026-01-08,Mbale,Eastern,1.0896308,34.1844,1123.0,31.1,17.5,0.0,0.0,0.0,76,34,15.1,42489.77,5.31,-5.31,2026-06-14T10:34:03.693266,open-meteo.com
2026-01-09,Mbale,Eastern,1.0896308,34.1844,1123.0,29.1,17.0,2.5,2.5,4.0,80,44,13.6,42515.69,4.53,-2.0300000000000002,2026-06-14T10:34:03.693302,open-meteo.com
2026-01-10,Mbale,Eastern,1.0896308,34.1844,1123.0,30.5,15.7,0.0,0.0,0.0,83,32,12.5,41627.25,4.52,-4.52,2026-06-14T10:34:03.693338,open-meteo.com
2026-01-11,Mbale,Eastern,1.0896308,34.1844,1123.0,29.3,18.5,7.7,7.7,6.0,82,42,14.2,42566.43,4.81,2.8900000000000006,2026-06-14T10:34:03.693374,open-meteo.com
2026-01-12,Mbale,Eastern,1.0896308,34.1844,1123.0,29.4,18.4,0.2,0.2,2.0,85,41,13.7,42591.13,4.76,-4.56,2026-06-14T10:34:03.693410,open-meteo.com
2026-01-13,Mbale,Eastern,1.0896308,34.1844,1123.0,30.6,17.1,0.0,0.0,0.0,88,34,16.4,42615.29,4.85,-4.85,2026-06-14T10:34:03.693455,open-meteo.com
2026-01-14,Mbale,Eastern,1.0896308,34.1844,1123.0,30.2,17.2,0.0,0.0,0.0,83,28,10.3,42638.85,5.28,-5.28,2026-06-14T10:34:03.693492,open-meteo.com
2026-01-15,Mbale,Eastern,1.0896308,34.1844,1123.0,30.5,15.1,0.0,0.0,0.0,73,31,7.1,42661.75,5.37,-5.37,2026-06-14T10:34:03.693528,open-meteo.com
2026-01-16,Mbale,Eastern,1.0896308,34.1844,1123.0,30.8,14.9,0.0,0.0,0.0,68,28,12.8,36332.85,5.28,-5.28,2026-06-14T10:34:03.693564,open-meteo.com
2026-01-17,Mbale,Eastern,1.0896308,34.1844,1123.0,30.5,17.4,0.0,0.0,0.0,75,30,16.0,42705.32,5.22,-5.22,2026-06-14T10:34:03.693601,open-meteo.com
2026-01-18,Mbale,Eastern,1.0896308,34.1844,1123.0,29.8,17.2,0.0,0.0,0.0,79,37,12.0,42725.86,4.84,-4.84,2026-06-14T10:34:03.693636,open-meteo.com
2026-01-19,Mbale,Eastern,1.0896308,34.1844,1123.0,30.6,18.7,0.5,0.5,3.0,84,36,11.3,42745.49,4.92,-4.42,2026-06-14T10:34:03.693672,open-meteo.com
2026-01-20,Mbale,Eastern,1.0896308,34.1844,1123.0,30.2,19.3,1.1,1.1,2.0,84,44,10.6,42764.14,4.8,-3.6999999999999997,2026-06-14T10:34:03.693708,open-meteo.com
2026-01-21,Mbale,Eastern,1.0896308,34.1844,1123.0,32.4,18.2,0.0,0.0,0.0,80,28,9.3,42781.75,5.4,-5.4,2026-06-14T10:34:03.693744,open-meteo.com
2026-01-22,Mbale,Eastern,1.0896308,34.1844,1123.0,31.3,18.4,0.0,0.0,0.0,85,29,11.0,42157.6,4.83,-4.83,2026-06-14T10:34:03.693780,open-meteo.com
2026-01-23,Mbale,Eastern,1.0896308,34.1844,1123.0,32.6,17.1,0.0,0.0,0.0,72,25,9.3,37323.02,5.1,-5.1,2026-06-14T10:34:03.693825,open-meteo.com
2026-01-24,Mbale,Eastern,1.0896308,34.1844,1123.0,32.0,17.5,0.0,0.0,0.0,72,24,13.2,36768.31,4.69,-4.69,2026-06-14T10:34:03.693862,open-meteo.com
2026-01-25,Mbale,Eastern,1.0896308,34.1844,1123.0,32.4,16.7,0.0,0.0,0.0,72,24,19.8,37029.84,5.16,-5.16,2026-06-14T10:34:03.693910,open-meteo.com
2026-01-26,Mbale,Eastern,1.0896308,34.1844,1123.0,32.0,16.4,0.2,0.2,1.0,76,29,21.1,42857.82,5.2,-5.0,2026-06-14T10:34:03.693946,open-meteo.com
2026-01-27,Mbale,Eastern,1.0896308,34.1844,1123.0,31.9,17.0,0.1,0.1,1.0,75,31,16.0,42870.93,5.12,-5.0200000000000005,2026-06-14T10:34:03.693982,open-meteo.com
2026-01-28,Mbale,Eastern,1.0896308,34.1844,1123.0,27.7,18.7,20.3,20.3,11.0,91,55,16.0,42883.35,4.3,16.0,2026-06-14T10:34:03.694018,open-meteo.com
2026-01-29,Mbale,Eastern,1.0896308,34.1844,1123.0,29.3,17.1,0.2,0.2,2.0,87,46,12.1,42895.06,5.07,-4.87,2026-06-14T10:34:03.694054,open-meteo.com
2026-01-30,Mbale,Eastern,1.0896308,34.1844,1123.0,30.8,17.3,0.0,0.0,0.0,83,41,12.2,42906.07,5.06,-5.06,2026-06-14T10:34:03.694091,open-meteo.com
2026-01-31,Mbale,Eastern,1.0896308,34.1844,1123.0,30.2,17.8,1.6,1.6,3.0,87,36,17.1,42916.36,4.92,-3.32,2026-06-14T10:34:03.694127,open-meteo.com
2026-02-01,Mbale,Eastern,1.0896308,34.1844,1123.0,27.3,18.6,7.0,7.0,4.0,86,51,15.0,42925.93,4.12,2.88,2026-06-14T10:34:03.694163,open-meteo.com
2026-02-02,Mbale,Eastern,1.0896308,34.1844,1123.0,30.2,18.5,0.0,0.0,0.0,83,35,13.3,42934.79,5.16,-5.16,2026-06-14T10:34:03.694210,open-meteo.com
2026-02-03,Mbale,Eastern,1.0896308,34.1844,1123.0,29.3,18.1,0.8,0.8,1.0,85,46,11.9,42942.93,4.78,-3.9800000000000004,2026-06-14T10:34:03.694247,open-meteo.com
2026-02-04,Mbale,Eastern,1.0896308,34.1844,1123.0,31.1,16.4,0.0,0.0,0.0,84,36,13.9,42950.35,5.36,-5.36,2026-06-14T10:34:03.694292,open-meteo.com
2026-02-05,Mbale,Eastern,1.0896308,34.1844,1123.0,31.4,18.3,0.3,0.3,1.0,81,37,19.0,42957.04,5.22,-4.92,2026-06-14T10:34:03.694329,open-meteo.com
2026-02-06,Mbale,Eastern,1.0896308,34.1844,1123.0,27.9,17.4,17.4,17.4,12.0,100,52,12.4,42117.18,4.64,12.759999999999998,2026-06-14T10:34:03.694365,open-meteo.com
2026-02-07,Mbale,Eastern,1.0896308,34.1844,1123.0,27.9,19.6,0.6,0.6,4.0,78,51,19.7,39828.88,4.37,-3.77,2026-06-14T10:34:03.694401,open-meteo.com
2026-02-08,Mbale,Eastern,1.0896308,34.1844,1123.0,29.4,18.8,6.6,6.6,6.0,91,45,13.3,42972.72,4.51,2.09,2026-06-14T10:34:03.694437,open-meteo.com
2026-02-09,Mbale,Eastern,1.0896308,34.1844,1123.0,26.9,19.3,1.7,1.7,7.0,90,57,17.4,42976.48,4.4,-2.7,2026-06-14T10:34:03.694473,open-meteo.com
2026-02-10,Mbale,Eastern,1.0896308,34.1844,1123.0,27.3,17.2,7.5,7.5,10.0,97,52,13.3,42979.49,3.98,3.52,2026-06-14T10:34:03.694509,open-meteo.com
2026-02-11,Mbale,Eastern,1.0896308,34.1844,1123.0,29.2,18.3,0.5,0.5,5.0,88,42,16.1,42981.71,5.09,-4.59,2026-06-14T10:34:03.694545,open-meteo.com
2026-02-12,Mbale,Eastern,1.0896308,34.1844,1123.0,29.6,17.7,3.7,3.7,7.0,86,39,14.7,42982.98,5.08,-1.38,2026-06-14T10:34:03.694590,open-meteo.com
2026-02-13,Mbale,Eastern,1.0896308,34.1844,1123.0,31.3,17.3,0.1,0.1,1.0,83,35,13.1,42983.33,5.23,-5.130000000000001,2026-06-14T10:34:03.694626,open-meteo.com
2026-02-14,Mbale,Eastern,1.0896308,34.1844,1123.0,27.0,17.6,13.4,13.4,9.0,87,50,14.4,42982.8,4.21,9.190000000000001,2026-06-14T10:34:03.694662,open-meteo.com
2026-02-15,Mbale,Eastern,1.0896308,34.1844,1123.0,27.2,18.1,1.9,1.9,6.0,89,49,12.9,42981.42,4.3,-2.4,2026-06-14T10:34:03.694698,open-meteo.com
2026-02-16,Mbale,Eastern,1.0896308,34.1844,1123.0,29.1,17.2,6.4,6.4,3.0,89,46,15.0,40595.03,4.81,1.5900000000000007,2026-06-14T10:34:03.694734,open-meteo.com
2026-02-17,Mbale,Eastern,1.0896308,34.1844,1123.0,29.2,18.1,4.8,4.8,4.0,88,50,22.6,33529.69,4.1,0.7000000000000002,2026-06-14T10:34:03.694770,open-meteo.com
2026-02-18,Mbale,Eastern,1.0896308,34.1844,1123.0,27.9,17.5,6.8,6.8,5.0,85,51,11.8,42972.61,4.25,2.55,2026-06-14T10:34:03.694806,open-meteo.com
2026-02-19,Mbale,Eastern,1.0896308,34.1844,1123.0,25.4,17.7,9.6,9.6,13.0,95,63,12.2,42968.25,3.62,5.9799999999999995,2026-06-14T10:34:03.694842,open-meteo.com
2026-02-20,Mbale,Eastern,1.0896308,34.1844,1123.0,27.7,18.9,6.8,6.8,9.0,92,54,12.8,37015.41,4.39,2.41,2026-06-14T10:34:03.694892,open-meteo.com
2026-02-21,Mbale,Eastern,1.0896308,34.1844,1123.0,28.4,18.6,24.8,24.8,13.0,92,53,12.9,29241.61,3.72,21.080000000000002,2026-06-14T10:34:03.694929,open-meteo.com
2026-02-22,Mbale,Eastern,1.0896308,34.1844,1123.0,27.8,19.1,29.1,29.1,9.0,98,56,17.5,23597.53,3.12,25.98,2026-06-14T10:34:03.694975,open-meteo.com
2026-02-23,Mbale,Eastern,1.0896308,34.1844,1123.0,27.6,18.3,5.8,5.8,8.0,97,40,11.1,22602.48,3.16,2.6399999999999997,2026-06-14T10:34:03.695019,open-meteo.com
2026-02-24,Mbale,Eastern,1.0896308,34.1844,1123.0,28.9,18.9,0.3,0.3,2.0,80,40,12.2,42937.53,5.04,-4.74,2026-06-14T10:34:03.695056,open-meteo.com
2026-02-25,Mbale,Eastern,1.0896308,34.1844,1123.0,29.2,16.7,4.8,4.8,1.0,85,43,10.1,41200.11,4.87,-0.07000000000000028,2026-06-14T10:34:03.695092,open-meteo.com
2026-02-26,Mbale,Eastern,1.0896308,34.1844,1123.0,28.0,18.5,2.1,2.1,5.0,89,48,16.3,26314.2,3.54,-1.44,2026-06-14T10:34:03.695129,open-meteo.com
2026-02-27,Mbale,Eastern,1.0896308,34.1844,1123.0,27.0,19.1,9.4,9.4,8.0,90,62,13.0,34774.62,3.48,5.92,2026-06-14T10:34:03.695166,open-meteo.com
2026-02-28,Mbale,Eastern,1.0896308,34.1844,1123.0,25.0,19.0,16.7,16.7,15.0,97,65,11.8,24029.45,2.8,13.899999999999999,2026-06-14T10:34:03.695202,open-meteo.com
2026-03-01,Mbale,Eastern,1.0896308,34.1844,1123.0,25.2,18.8,11.0,11.0,14.0,97,65,10.3,11780.83,2.29,8.71,2026-06-14T10:34:03.695238,open-meteo.com
2026-03-02,Mbale,Eastern,1.0896308,34.1844,1123.0,26.3,17.9,11.3,11.3,16.0,99,60,11.1,35381.33,3.37,7.930000000000001,2026-06-14T10:34:03.695274,open-meteo.com
2026-03-03,Mbale,Eastern,1.0896308,34.1844,1123.0,26.3,18.1,24.1,24.1,17.0,100,62,13.4,39319.26,3.82,20.28,2026-06-14T10:34:03.695310,open-meteo.com
2026-03-04,Mbale,Eastern,1.0896308,34.1844,1123.0,26.3,17.3,11.5,11.5,13.0,100,65,10.1,38157.97,3.68,7.82,2026-06-14T10:34:03.695355,open-meteo.com
2026-03-05,Mbale,Eastern,1.0896308,34.1844,1123.0,25.3,18.1,23.6,23.6,12.0,97,57,10.7,35327.27,3.37,20.23,2026-06-14T10:34:03.695392,open-meteo.com
2026-03-06,Mbale,Eastern,1.0896308,34.1844,1123.0,25.5,18.1,5.1,5.1,5.0,93,59,11.5,37780.16,3.3,1.7999999999999998,2026-06-14T10:34:03.695428,open-meteo.com
2026-03-07,Mbale,Eastern,1.0896308,34.1844,1123.0,26.4,18.4,5.9,5.9,9.0,97,56,7.0,40981.95,3.91,1.9900000000000002,2026-06-14T10:34:03.695464,open-meteo.com
2026-03-08,Mbale,Eastern,1.0896308,34.1844,1123.0,28.0,17.6,4.8,4.8,1.0,86,53,10.3,42817.68,4.4,0.39999999999999947,2026-06-14T10:34:03.695500,open-meteo.com
2026-03-09,Mbale,Eastern,1.0896308,34.1844,1123.0,29.7,17.5,0.0,0.0,0.0,83,45,9.6,42804.11,4.98,-4.98,2026-06-14T10:34:03.695536,open-meteo.com
2026-03-10,Mbale,Eastern,1.0896308,34.1844,1123.0,25.6,18.4,11.2,11.2,14.0,92,64,14.8,35902.21,3.33,7.869999999999999,2026-06-14T10:34:03.695573,open-meteo.com
2026-03-11,Mbale,Eastern,1.0896308,34.1844,1123.0,26.6,18.4,7.7,7.7,10.0,97,62,10.4,36345.32,3.57,4.130000000000001,2026-06-14T10:34:03.695609,open-meteo.com
2026-03-12,Mbale,Eastern,1.0896308,34.1844,1123.0,28.3,19.6,9.4,9.4,6.0,86,49,12.7,42760.87,4.46,4.94,2026-06-14T10:34:03.695644,open-meteo.com
2026-03-13,Mbale,Eastern,1.0896308,34.1844,1123.0,29.2,18.6,2.9,2.9,9.0,93,50,10.8,42745.8,4.96,-2.06,2026-06-14T10:34:03.695681,open-meteo.com
2026-03-14,Mbale,Eastern,1.0896308,34.1844,1123.0,27.4,19.0,5.6,5.6,4.0,86,57,12.5,39215.91,3.87,1.7299999999999995,2026-06-14T10:34:03.695725,open-meteo.com
2026-03-15,Mbale,Eastern,1.0896308,34.1844,1123.0,28.8,18.9,2.9,2.9,3.0,87,47,12.4,42715.01,4.74,-1.8400000000000003,2026-06-14T10:34:03.695771,open-meteo.com
2026-03-16,Mbale,Eastern,1.0896308,34.1844,1123.0,30.0,17.5,0.0,0.0,0.0,93,45,10.3,42699.41,5.0,-5.0,2026-06-14T10:34:03.695807,open-meteo.com
2026-03-17,Mbale,Eastern,1.0896308,34.1844,1123.0,29.8,17.8,0.7,0.7,2.0,79,41,16.1,42683.75,5.18,-4.4799999999999995,2026-06-14T10:34:03.695843,open-meteo.com
2026-03-18,Mbale,Eastern,1.0896308,34.1844,1123.0,25.8,17.7,14.8,14.8,8.0,85,61,11.6,36804.07,3.66,11.14,2026-06-14T10:34:03.695891,open-meteo.com
2026-03-19,Mbale,Eastern,1.0896308,34.1844,1123.0,26.1,18.6,18.5,18.5,9.0,96,61,8.8,27082.4,3.44,15.06,2026-06-14T10:34:03.695927,open-meteo.com
2026-03-20,Mbale,Eastern,1.0896308,34.1844,1123.0,26.2,19.0,35.2,35.2,14.0,91,66,15.0,29089.91,3.17,32.03,2026-06-14T10:34:03.695963,open-meteo.com
2026-03-21,Mbale,Eastern,1.0896308,34.1844,1123.0,27.4,18.3,11.8,11.8,11.0,95,49,16.3,31369.66,3.97,7.83,2026-06-14T10:34:03.695999,open-meteo.com
2026-03-22,Mbale,Eastern,1.0896308,34.1844,1123.0,26.5,17.7,6.6,6.6,5.0,97,59,12.6,27012.7,3.41,3.1899999999999995,2026-06-14T10:34:03.696035,open-meteo.com
2026-03-23,Mbale,Eastern,1.0896308,34.1844,1123.0,27.1,18.8,12.9,12.9,7.0,95,53,8.1,39600.0,4.09,8.81,2026-06-14T10:34:03.696071,open-meteo.com
2026-03-24,Mbale,Eastern,1.0896308,34.1844,1123.0,25.5,18.0,22.1,22.1,14.0,98,68,10.7,32203.71,3.54,18.560000000000002,2026-06-14T10:34:03.696128,open-meteo.com
2026-03-25,Mbale,Eastern,1.0896308,34.1844,1123.0,26.6,17.2,29.2,29.2,21.0,100,56,8.7,39468.79,3.65,25.55,2026-06-14T10:34:03.696165,open-meteo.com
2026-03-26,Mbale,Eastern,1.0896308,34.1844,1123.0,27.3,18.0,6.5,6.5,13.0,96,59,9.5,35841.74,4.25,2.25,2026-06-14T10:34:03.696201,open-meteo.com
2026-03-27,Mbale,Eastern,1.0896308,34.1844,1123.0,26.5,18.6,10.0,10.0,10.0,99,57,13.4,42528.12,3.94,6.0600000000000005,2026-06-14T10:34:03.696246,open-meteo.com
2026-03-28,Mbale,Eastern,1.0896308,34.1844,1123.0,25.7,17.6,16.1,16.1,12.0,100,59,7.8,34833.44,3.47,12.63,2026-06-14T10:34:03.696283,open-meteo.com
2026-03-29,Mbale,Eastern,1.0896308,34.1844,1123.0,27.8,17.7,0.8,0.8,2.0,83,53,11.5,42495.08,4.8,-4.0,2026-06-14T10:34:03.696319,open-meteo.com
2026-03-30,Mbale,Eastern,1.0896308,34.1844,1123.0,27.2,18.9,14.9,14.9,7.0,86,55,17.5,42478.42,4.14,10.760000000000002,2026-06-14T10:34:03.696355,open-meteo.com
2026-03-31,Mbale,Eastern,1.0896308,34.1844,1123.0,27.0,18.5,10.6,10.6,10.0,96,60,9.8,29983.34,3.42,7.18,2026-06-14T10:34:03.696391,open-meteo.com
2026-04-01,Mbale,Eastern,1.0896308,34.1844,1123.0,27.1,17.8,0.8,0.8,4.0,88,55,10.1,42445.07,4.43,-3.63,2026-06-14T10:34:03.696427,open-meteo.com
2026-04-02,Mbale,Eastern,1.0896308,34.1844,1123.0,28.1,18.2,4.9,4.9,6.0,88,52,8.7,42342.38,4.76,0.14000000000000057,2026-06-14T10:34:03.696463,open-meteo.com
2026-04-03,Mbale,Eastern,1.0896308,34.1844,1123.0,28.6,18.4,3.9,3.9,4.0,81,50,11.2,42412.07,4.82,-0.9200000000000004,2026-06-14T10:34:03.696507,open-meteo.com
2026-04-04,Mbale,Eastern,1.0896308,34.1844,1123.0,27.2,18.7,18.5,18.5,9.0,84,56,16.1,42395.83,4.39,14.11,2026-06-14T10:34:03.696543,open-meteo.com
2026-04-05,Mbale,Eastern,1.0896308,34.1844,1123.0,25.7,18.4,33.8,33.8,12.0,96,61,11.9,40523.6,3.89,29.909999999999997,2026-06-14T10:34:03.696579,open-meteo.com
2026-04-06,Mbale,Eastern,1.0896308,34.1844,1123.0,25.9,17.3,34.3,34.3,13.0,98,61,10.6,42364.15,4.08,30.22,2026-06-14T10:34:03.696615,open-meteo.com
2026-04-07,Mbale,Eastern,1.0896308,34.1844,1123.0,27.0,17.6,13.7,13.7,10.0,97,56,8.9,41932.59,3.88,9.82,2026-06-14T10:34:03.696651,open-meteo.com
2026-04-08,Mbale,Eastern,1.0896308,34.1844,1123.0,26.5,19.1,5.8,5.8,7.0,89,61,9.2,42333.9,4.19,1.6099999999999994,2026-06-14T10:34:03.696686,open-meteo.com
2026-04-09,Mbale,Eastern,1.0896308,34.1844,1123.0,28.3,17.8,2.1,2.1,4.0,86,52,12.1,42319.45,4.56,-2.4599999999999995,2026-06-14T10:34:03.696722,open-meteo.com
2026-04-10,Mbale,Eastern,1.0896308,34.1844,1123.0,28.6,18.0,14.0,14.0,8.0,90,53,9.2,42305.52,4.49,9.51,2026-06-14T10:34:03.696758,open-meteo.com
2026-04-11,Mbale,Eastern,1.0896308,34.1844,1123.0,29.6,18.1,7.6,7.6,6.0,92,49,9.4,42292.16,4.9,2.6999999999999993,2026-06-14T10:34:03.696794,open-meteo.com
2026-04-12,Mbale,Eastern,1.0896308,34.1844,1123.0,29.5,17.8,5.6,5.6,6.0,98,45,14.0,42279.31,4.4,1.1999999999999993,2026-06-14T10:34:03.696830,open-meteo.com
2026-04-13,Mbale,Eastern,1.0896308,34.1844,1123.0,27.4,18.4,15.8,15.8,13.0,99,59,11.5,38073.65,3.94,11.860000000000001,2026-06-14T10:34:03.696920,open-meteo.com
2026-04-14,Mbale,Eastern,1.0896308,34.1844,1123.0,27.9,18.8,17.4,17.4,4.0,89,56,11.2,39904.92,4.35,13.049999999999999,2026-06-14T10:34:03.696958,open-meteo.com
2026-04-15,Mbale,Eastern,1.0896308,34.1844,1123.0,29.3,19.6,0.3,0.3,1.0,83,44,14.2,42241.51,4.68,-4.38,2026-06-14T10:34:03.696994,open-meteo.com
2026-04-16,Mbale,Eastern,1.0896308,34.1844,1123.0,27.5,19.5,4.2,4.2,4.0,90,57,16.0,39567.11,4.12,0.08000000000000007,2026-06-14T10:34:03.697030,open-meteo.com
2026-04-17,Mbale,Eastern,1.0896308,34.1844,1123.0,26.7,18.6,6.2,6.2,9.0,91,53,12.6,24801.71,3.69,2.5100000000000002,2026-06-14T10:34:03.697066,open-meteo.com
2026-04-18,Mbale,Eastern,1.0896308,34.1844,1123.0,27.7,18.4,6.9,6.9,7.0,90,52,14.0,42205.39,4.18,2.7200000000000006,2026-06-14T10:34:03.697102,open-meteo.com
2026-04-19,Mbale,Eastern,1.0896308,34.1844,1123.0,28.8,18.2,11.8,11.8,7.0,98,45,11.8,41116.07,4.32,7.48,2026-06-14T10:34:03.697139,open-meteo.com
2026-04-20,Mbale,Eastern,1.0896308,34.1844,1123.0,26.8,18.2,3.9,3.9,6.0,90,64,10.1,40697.87,4.0,-0.10000000000000009,2026-06-14T10:34:03.697175,open-meteo.com
2026-04-21,Mbale,Eastern,1.0896308,34.1844,1123.0,28.0,19.2,1.6,1.6,2.0,92,53,13.1,41133.87,4.61,-3.0100000000000002,2026-06-14T10:34:03.697211,open-meteo.com
2026-04-22,Mbale,Eastern,1.0896308,34.1844,1123.0,29.2,18.8,1.2,1.2,4.0,90,51,14.9,40201.53,4.29,-3.09,2026-06-14T10:34:03.697247,open-meteo.com
2026-04-23,Mbale,Eastern,1.0896308,34.1844,1123.0,28.9,19.5,2.3,2.3,5.0,88,50,16.0,38702.16,4.09,-1.79,2026-06-14T10:34:03.697293,open-meteo.com
2026-04-24,Mbale,Eastern,1.0896308,34.1844,1123.0,27.3,18.5,6.6,6.6,10.0,94,60,11.5,31601.3,3.67,2.9299999999999997,2026-06-14T10:34:03.697329,open-meteo.com
2026-04-25,Mbale,Eastern,1.0896308,34.1844,1123.0,25.3,18.4,11.7,11.7,12.0,98,69,10.5,29898.28,3.21,8.489999999999998,2026-06-14T10:34:03.697365,open-meteo.com
2026-04-26,Mbale,Eastern,1.0896308,34.1844,1123.0,25.8,17.7,19.1,19.1,13.0,100,67,9.8,32838.45,3.32,15.780000000000001,2026-06-14T10:34:03.697401,open-meteo.com
2026-04-27,Mbale,Eastern,1.0896308,34.1844,1123.0,26.0,18.8,16.4,16.4,17.0,98,63,9.6,29812.01,3.66,12.739999999999998,2026-06-14T10:34:03.697437,open-meteo.com
2026-04-28,Mbale,Eastern,1.0896308,34.1844,1123.0,24.6,18.5,14.8,14.8,14.0,95,70,7.1,24864.04,2.64,12.16,2026-06-14T10:34:03.697473,open-meteo.com
2026-04-29,Mbale,Eastern,1.0896308,34.1844,1123.0,26.1,18.1,33.6,33.6,19.0,95,67,11.6,16392.85,2.97,30.630000000000003,2026-06-14T10:34:03.697509,open-meteo.com
2026-04-30,Mbale,Eastern,1.0896308,34.1844,1123.0,27.1,18.8,11.2,11.2,12.0,94,62,8.5,38249.4,3.91,7.289999999999999,2026-06-14T10:34:03.697545,open-meteo.com
2026-05-01,Mbale,Eastern,1.0896308,34.1844,1123.0,26.4,18.5,41.7,41.7,21.0,98,66,10.8,31621.54,3.3,38.400000000000006,2026-06-14T10:34:03.697580,open-meteo.com
2026-05-02,Mbale,Eastern,1.0896308,34.1844,1123.0,23.9,18.1,11.3,11.3,14.0,97,78,12.4,38516.02,2.86,8.440000000000001,2026-06-14T10:34:03.697617,open-meteo.com
2026-05-03,Mbale,Eastern,1.0896308,34.1844,1123.0,26.9,18.7,2.9,2.9,7.0,90,66,5.6,39600.0,4.34,-1.44,2026-06-14T10:34:03.697662,open-meteo.com
2026-05-04,Mbale,Eastern,1.0896308,34.1844,1123.0,28.0,18.8,7.2,7.2,6.0,93,57,11.5,36653.53,4.27,2.9300000000000006,2026-06-14T10:34:03.697698,open-meteo.com
2026-05-05,Mbale,Eastern,1.0896308,34.1844,1123.0,26.7,18.4,16.5,16.5,12.0,95,64,11.2,32400.0,3.79,12.71,2026-06-14T10:34:03.697734,open-meteo.com
2026-05-06,Mbale,Eastern,1.0896308,34.1844,1123.0,27.3,18.0,19.0,19.0,6.0,95,62,8.1,40762.77,3.92,15.08,2026-06-14T10:34:03.697770,open-meteo.com
2026-05-07,Mbale,Eastern,1.0896308,34.1844,1123.0,27.0,18.7,18.2,18.2,12.0,93,60,9.7,36435.78,3.73,14.469999999999999,2026-06-14T10:34:03.697806,open-meteo.com
2026-05-08,Mbale,Eastern,1.0896308,34.1844,1123.0,26.9,19.5,16.9,16.9,10.0,95,63,15.1,38572.34,4.07,12.829999999999998,2026-06-14T10:34:03.697842,open-meteo.com
2026-05-09,Mbale,Eastern,1.0896308,34.1844,1123.0,27.5,19.5,3.9,3.9,8.0,98,55,9.1,34158.25,4.28,-0.38000000000000034,2026-06-14T10:34:03.697890,open-meteo.com
2026-05-10,Mbale,Eastern,1.0896308,34.1844,1123.0,26.1,17.3,23.0,23.0,11.0,100,63,9.8,41020.89,3.67,19.33,2026-06-14T10:34:03.697928,open-meteo.com
2026-05-11,Mbale,Eastern,1.0896308,34.1844,1123.0,24.7,19.5,7.7,7.7,9.0,100,65,10.0,17306.71,2.32,5.380000000000001,2026-06-14T10:34:03.697964,open-meteo.com
2026-05-12,Mbale,Eastern,1.0896308,34.1844,1123.0,27.0,19.5,9.3,9.3,7.0,93,63,8.7,36944.73,4.17,5.130000000000001,2026-06-14T10:34:03.698000,open-meteo.com
2026-05-13,Mbale,Eastern,1.0896308,34.1844,1123.0,27.3,19.5,9.2,9.2,9.0,100,62,6.5,40547.5,3.82,5.379999999999999,2026-06-14T10:34:03.698046,open-meteo.com
2026-05-14,Mbale,Eastern,1.0896308,34.1844,1123.0,26.9,18.7,4.2,4.2,9.0,93,65,9.7,41520.49,4.25,-0.04999999999999982,2026-06-14T10:34:03.698082,open-meteo.com
2026-05-15,Mbale,Eastern,1.0896308,34.1844,1123.0,27.2,18.5,3.6,3.6,9.0,98,64,10.3,39823.36,4.43,-0.8299999999999996,2026-06-14T10:34:03.698118,open-meteo.com
2026-05-16,Mbale,Eastern,1.0896308,34.1844,1123.0,26.0,19.0,10.7,10.7,14.0,98,67,11.4,40554.25,3.43,7.27,2026-06-14T10:34:03.698154,open-meteo.com
2026-05-17,Mbale,Eastern,1.0896308,34.1844,1123.0,25.6,19.0,19.7,19.7,17.0,99,64,8.8,40799.61,3.76,15.94,2026-06-14T10:34:03.698206,open-meteo.com
2026-05-18,Mbale,Eastern,1.0896308,34.1844,1123.0,26.5,18.3,15.8,15.8,14.0,98,64,12.3,39921.57,3.71,12.09,2026-06-14T10:34:03.698243,open-meteo.com
2026-05-19,Mbale,Eastern,1.0896308,34.1844,1123.0,25.8,19.1,4.2,4.2,10.0,92,60,10.0,42024.45,4.24,-0.040000000000000036,2026-06-14T10:34:03.698279,open-meteo.com
2026-05-20,Mbale,Eastern,1.0896308,34.1844,1123.0,26.3,19.4,6.4,6.4,12.0,97,59,6.9,42027.25,3.99,2.41,2026-06-14T10:34:03.698315,open-meteo.com
2026-05-21,Mbale,Eastern,1.0896308,34.1844,1123.0,25.9,17.7,8.9,8.9,11.0,99,65,12.1,41838.61,3.66,5.24,2026-06-14T10:34:03.698350,open-meteo.com
2026-05-22,Mbale,Eastern,1.0896308,34.1844,1123.0,28.1,19.4,1.0,1.0,4.0,88,55,7.1,42093.75,4.69,-3.6900000000000004,2026-06-14T10:34:03.698386,open-meteo.com
2026-05-23,Mbale,Eastern,1.0896308,34.1844,1123.0,27.1,19.2,0.4,0.4,2.0,90,60,15.1,41542.52,4.46,-4.06,2026-06-14T10:34:03.698431,open-meteo.com
2026-05-24,Mbale,Eastern,1.0896308,34.1844,1123.0,27.8,19.2,0.1,0.1,1.0,89,57,13.4,42105.82,4.72,-4.62,2026-06-14T10:34:03.698468,open-meteo.com
2026-05-25,Mbale,Eastern,1.0896308,34.1844,1123.0,28.3,19.9,0.5,0.5,5.0,89,58,11.1,42035.83,4.73,-4.23,2026-06-14T10:34:03.698503,open-meteo.com
2026-05-26,Mbale,Eastern,1.0896308,34.1844,1123.0,26.9,19.0,5.2,5.2,6.0,96,61,12.3,41543.47,3.93,1.27,2026-06-14T10:34:03.698539,open-meteo.com
2026-05-27,Mbale,Eastern,1.0896308,34.1844,1123.0,27.9,18.9,3.9,3.9,10.0,98,60,10.6,41789.77,4.33,-0.43000000000000016,2026-06-14T10:34:03.698575,open-meteo.com
2026-05-28,Mbale,Eastern,1.0896308,34.1844,1123.0,27.2,18.5,12.4,12.4,12.0,97,58,12.7,42137.4,4.17,8.23,2026-06-14T10:34:03.698611,open-meteo.com
2026-05-29,Mbale,Eastern,1.0896308,34.1844,1123.0,27.6,18.9,5.0,5.0,9.0,95,61,17.0,40799.42,4.25,0.75,2026-06-14T10:34:03.698646,open-meteo.com
2026-05-30,Mbale,Eastern,1.0896308,34.1844,1123.0,27.2,18.4,3.5,3.5,9.0,96,57,11.6,41044.75,4.04,-0.54,2026-06-14T10:34:03.698682,open-meteo.com
2026-05-31,Mbale,Eastern,1.0896308,34.1844,1123.0,27.8,19.5,13.6,13.6,10.0,98,56,14.1,40794.78,3.88,9.719999999999999,2026-06-14T10:34:03.698718,open-meteo.com
2026-06-01,Mbale,Eastern,1.0896308,34.1844,1123.0,26.5,19.0,5.1,5.1,11.0,97,59,10.7,41536.15,4.13,0.9699999999999998,2026-06-14T10:34:03.698754,open-meteo.com
2026-06-02,Mbale,Eastern,1.0896308,34.1844,1123.0,27.6,18.8,13.0,13.0,12.0,97,64,13.3,38651.98,3.96,9.04,2026-06-14T10:34:03.698799,open-meteo.com
2026-06-03,Mbale,Eastern,1.0896308,34.1844,1123.0,26.2,18.7,4.7,4.7,8.0,100,69,10.2,41253.95,3.51,1.1900000000000004,2026-06-14T10:34:03.698836,open-meteo.com
2026-06-04,Mbale,Eastern,1.0896308,34.1844,1123.0,26.9,18.9,3.9,3.9,13.0,95,57,12.1,41777.48,4.09,-0.18999999999999995,2026-06-14T10:34:03.698871,open-meteo.com
2026-06-05,Mbale,Eastern,1.0896308,34.1844,1123.0,26.9,18.8,4.8,4.8,11.0,96,56,11.8,42220.12,4.18,0.6200000000000001,2026-06-14T10:34:03.698921,open-meteo.com
2026-06-06,Mbale,Eastern,1.0896308,34.1844,1123.0,27.6,18.6,3.6,3.6,9.0,94,58,13.9,41771.87,4.31,-0.7099999999999995,2026-06-14T10:34:03.698958,open-meteo.com
2026-06-07,Mbale,Eastern,1.0896308,34.1844,1123.0,28.5,18.5,1.4,1.4,4.0,97,54,19.0,42242.73,4.33,-2.93,2026-06-14T10:34:03.698995,open-meteo.com
2026-06-08,Mbale,Eastern,1.0896308,34.1844,1123.0,26.6,19.4,3.2,3.2,7.0,91,57,10.9,42254.07,4.04,-0.8399999999999999,2026-06-14T10:34:03.699030,open-meteo.com
2026-06-09,Mbale,Eastern,1.0896308,34.1844,1123.0,27.9,19.6,3.4,3.4,4.0,89,57,10.3,42261.29,4.27,-0.8699999999999997,2026-06-14T10:34:03.699066,open-meteo.com
2026-06-10,Mbale,Eastern,1.0896308,34.1844,1123.0,27.8,20.2,0.0,0.0,0.0,91,56,15.1,41758.48,4.43,-4.43,2026-06-14T10:34:03.699103,open-meteo.com
2026-06-11,Mbale,Eastern,1.0896308,34.1844,1123.0,27.8,18.3,1.4,1.4,3.0,86,56,11.8,41504.82,4.72,-3.32,2026-06-14T10:34:03.699139,open-meteo.com
2026-06-12,Mbale,Eastern,1.0896308,34.1844,1123.0,28.4,18.5,0.9,0.9,4.0,79,51,11.1,42000.54,4.72,-3.82,2026-06-14T10:34:03.699185,open-meteo.com
2026-06-13,Mbale,Eastern,1.0896308,34.1844,1123.0,28.1,20.6,0.2,0.2,2.0,84,52,14.9,41495.78,4.58,-4.38,2026-06-14T10:34:03.699221,open-meteo.com
2026-06-14,Mbale,Eastern,1.0896308,34.1844,1123.0,28.1,18.6,0.2,0.2,2.0,85,54,13.9,42241.38,4.55,-4.35,2026-06-14T10:34:03.699257,open-meteo.com
2025-06-14,Kasese,Western,0.17574692,30.117002,990.0,30.9,20.7,0.3,0.3,2.0,63,32,14.1,43200.0,5.08,-4.78,2026-06-14T10:34:13.414574,open-meteo.com
2025-06-15,Kasese,Western,0.17574692,30.117002,990.0,31.0,20.2,0.0,0.0,0.0,55,31,13.9,43200.0,5.13,-5.13,2026-06-14T10:34:13.414597,open-meteo.com
2025-06-16,Kasese,Western,0.17574692,30.117002,990.0,31.2,19.0,0.0,0.0,0.0,60,28,9.4,43200.0,4.96,-4.96,2026-06-14T10:34:13.414611,open-meteo.com
2025-06-17,Kasese,Western,0.17574692,30.117002,990.0,29.7,20.6,0.0,0.0,0.0,60,32,9.7,38417.84,4.22,-4.22,2026-06-14T10:34:13.414623,open-meteo.com
2025-06-18,Kasese,Western,0.17574692,30.117002,990.0,25.1,19.9,1.0,1.0,5.0,88,50,9.9,4616.28,1.8,-0.8,2026-06-14T10:34:13.414636,open-meteo.com
2025-06-19,Kasese,Western,0.17574692,30.117002,990.0,28.4,19.4,0.6,0.6,5.0,92,50,8.6,28690.01,3.04,-2.44,2026-06-14T10:34:13.414648,open-meteo.com
2025-06-20,Kasese,Western,0.17574692,30.117002,990.0,27.6,18.5,3.8,3.8,7.0,98,51,6.2,33475.32,3.84,-0.040000000000000036,2026-06-14T10:34:13.414661,open-meteo.com
2025-06-21,Kasese,Western,0.17574692,30.117002,990.0,29.2,19.1,0.0,0.0,0.0,72,39,7.8,39848.47,4.18,-4.18,2026-06-14T10:34:13.414673,open-meteo.com
2025-06-22,Kasese,Western,0.17574692,30.117002,990.0,29.5,20.4,3.0,3.0,6.0,75,42,11.6,41036.44,4.46,-1.46,2026-06-14T10:34:13.414685,open-meteo.com
2025-06-23,Kasese,Western,0.17574692,30.117002,990.0,29.3,19.9,2.6,2.6,6.0,85,42,11.8,42554.28,3.93,-1.33,2026-06-14T10:34:13.414697,open-meteo.com
2025-06-24,Kasese,Western,0.17574692,30.117002,990.0,28.0,18.8,9.9,9.9,10.0,97,48,8.4,32975.89,3.38,6.5200000000000005,2026-06-14T10:34:13.414709,open-meteo.com
2025-06-25,Kasese,Western,0.17574692,30.117002,990.0,28.4,20.2,0.0,0.0,0.0,62,44,11.4,43088.05,4.64,-4.64,2026-06-14T10:34:13.414721,open-meteo.com
2025-06-26,Kasese,Western,0.17574692,30.117002,990.0,30.0,19.9,0.0,0.0,0.0,70,38,11.8,43074.61,4.67,-4.67,2026-06-14T10:34:13.414733,open-meteo.com
2025-06-27,Kasese,Western,0.17574692,30.117002,990.0,31.1,19.7,0.0,0.0,0.0,60,36,6.5,43061.3,4.69,-4.69,2026-06-14T10:34:13.414746,open-meteo.com
2025-06-28,Kasese,Western,0.17574692,30.117002,990.0,30.5,19.9,7.4,7.4,1.0,88,40,9.0,42179.38,4.22,3.1800000000000006,2026-06-14T10:34:13.414758,open-meteo.com
2025-06-29,Kasese,Western,0.17574692,30.117002,990.0,27.4,19.5,9.0,9.0,5.0,97,52,15.2,38639.69,3.36,5.640000000000001,2026-06-14T10:34:13.414770,open-meteo.com
2025-06-30,Kasese,Western,0.17574692,30.117002,990.0,27.5,19.9,0.0,0.0,0.0,67,46,10.5,33402.5,3.25,-3.25,2026-06-14T10:34:13.414782,open-meteo.com
2025-07-01,Kasese,Western,0.17574692,30.117002,990.0,28.6,19.2,0.1,0.1,1.0,68,42,10.5,39410.74,4.4,-4.300000000000001,2026-06-14T10:34:13.414795,open-meteo.com
2025-07-02,Kasese,Western,0.17574692,30.117002,990.0,29.1,18.5,0.0,0.0,0.0,69,38,9.5,42016.23,4.41,-4.41,2026-06-14T10:34:13.414807,open-meteo.com
2025-07-03,Kasese,Western,0.17574692,30.117002,990.0,29.6,20.4,0.6,0.6,3.0,67,39,10.1,42907.73,4.38,-3.78,2026-06-14T10:34:13.414819,open-meteo.com
2025-07-04,Kasese,Western,0.17574692,30.117002,990.0,30.2,19.8,6.5,6.5,4.0,80,37,5.7,42977.44,4.27,2.2300000000000004,2026-06-14T10:34:13.414830,open-meteo.com
2025-07-05,Kasese,Western,0.17574692,30.117002,990.0,29.8,19.6,0.8,0.8,2.0,79,42,9.8,42967.55,4.19,-3.3900000000000006,2026-06-14T10:34:13.414843,open-meteo.com
2025-07-06,Kasese,Western,0.17574692,30.117002,990.0,29.0,20.0,7.9,7.9,8.0,96,43,8.7,38064.34,4.05,3.8500000000000005,2026-06-14T10:34:13.414855,open-meteo.com
2025-07-07,Kasese,Western,0.17574692,30.117002,990.0,28.1,19.2,0.5,0.5,5.0,99,47,12.1,36616.73,3.36,-2.86,2026-06-14T10:34:13.414867,open-meteo.com
2025-07-08,Kasese,Western,0.17574692,30.117002,990.0,28.8,19.5,25.5,25.5,6.0,93,42,9.5,39941.76,3.66,21.84,2026-06-14T10:34:13.414890,open-meteo.com
2025-07-09,Kasese,Western,0.17574692,30.117002,990.0,26.5,19.2,4.2,4.2,7.0,98,53,8.7,28920.76,3.26,0.9400000000000004,2026-06-14T10:34:13.414902,open-meteo.com
2025-07-10,Kasese,Western,0.17574692,30.117002,990.0,25.0,18.8,6.2,6.2,4.0,94,52,7.7,15683.28,2.28,3.9200000000000004,2026-06-14T10:34:13.414914,open-meteo.com
2025-07-11,Kasese,Western,0.17574692,30.117002,990.0,27.1,18.3,0.0,0.0,0.0,82,45,7.9,32922.26,3.23,-3.23,2026-06-14T10:34:13.414926,open-meteo.com
2025-07-12,Kasese,Western,0.17574692,30.117002,990.0,28.6,19.5,2.6,2.6,4.0,85,44,12.1,41421.19,3.95,-1.35,2026-06-14T10:34:13.414938,open-meteo.com
2025-07-13,Kasese,Western,0.17574692,30.117002,990.0,28.0,18.9,17.2,17.2,6.0,95,52,6.4,41446.91,4.04,13.16,2026-06-14T10:34:13.414950,open-meteo.com
2025-07-14,Kasese,Western,0.17574692,30.117002,990.0,26.6,19.0,4.3,4.3,8.0,92,54,8.1,36394.72,3.26,1.04,2026-06-14T10:34:13.414962,open-meteo.com
2025-07-15,Kasese,Western,0.17574692,30.117002,990.0,26.7,19.0,0.4,0.4,1.0,99,52,9.2,35620.08,3.08,-2.68,2026-06-14T10:34:13.414979,open-meteo.com
2025-07-16,Kasese,Western,0.17574692,30.117002,990.0,27.4,19.5,4.2,4.2,3.0,89,53,10.1,37855.5,3.38,0.8200000000000003,2026-06-14T10:34:13.414991,open-meteo.com
2025-07-17,Kasese,Western,0.17574692,30.117002,990.0,27.2,18.1,3.1,3.1,8.0,95,55,8.7,33240.96,3.56,-0.45999999999999996,2026-06-14T10:34:13.415003,open-meteo.com
2025-07-18,Kasese,Western,0.17574692,30.117002,990.0,27.2,18.4,3.4,3.4,6.0,89,48,13.0,37602.2,3.22,0.17999999999999972,2026-06-14T10:34:13.415015,open-meteo.com
2025-07-19,Kasese,Western,0.17574692,30.117002,990.0,27.3,19.0,1.7,1.7,1.0,76,53,7.6,39464.75,3.33,-1.6300000000000001,2026-06-14T10:34:13.415027,open-meteo.com
2025-07-20,Kasese,Western,0.17574692,30.117002,990.0,27.8,19.6,4.7,4.7,4.0,83,52,7.5,42151.04,3.89,0.81,2026-06-14T10:34:13.415039,open-meteo.com
2025-07-21,Kasese,Western,0.17574692,30.117002,990.0,28.0,19.5,0.4,0.4,2.0,83,45,7.4,40339.49,4.0,-3.6,2026-06-14T10:34:13.415051,open-meteo.com
2025-07-22,Kasese,Western,0.17574692,30.117002,990.0,28.4,18.4,1.0,1.0,5.0,98,46,7.0,41898.38,4.0,-3.0,2026-06-14T10:34:13.415063,open-meteo.com
2025-07-23,Kasese,Western,0.17574692,30.117002,990.0,29.1,19.6,2.7,2.7,5.0,74,43,14.7,42384.5,4.54,-1.8399999999999999,2026-06-14T10:34:13.415075,open-meteo.com
2025-07-24,Kasese,Western,0.17574692,30.117002,990.0,28.4,19.9,0.0,0.0,0.0,95,48,9.0,39793.94,4.15,-4.15,2026-06-14T10:34:13.415087,open-meteo.com
2025-07-25,Kasese,Western,0.17574692,30.117002,990.0,28.6,20.1,0.6,0.6,2.0,88,44,9.0,37191.22,3.91,-3.31,2026-06-14T10:34:13.415103,open-meteo.com
2025-07-26,Kasese,Western,0.17574692,30.117002,990.0,29.0,20.6,0.0,0.0,0.0,71,39,13.6,38818.31,4.35,-4.35,2026-06-14T10:34:13.415115,open-meteo.com
2025-07-27,Kasese,Western,0.17574692,30.117002,990.0,29.9,19.1,0.2,0.2,2.0,77,33,14.3,42849.85,4.71,-4.51,2026-06-14T10:34:13.415127,open-meteo.com
2025-07-28,Kasese,Western,0.17574692,30.117002,990.0,30.4,18.5,0.0,0.0,0.0,63,32,12.4,42851.05,4.8,-4.8,2026-06-14T10:34:13.415139,open-meteo.com
2025-07-29,Kasese,Western,0.17574692,30.117002,990.0,30.2,18.9,0.0,0.0,0.0,59,31,13.0,42852.86,4.78,-4.78,2026-06-14T10:34:13.415151,open-meteo.com
2025-07-30,Kasese,Western,0.17574692,30.117002,990.0,30.5,19.0,0.0,0.0,0.0,61,28,12.6,42855.27,5.44,-5.44,2026-06-14T10:34:13.415164,open-meteo.com
2025-07-31,Kasese,Western,0.17574692,30.117002,990.0,30.8,18.2,0.0,0.0,0.0,55,26,14.0,42858.27,5.26,-5.26,2026-06-14T10:34:13.415175,open-meteo.com
2025-08-01,Kasese,Western,0.17574692,30.117002,990.0,31.2,18.7,0.0,0.0,0.0,58,27,13.0,42861.85,5.39,-5.39,2026-06-14T10:34:13.415188,open-meteo.com
2025-08-02,Kasese,Western,0.17574692,30.117002,990.0,31.0,20.1,0.0,0.0,0.0,55,29,11.2,42559.02,4.95,-4.95,2026-06-14T10:34:13.415200,open-meteo.com
2025-08-03,Kasese,Western,0.17574692,30.117002,990.0,30.9,19.6,0.5,0.5,2.0,89,27,13.4,42038.81,4.75,-4.25,2026-06-14T10:34:13.415212,open-meteo.com
2025-08-04,Kasese,Western,0.17574692,30.117002,990.0,31.0,19.4,0.0,0.0,0.0,79,26,9.7,42876.0,5.05,-5.05,2026-06-14T10:34:13.415227,open-meteo.com
2025-08-05,Kasese,Western,0.17574692,30.117002,990.0,31.5,19.7,0.0,0.0,0.0,73,23,13.3,42881.82,5.12,-5.12,2026-06-14T10:34:13.415239,open-meteo.com
2025-08-06,Kasese,Western,0.17574692,30.117002,990.0,31.4,19.9,0.6,0.6,2.0,61,29,9.9,42761.92,5.04,-4.44,2026-06-14T10:34:13.415251,open-meteo.com
2025-08-07,Kasese,Western,0.17574692,30.117002,990.0,31.0,19.2,0.4,0.4,3.0,100,32,15.4,40481.21,4.77,-4.369999999999999,2026-06-14T10:34:13.415263,open-meteo.com
2025-08-08,Kasese,Western,0.17574692,30.117002,990.0,30.2,20.0,3.6,3.6,6.0,95,39,12.5,38243.2,3.71,-0.10999999999999988,2026-06-14T10:34:13.415275,open-meteo.com
2025-08-09,Kasese,Western,0.17574692,30.117002,990.0,26.2,19.0,13.3,13.3,16.0,99,60,8.5,16789.2,2.33,10.97,2026-06-14T10:34:13.415287,open-meteo.com
2025-08-10,Kasese,Western,0.17574692,30.117002,990.0,27.6,17.9,2.1,2.1,3.0,95,46,8.7,38995.21,4.09,-1.9899999999999998,2026-06-14T10:34:13.415299,open-meteo.com
2025-08-11,Kasese,Western,0.17574692,30.117002,990.0,28.6,18.9,5.1,5.1,4.0,95,50,5.2,35731.07,3.91,1.1899999999999995,2026-06-14T10:34:13.415312,open-meteo.com
2025-08-12,Kasese,Western,0.17574692,30.117002,990.0,27.4,18.8,26.7,26.7,13.0,99,56,15.6,33651.78,3.46,23.24,2026-06-14T10:34:13.415324,open-meteo.com
2025-08-13,Kasese,Western,0.17574692,30.117002,990.0,28.6,19.0,3.9,3.9,5.0,92,47,9.6,33450.73,4.36,-0.4600000000000004,2026-06-14T10:34:13.415336,open-meteo.com
2025-08-14,Kasese,Western,0.17574692,30.117002,990.0,28.1,18.4,2.9,2.9,3.0,95,54,9.7,41403.78,4.1,-1.1999999999999997,2026-06-14T10:34:13.415351,open-meteo.com
2025-08-15,Kasese,Western,0.17574692,30.117002,990.0,27.8,19.2,6.2,6.2,8.0,90,52,7.5,40395.36,3.79,2.41,2026-06-14T10:34:13.415363,open-meteo.com
2025-08-16,Kasese,Western,0.17574692,30.117002,990.0,24.6,17.9,5.3,5.3,5.0,94,71,7.3,6586.2,1.8,3.5,2026-06-14T10:34:13.415375,open-meteo.com
2025-08-17,Kasese,Western,0.17574692,30.117002,990.0,25.2,19.0,7.1,7.1,12.0,95,65,9.1,24177.96,2.58,4.52,2026-06-14T10:34:13.415387,open-meteo.com
2025-08-18,Kasese,Western,0.17574692,30.117002,990.0,22.5,18.3,14.2,14.2,13.0,95,74,7.4,9430.0,1.55,12.649999999999999,2026-06-14T10:34:13.415399,open-meteo.com
2025-08-19,Kasese,Western,0.17574692,30.117002,990.0,23.9,18.0,3.9,3.9,4.0,95,69,9.7,11985.66,1.74,2.16,2026-06-14T10:34:13.415411,open-meteo.com
2025-08-20,Kasese,Western,0.17574692,30.117002,990.0,26.3,17.5,0.4,0.4,3.0,97,55,7.1,40990.33,3.25,-2.85,2026-06-14T10:34:13.415423,open-meteo.com
2025-08-21,Kasese,Western,0.17574692,30.117002,990.0,27.0,18.6,1.1,1.1,4.0,87,51,8.7,26445.87,2.95,-1.85,2026-06-14T10:34:13.415436,open-meteo.com
2025-08-22,Kasese,Western,0.17574692,30.117002,990.0,28.5,19.0,0.4,0.4,2.0,87,42,9.8,33551.5,4.2,-3.8000000000000003,2026-06-14T10:34:13.415448,open-meteo.com
2025-08-23,Kasese,Western,0.17574692,30.117002,990.0,28.9,19.6,0.0,0.0,0.0,68,38,8.3,35427.07,4.08,-4.08,2026-06-14T10:34:13.415460,open-meteo.com
2025-08-24,Kasese,Western,0.17574692,30.117002,990.0,27.7,20.0,0.0,0.0,0.0,84,44,8.3,37654.21,3.77,-3.77,2026-06-14T10:34:13.415475,open-meteo.com
2025-08-25,Kasese,Western,0.17574692,30.117002,990.0,24.5,18.0,1.1,1.1,5.0,88,54,9.9,7110.62,1.78,-0.6799999999999999,2026-06-14T10:34:13.415487,open-meteo.com
2025-08-26,Kasese,Western,0.17574692,30.117002,990.0,29.0,18.5,19.5,19.5,6.0,91,43,12.2,43127.55,4.52,14.98,2026-06-14T10:34:13.415499,open-meteo.com
2025-08-27,Kasese,Western,0.17574692,30.117002,990.0,28.8,18.1,0.1,0.1,1.0,93,47,8.8,43144.8,4.7,-4.6000000000000005,2026-06-14T10:34:13.415511,open-meteo.com
2025-08-28,Kasese,Western,0.17574692,30.117002,990.0,28.9,18.5,1.1,1.1,3.0,77,46,6.2,43000.1,4.5,-3.4,2026-06-14T10:34:13.415523,open-meteo.com
2025-08-29,Kasese,Western,0.17574692,30.117002,990.0,30.5,20.8,3.2,3.2,2.0,74,37,13.9,39099.86,4.49,-1.29,2026-06-14T10:34:13.415535,open-meteo.com
2025-08-30,Kasese,Western,0.17574692,30.117002,990.0,29.9,18.4,0.0,0.0,0.0,54,33,10.7,43198.11,5.29,-5.29,2026-06-14T10:34:13.415548,open-meteo.com
2025-08-31,Kasese,Western,0.17574692,30.117002,990.0,29.3,19.0,0.0,0.0,0.0,68,31,9.3,36846.51,4.32,-4.32,2026-06-14T10:34:13.415560,open-meteo.com
2025-09-01,Kasese,Western,0.17574692,30.117002,990.0,31.5,20.9,0.2,0.2,1.0,54,27,12.1,40739.4,5.33,-5.13,2026-06-14T10:34:13.415572,open-meteo.com
2025-09-02,Kasese,Western,0.17574692,30.117002,990.0,30.8,20.0,0.5,0.5,2.0,55,31,12.9,43150.02,5.41,-4.91,2026-06-14T10:34:13.415584,open-meteo.com
2025-09-03,Kasese,Western,0.17574692,30.117002,990.0,30.4,20.0,0.1,0.1,1.0,79,34,11.1,43131.08,5.12,-5.0200000000000005,2026-06-14T10:34:13.415599,open-meteo.com
2025-09-04,Kasese,Western,0.17574692,30.117002,990.0,32.1,22.5,0.2,0.2,2.0,54,27,10.9,38843.55,4.99,-4.79,2026-06-14T10:34:13.415611,open-meteo.com
2025-09-05,Kasese,Western,0.17574692,30.117002,990.0,30.9,20.8,0.8,0.8,5.0,66,35,11.6,40993.07,4.9,-4.1000000000000005,2026-06-14T10:34:13.415623,open-meteo.com
2025-09-06,Kasese,Western,0.17574692,30.117002,990.0,31.1,21.6,1.8,1.8,3.0,67,38,13.4,39295.48,4.65,-2.8500000000000005,2026-06-14T10:34:13.415635,open-meteo.com
2025-09-07,Kasese,Western,0.17574692,30.117002,990.0,31.8,19.9,1.3,1.3,3.0,93,35,12.0,43051.64,5.17,-3.87,2026-06-14T10:34:13.415647,open-meteo.com
2025-09-08,Kasese,Western,0.17574692,30.117002,990.0,29.5,20.7,5.4,5.4,5.0,78,41,10.3,39967.39,4.27,1.1300000000000008,2026-06-14T10:34:13.415659,open-meteo.com
2025-09-09,Kasese,Western,0.17574692,30.117002,990.0,31.1,20.1,0.3,0.3,3.0,92,33,9.1,43009.23,4.76,-4.46,2026-06-14T10:34:13.415671,open-meteo.com
2025-09-10,Kasese,Western,0.17574692,30.117002,990.0,30.9,19.0,17.7,17.7,7.0,96,41,9.0,38542.34,4.52,13.18,2026-06-14T10:34:13.415683,open-meteo.com
2025-09-11,Kasese,Western,0.17574692,30.117002,990.0,28.1,19.0,13.3,13.3,11.0,100,58,10.7,35871.02,4.1,9.200000000000001,2026-06-14T10:34:13.415695,open-meteo.com
2025-09-12,Kasese,Western,0.17574692,30.117002,990.0,28.6,20.0,2.7,2.7,6.0,100,48,7.8,36000.0,4.18,-1.4799999999999995,2026-06-14T10:34:13.415708,open-meteo.com
2025-09-13,Kasese,Western,0.17574692,30.117002,990.0,28.6,19.2,1.5,1.5,6.0,86,49,6.2,37237.54,4.09,-2.59,2026-06-14T10:34:13.415723,open-meteo.com
2025-09-14,Kasese,Western,0.17574692,30.117002,990.0,29.9,18.3,0.2,0.2,2.0,81,40,14.3,42563.06,4.68,-4.4799999999999995,2026-06-14T10:34:13.415735,open-meteo.com
2025-09-15,Kasese,Western,0.17574692,30.117002,990.0,28.0,20.2,14.3,14.3,14.0,95,55,11.7,36667.0,4.1,10.200000000000001,2026-06-14T10:34:13.415747,open-meteo.com
2025-09-16,Kasese,Western,0.17574692,30.117002,990.0,28.6,18.7,3.2,3.2,6.0,92,57,8.0,39600.0,4.5,-1.2999999999999998,2026-06-14T10:34:13.415759,open-meteo.com
2025-09-17,Kasese,Western,0.17574692,30.117002,990.0,29.5,18.1,1.3,1.3,3.0,85,42,8.3,40748.39,4.47,-3.17,2026-06-14T10:34:13.415771,open-meteo.com
2025-09-18,Kasese,Western,0.17574692,30.117002,990.0,30.6,19.5,6.0,6.0,2.0,88,39,12.9,41679.89,4.73,1.2699999999999996,2026-06-14T10:34:13.415783,open-meteo.com
2025-09-19,Kasese,Western,0.17574692,30.117002,990.0,30.5,19.9,8.0,8.0,5.0,83,42,12.1,42788.5,4.8,3.2,2026-06-14T10:34:13.415795,open-meteo.com
2025-09-20,Kasese,Western,0.17574692,30.117002,990.0,30.1,20.0,0.8,0.8,4.0,61,37,14.5,42767.01,5.25,-4.45,2026-06-14T10:34:13.415807,open-meteo.com
2025-09-21,Kasese,Western,0.17574692,30.117002,990.0,31.1,20.0,0.0,0.0,0.0,53,31,8.4,42745.86,5.63,-5.63,2026-06-14T10:34:13.415819,open-meteo.com
2025-09-22,Kasese,Western,0.17574692,30.117002,990.0,30.9,20.0,0.1,0.1,1.0,65,34,12.2,42725.1,5.53,-5.430000000000001,2026-06-14T10:34:13.415831,open-meteo.com
2025-09-23,Kasese,Western,0.17574692,30.117002,990.0,32.2,20.9,0.1,0.1,1.0,50,31,11.3,41960.41,5.4,-5.300000000000001,2026-06-14T10:34:13.415846,open-meteo.com
2025-09-24,Kasese,Western,0.17574692,30.117002,990.0,30.0,20.6,0.8,0.8,4.0,70,41,9.0,39816.23,4.61,-3.8100000000000005,2026-06-14T10:34:13.415858,open-meteo.com
2025-09-25,Kasese,Western,0.17574692,30.117002,990.0,30.5,19.4,13.1,13.1,5.0,96,43,12.6,33169.46,4.37,8.73,2026-06-14T10:34:13.415870,open-meteo.com
2025-09-26,Kasese,Western,0.17574692,30.117002,990.0,30.8,20.3,0.9,0.9,5.0,99,37,8.7,38916.13,4.98,-4.08,2026-06-14T10:34:13.415889,open-meteo.com
2025-09-27,Kasese,Western,0.17574692,30.117002,990.0,30.9,19.6,1.5,1.5,5.0,90,31,7.6,40852.16,4.46,-2.96,2026-06-14T10:34:13.415902,open-meteo.com
2025-09-28,Kasese,Western,0.17574692,30.117002,990.0,31.4,19.5,0.6,0.6,3.0,99,32,8.8,36775.33,4.12,-3.52,2026-06-14T10:34:13.415914,open-meteo.com
2025-09-29,Kasese,Western,0.17574692,30.117002,990.0,32.1,19.6,0.0,0.0,0.0,74,31,6.2,42583.27,5.34,-5.34,2026-06-14T10:34:13.415926,open-meteo.com
2025-09-30,Kasese,Western,0.17574692,30.117002,990.0,31.9,21.4,14.6,14.6,4.0,92,32,9.6,32833.62,4.69,9.91,2026-06-14T10:34:13.415938,open-meteo.com
2025-10-01,Kasese,Western,0.17574692,30.117002,990.0,28.4,19.4,4.6,4.6,2.0,88,48,12.0,42542.83,4.62,-0.020000000000000462,2026-06-14T10:34:13.415951,open-meteo.com
2025-10-02,Kasese,Western,0.17574692,30.117002,990.0,29.5,19.1,0.4,0.4,2.0,88,39,11.6,41827.71,5.08,-4.68,2026-06-14T10:34:13.415963,open-meteo.com
2025-10-03,Kasese,Western,0.17574692,30.117002,990.0,29.4,19.6,16.9,16.9,6.0,97,40,10.3,29059.86,3.72,13.179999999999998,2026-06-14T10:34:13.415978,open-meteo.com
2025-10-04,Kasese,Western,0.17574692,30.117002,990.0,29.5,19.9,14.6,14.6,10.0,97,39,8.3,40696.68,4.9,9.7,2026-06-14T10:34:13.415990,open-meteo.com
2025-10-05,Kasese,Western,0.17574692,30.117002,990.0,27.9,18.4,8.8,8.8,4.0,95,50,12.6,31476.69,4.18,4.620000000000001,2026-06-14T10:34:13.416002,open-meteo.com
2025-10-06,Kasese,Western,0.17574692,30.117002,990.0,27.9,18.6,0.1,0.1,1.0,93,44,12.2,32400.0,4.4,-4.300000000000001,2026-06-14T10:34:13.416014,open-meteo.com
2025-10-07,Kasese,Western,0.17574692,30.117002,990.0,28.1,19.3,15.6,15.6,3.0,78,50,11.5,33323.93,4.13,11.469999999999999,2026-06-14T10:34:13.416026,open-meteo.com
2025-10-08,Kasese,Western,0.17574692,30.117002,990.0,28.9,19.5,19.8,19.8,5.0,89,48,12.1,36000.0,4.44,15.36,2026-06-14T10:34:13.416038,open-meteo.com
2025-10-09,Kasese,Western,0.17574692,30.117002,990.0,27.6,18.8,1.9,1.9,1.0,81,47,10.2,38881.2,4.16,-2.2600000000000002,2026-06-14T10:34:13.416050,open-meteo.com
2025-10-10,Kasese,Western,0.17574692,30.117002,990.0,28.9,20.2,0.6,0.6,1.0,60,37,10.5,41917.72,4.76,-4.16,2026-06-14T10:34:13.416062,open-meteo.com
2025-10-11,Kasese,Western,0.17574692,30.117002,990.0,30.0,19.0,0.6,0.6,3.0,59,39,11.1,40804.41,5.08,-4.48,2026-06-14T10:34:13.416074,open-meteo.com
2025-10-12,Kasese,Western,0.17574692,30.117002,990.0,29.7,19.8,0.0,0.0,0.0,73,39,8.8,42347.5,5.13,-5.13,2026-06-14T10:34:13.416086,open-meteo.com
2025-10-13,Kasese,Western,0.17574692,30.117002,990.0,30.5,20.1,0.6,0.6,3.0,91,36,9.8,38685.23,4.87,-4.2700000000000005,2026-06-14T10:34:13.416101,open-meteo.com
2025-10-14,Kasese,Western,0.17574692,30.117002,990.0,28.8,20.1,2.0,2.0,3.0,86,38,9.5,41726.23,4.75,-2.75,2026-06-14T10:34:13.416116,open-meteo.com
2025-10-15,Kasese,Western,0.17574692,30.117002,990.0,29.0,19.6,0.1,0.1,1.0,83,44,8.7,41503.21,4.99,-4.890000000000001,2026-06-14T10:34:13.416128,open-meteo.com
2025-10-16,Kasese,Western,0.17574692,30.117002,990.0,28.9,19.4,0.9,0.9,3.0,90,50,12.5,42295.44,4.96,-4.06,2026-06-14T10:34:13.416141,open-meteo.com
2025-10-17,Kasese,Western,0.17574692,30.117002,990.0,26.9,18.5,5.5,5.5,8.0,95,49,11.1,34065.42,4.14,1.3600000000000003,2026-06-14T10:34:13.416153,open-meteo.com
2025-10-18,Kasese,Western,0.17574692,30.117002,990.0,27.9,19.0,0.1,0.1,1.0,88,48,12.3,39031.71,4.39,-4.29,2026-06-14T10:34:13.416165,open-meteo.com
2025-10-19,Kasese,Western,0.17574692,30.117002,990.0,30.4,19.6,9.7,9.7,6.0,84,35,11.3,41306.66,5.08,4.619999999999999,2026-06-14T10:34:13.416177,open-meteo.com
2025-10-20,Kasese,Western,0.17574692,30.117002,990.0,29.9,19.5,6.1,6.1,4.0,91,46,10.5,35892.92,4.54,1.5599999999999996,2026-06-14T10:34:13.416189,open-meteo.com
2025-10-21,Kasese,Western,0.17574692,30.117002,990.0,28.4,19.5,0.3,0.3,3.0,99,44,6.1,28099.52,3.76,-3.46,2026-06-14T10:34:13.416204,open-meteo.com
2025-10-22,Kasese,Western,0.17574692,30.117002,990.0,29.2,18.5,25.8,25.8,14.0,94,45,7.2,37607.41,4.02,21.78,2026-06-14T10:34:13.416216,open-meteo.com
2025-10-23,Kasese,Western,0.17574692,30.117002,990.0,26.9,19.5,6.6,6.6,6.0,99,45,10.9,30941.63,3.67,2.9299999999999997,2026-06-14T10:34:13.416231,open-meteo.com
2025-10-24,Kasese,Western,0.17574692,30.117002,990.0,30.3,18.9,0.1,0.1,1.0,84,33,11.1,39923.67,4.83,-4.73,2026-06-14T10:34:13.416243,open-meteo.com
2025-10-25,Kasese,Western,0.17574692,30.117002,990.0,29.1,19.9,0.0,0.0,0.0,97,38,8.4,32400.0,3.91,-3.91,2026-06-14T10:34:13.416255,open-meteo.com
2025-10-26,Kasese,Western,0.17574692,30.117002,990.0,29.8,19.1,7.6,7.6,7.0,92,43,12.4,40559.29,4.69,2.9099999999999993,2026-06-14T10:34:13.416267,open-meteo.com
2025-10-27,Kasese,Western,0.17574692,30.117002,990.0,30.8,20.0,0.1,0.1,1.0,80,41,15.2,41135.05,4.83,-4.73,2026-06-14T10:34:13.416279,open-meteo.com
2025-10-28,Kasese,Western,0.17574692,30.117002,990.0,30.9,19.4,7.3,7.3,2.0,94,43,10.8,36834.09,4.8,2.5,2026-06-14T10:34:13.416291,open-meteo.com
2025-10-29,Kasese,Western,0.17574692,30.117002,990.0,30.0,20.0,8.3,8.3,8.0,96,46,13.2,21198.88,3.52,4.780000000000001,2026-06-14T10:34:13.416303,open-meteo.com
2025-10-30,Kasese,Western,0.17574692,30.117002,990.0,24.6,18.9,22.3,22.3,15.0,100,61,6.6,8510.87,2.07,20.23,2026-06-14T10:34:13.416315,open-meteo.com
2025-10-31,Kasese,Western,0.17574692,30.117002,990.0,28.4,18.9,12.4,12.4,9.0,99,56,7.4,32485.55,4.14,8.260000000000002,2026-06-14T10:34:13.416327,open-meteo.com
2025-11-01,Kasese,Western,0.17574692,30.117002,990.0,27.5,20.2,5.7,5.7,15.0,95,54,12.6,37480.84,3.75,1.9500000000000002,2026-06-14T10:34:13.416339,open-meteo.com
2025-11-02,Kasese,Western,0.17574692,30.117002,990.0,28.8,20.5,4.6,4.6,5.0,89,55,8.4,28342.84,4.09,0.5099999999999998,2026-06-14T10:34:13.416354,open-meteo.com
2025-11-03,Kasese,Western,0.17574692,30.117002,990.0,28.4,20.2,22.7,22.7,7.0,93,55,11.0,31408.0,4.04,18.66,2026-06-14T10:34:13.416366,open-meteo.com
2025-11-04,Kasese,Western,0.17574692,30.117002,990.0,26.6,19.1,5.4,5.4,8.0,84,50,9.4,40031.83,3.8,1.6000000000000005,2026-06-14T10:34:13.416379,open-meteo.com
2025-11-05,Kasese,Western,0.17574692,30.117002,990.0,28.3,19.4,0.8,0.8,3.0,91,44,6.1,42177.68,4.59,-3.79,2026-06-14T10:34:13.416391,open-meteo.com
2025-11-06,Kasese,Western,0.17574692,30.117002,990.0,29.7,17.9,1.0,1.0,3.0,68,44,12.5,40703.21,5.24,-4.24,2026-06-14T10:34:13.416403,open-meteo.com
2025-11-07,Kasese,Western,0.17574692,30.117002,990.0,28.9,19.4,2.9,2.9,2.0,83,47,12.5,41903.55,4.23,-1.3300000000000005,2026-06-14T10:34:13.416414,open-meteo.com
2025-11-08,Kasese,Western,0.17574692,30.117002,990.0,27.0,18.5,14.1,14.1,8.0,94,63,10.0,33652.0,3.84,10.26,2026-06-14T10:34:13.416426,open-meteo.com
2025-11-09,Kasese,Western,0.17574692,30.117002,990.0,26.8,19.1,16.0,16.0,8.0,89,57,8.3,37588.46,3.63,12.370000000000001,2026-06-14T10:34:13.416439,open-meteo.com
2025-11-10,Kasese,Western,0.17574692,30.117002,990.0,27.5,18.9,3.5,3.5,2.0,90,52,6.5,31309.52,3.82,-0.31999999999999984,2026-06-14T10:34:13.416451,open-meteo.com
2025-11-11,Kasese,Western,0.17574692,30.117002,990.0,28.3,18.8,6.2,6.2,3.0,92,56,10.4,41191.02,4.53,1.67,2026-06-14T10:34:13.416463,open-meteo.com
2025-11-12,Kasese,Western,0.17574692,30.117002,990.0,29.2,18.5,1.7,1.7,2.0,83,46,12.0,40902.73,4.62,-2.92,2026-06-14T10:34:13.416478,open-meteo.com
2025-11-13,Kasese,Western,0.17574692,30.117002,990.0,29.2,18.9,0.6,0.6,2.0,76,39,8.8,42222.09,4.8,-4.2,2026-06-14T10:34:13.416490,open-meteo.com
2025-11-14,Kasese,Western,0.17574692,30.117002,990.0,27.5,18.9,6.8,6.8,4.0,92,56,17.8,29945.39,3.31,3.4899999999999998,2026-06-14T10:34:13.416502,open-meteo.com
2025-11-15,Kasese,Western,0.17574692,30.117002,990.0,28.0,18.4,0.3,0.3,2.0,94,53,7.4,40706.19,4.29,-3.99,2026-06-14T10:34:13.416514,open-meteo.com
2025-11-16,Kasese,Western,0.17574692,30.117002,990.0,27.9,19.4,0.2,0.2,2.0,77,47,7.4,32800.02,4.38,-4.18,2026-06-14T10:34:13.416529,open-meteo.com
2025-11-17,Kasese,Western,0.17574692,30.117002,990.0,28.8,18.7,3.7,3.7,6.0,81,45,11.0,41919.57,4.57,-0.8700000000000001,2026-06-14T10:34:13.416541,open-meteo.com
2025-11-18,Kasese,Western,0.17574692,30.117002,990.0,29.7,19.0,0.1,0.1,1.0,83,40,19.5,42162.74,4.71,-4.61,2026-06-14T10:34:13.416554,open-meteo.com
2025-11-19,Kasese,Western,0.17574692,30.117002,990.0,30.0,18.5,0.0,0.0,0.0,91,45,7.7,40697.34,4.41,-4.41,2026-06-14T10:34:13.416566,open-meteo.com
2025-11-20,Kasese,Western,0.17574692,30.117002,990.0,28.3,19.9,0.1,0.1,1.0,91,52,13.4,40694.09,3.9,-3.8,2026-06-14T10:34:13.416578,open-meteo.com
2025-11-21,Kasese,Western,0.17574692,30.117002,990.0,30.8,19.0,0.3,0.3,2.0,89,40,17.5,39955.99,4.61,-4.3100000000000005,2026-06-14T10:34:13.416590,open-meteo.com
2025-11-22,Kasese,Western,0.17574692,30.117002,990.0,29.6,20.1,2.2,2.2,6.0,90,41,14.2,36000.0,4.52,-2.3199999999999994,2026-06-14T10:34:13.416605,open-meteo.com
2025-11-23,Kasese,Western,0.17574692,30.117002,990.0,31.7,18.5,0.3,0.3,3.0,83,28,15.9,42346.12,5.56,-5.26,2026-06-14T10:34:13.416618,open-meteo.com
2025-11-24,Kasese,Western,0.17574692,30.117002,990.0,31.5,19.2,0.1,0.1,1.0,73,32,11.6,42362.99,5.45,-5.3500000000000005,2026-06-14T10:34:13.416630,open-meteo.com
2025-11-25,Kasese,Western,0.17574692,30.117002,990.0,31.0,20.9,1.0,1.0,6.0,72,31,13.6,42380.92,5.13,-4.13,2026-06-14T10:34:13.416642,open-meteo.com
2025-11-26,Kasese,Western,0.17574692,30.117002,990.0,30.8,21.8,0.2,0.2,1.0,58,38,15.7,41896.77,5.23,-5.03,2026-06-14T10:34:13.416654,open-meteo.com
2025-11-27,Kasese,Western,0.17574692,30.117002,990.0,30.8,22.2,1.9,1.9,5.0,67,34,18.0,42419.75,5.07,-3.1700000000000004,2026-06-14T10:34:13.416666,open-meteo.com
2025-11-28,Kasese,Western,0.17574692,30.117002,990.0,30.5,21.1,5.2,5.2,5.0,83,36,13.7,40077.02,4.71,0.4900000000000002,2026-06-14T10:34:13.416678,open-meteo.com
2025-11-29,Kasese,Western,0.17574692,30.117002,990.0,30.5,20.5,0.0,0.0,0.0,74,32,10.1,42462.09,4.86,-4.86,2026-06-14T10:34:13.416690,open-meteo.com
2025-11-30,Kasese,Western,0.17574692,30.117002,990.0,29.5,19.4,0.0,0.0,0.0,86,42,12.5,35037.31,3.87,-3.87,2026-06-14T10:34:13.416703,open-meteo.com
2025-12-01,Kasese,Western,0.17574692,30.117002,990.0,32.3,19.4,0.0,0.0,0.0,85,28,18.0,42507.41,5.68,-5.68,2026-06-14T10:34:13.416715,open-meteo.com
2025-12-02,Kasese,Western,0.17574692,30.117002,990.0,32.8,19.5,0.0,0.0,0.0,80,25,17.8,42531.04,6.05,-6.05,2026-06-14T10:34:13.416729,open-meteo.com
2025-12-03,Kasese,Western,0.17574692,30.117002,990.0,31.8,19.9,0.2,0.2,2.0,74,26,16.2,41849.64,5.53,-5.33,2026-06-14T10:34:13.416742,open-meteo.com
2025-12-04,Kasese,Western,0.17574692,30.117002,990.0,31.6,18.2,0.0,0.0,0.0,79,29,16.2,42338.63,5.48,-5.48,2026-06-14T10:34:13.416755,open-meteo.com
2025-12-05,Kasese,Western,0.17574692,30.117002,990.0,28.8,20.5,10.9,10.9,4.0,93,32,12.0,32335.02,3.86,7.040000000000001,2026-06-14T10:34:13.416767,open-meteo.com
2025-12-06,Kasese,Western,0.17574692,30.117002,990.0,29.0,18.9,7.7,7.7,3.0,95,46,12.7,37683.43,3.95,3.75,2026-06-14T10:34:13.416779,open-meteo.com
2025-12-07,Kasese,Western,0.17574692,30.117002,990.0,30.5,20.0,0.1,0.1,1.0,78,35,20.2,42656.14,4.94,-4.840000000000001,2026-06-14T10:34:13.416791,open-meteo.com
2025-12-08,Kasese,Western,0.17574692,30.117002,990.0,30.7,19.5,1.3,1.3,3.0,62,30,14.3,42682.11,4.48,-3.1800000000000006,2026-06-14T10:34:13.416803,open-meteo.com
2025-12-09,Kasese,Western,0.17574692,30.117002,990.0,29.8,19.4,4.9,4.9,4.0,89,42,10.7,39600.0,4.23,0.6699999999999999,2026-06-14T10:34:13.416816,open-meteo.com
2025-12-10,Kasese,Western,0.17574692,30.117002,990.0,28.0,19.9,12.0,12.0,7.0,83,48,10.7,28800.0,3.39,8.61,2026-06-14T10:34:13.416828,open-meteo.com
2025-12-11,Kasese,Western,0.17574692,30.117002,990.0,26.8,20.2,3.0,3.0,5.0,93,62,12.9,38947.39,3.88,-0.8799999999999999,2026-06-14T10:34:13.416840,open-meteo.com
2025-12-12,Kasese,Western,0.17574692,30.117002,990.0,27.4,19.0,0.6,0.6,2.0,88,53,7.8,42763.22,4.12,-3.52,2026-06-14T10:34:13.416859,open-meteo.com
2025-12-13,Kasese,Western,0.17574692,30.117002,990.0,23.0,18.8,10.4,10.4,6.0,96,66,10.1,17195.16,1.99,8.41,2026-06-14T10:34:13.416872,open-meteo.com
2025-12-14,Kasese,Western,0.17574692,30.117002,990.0,28.5,18.3,0.4,0.4,1.0,83,52,11.4,40987.13,4.61,-4.21,2026-06-14T10:34:13.416890,open-meteo.com
2025-12-15,Kasese,Western,0.17574692,30.117002,990.0,28.8,20.0,9.5,9.5,4.0,79,41,9.4,39202.49,4.27,5.23,2026-06-14T10:34:13.416903,open-meteo.com
2025-12-16,Kasese,Western,0.17574692,30.117002,990.0,28.4,20.0,5.2,5.2,2.0,88,46,12.2,35002.88,3.74,1.46,2026-06-14T10:34:13.416915,open-meteo.com
2025-12-17,Kasese,Western,0.17574692,30.117002,990.0,26.3,18.7,3.8,3.8,4.0,91,47,7.8,33628.95,3.27,0.5299999999999998,2026-06-14T10:34:13.416927,open-meteo.com
2025-12-18,Kasese,Western,0.17574692,30.117002,990.0,28.5,17.6,0.0,0.0,0.0,89,41,10.5,42956.19,4.69,-4.69,2026-06-14T10:34:13.416939,open-meteo.com
2025-12-19,Kasese,Western,0.17574692,30.117002,990.0,27.6,18.0,0.1,0.1,1.0,83,38,8.8,33604.56,3.63,-3.53,2026-06-14T10:34:13.416951,open-meteo.com
2025-12-20,Kasese,Western,0.17574692,30.117002,990.0,29.1,18.5,0.1,0.1,1.0,71,46,7.3,38124.27,3.93,-3.83,2026-06-14T10:34:13.416964,open-meteo.com
2025-12-21,Kasese,Western,0.17574692,30.117002,990.0,28.6,18.6,4.3,4.3,4.0,83,50,12.3,43047.58,4.3,0.0,2026-06-14T10:34:13.416976,open-meteo.com
2025-12-22,Kasese,Western,0.17574692,30.117002,990.0,28.5,19.5,17.6,17.6,7.0,97,49,11.4,38780.24,4.17,13.430000000000001,2026-06-14T10:34:13.416991,open-meteo.com
2025-12-23,Kasese,Western,0.17574692,30.117002,990.0,28.8,19.3,0.1,0.1,1.0,95,49,8.5,43109.29,4.36,-4.260000000000001,2026-06-14T10:34:13.417003,open-meteo.com
2025-12-24,Kasese,Western,0.17574692,30.117002,990.0,29.8,19.1,0.1,0.1,1.0,77,42,10.5,38010.87,4.56,-4.46,2026-06-14T10:34:13.417018,open-meteo.com
2025-12-25,Kasese,Western,0.17574692,30.117002,990.0,28.9,20.6,0.2,0.2,2.0,81,48,9.9,42334.15,4.6,-4.3999999999999995,2026-06-14T10:34:13.417031,open-meteo.com
2025-12-26,Kasese,Western,0.17574692,30.117002,990.0,29.5,20.8,0.0,0.0,0.0,75,44,8.3,41790.43,4.49,-4.49,2026-06-14T10:34:13.417043,open-meteo.com
2025-12-27,Kasese,Western,0.17574692,30.117002,990.0,30.5,20.3,0.4,0.4,1.0,64,36,14.7,43146.18,5.05,-4.6499999999999995,2026-06-14T10:34:13.417055,open-meteo.com
2025-12-28,Kasese,Western,0.17574692,30.117002,990.0,27.0,21.6,0.9,0.9,4.0,77,51,9.2,12784.75,2.48,-1.58,2026-06-14T10:34:13.417067,open-meteo.com
2025-12-29,Kasese,Western,0.17574692,30.117002,990.0,28.6,19.2,0.9,0.9,6.0,97,42,10.1,37372.36,3.92,-3.02,2026-06-14T10:34:13.417079,open-meteo.com
2025-12-30,Kasese,Western,0.17574692,30.117002,990.0,24.9,19.2,0.5,0.5,5.0,95,59,6.2,13525.9,2.46,-1.96,2026-06-14T10:34:13.417091,open-meteo.com
2025-12-31,Kasese,Western,0.17574692,30.117002,990.0,27.2,17.5,0.0,0.0,0.0,96,53,14.0,41028.86,4.08,-4.08,2026-06-14T10:34:13.417103,open-meteo.com
2026-01-01,Kasese,Western,0.17574692,30.117002,990.0,27.8,19.0,0.2,0.2,2.0,80,40,10.7,37734.5,4.48,-4.28,2026-06-14T10:34:13.417119,open-meteo.com
2026-01-02,Kasese,Western,0.17574692,30.117002,990.0,30.6,18.5,0.0,0.0,0.0,72,37,12.6,42977.1,5.01,-5.01,2026-06-14T10:34:13.417131,open-meteo.com
2026-01-03,Kasese,Western,0.17574692,30.117002,990.0,29.2,20.0,8.4,8.4,3.0,64,45,9.3,41963.14,4.25,4.15,2026-06-14T10:34:13.417143,open-meteo.com
2026-01-04,Kasese,Western,0.17574692,30.117002,990.0,31.4,19.0,0.0,0.0,0.0,67,29,10.2,42924.98,5.01,-5.01,2026-06-14T10:34:13.417155,open-meteo.com
2026-01-05,Kasese,Western,0.17574692,30.117002,990.0,30.3,19.9,0.0,0.0,0.0,76,31,6.5,42898.96,4.63,-4.63,2026-06-14T10:34:13.417167,open-meteo.com
2026-01-06,Kasese,Western,0.17574692,30.117002,990.0,30.6,18.8,0.0,0.0,0.0,70,37,8.7,42873.06,5.08,-5.08,2026-06-14T10:34:13.417179,open-meteo.com
2026-01-07,Kasese,Western,0.17574692,30.117002,990.0,30.8,20.5,0.1,0.1,1.0,76,29,11.5,42847.34,4.91,-4.8100000000000005,2026-06-14T10:34:13.417194,open-meteo.com
2026-01-08,Kasese,Western,0.17574692,30.117002,990.0,31.0,20.2,0.0,0.0,0.0,73,28,9.0,38601.32,4.52,-4.52,2026-06-14T10:34:13.417207,open-meteo.com
2026-01-09,Kasese,Western,0.17574692,30.117002,990.0,33.2,19.6,0.0,0.0,0.0,77,18,22.7,40983.59,5.56,-5.56,2026-06-14T10:34:13.417219,open-meteo.com
2026-01-10,Kasese,Western,0.17574692,30.117002,990.0,32.8,18.5,0.0,0.0,0.0,87,24,12.6,37413.23,5.17,-5.17,2026-06-14T10:34:13.417231,open-meteo.com
2026-01-11,Kasese,Western,0.17574692,30.117002,990.0,30.1,21.2,1.7,1.7,3.0,76,36,11.6,33041.6,4.44,-2.74,2026-06-14T10:34:13.417247,open-meteo.com
2026-01-12,Kasese,Western,0.17574692,30.117002,990.0,31.8,19.0,0.0,0.0,0.0,87,31,9.2,42723.5,4.8,-4.8,2026-06-14T10:34:13.417259,open-meteo.com
2026-01-13,Kasese,Western,0.17574692,30.117002,990.0,32.3,18.8,0.0,0.0,0.0,71,26,16.2,42700.13,5.04,-5.04,2026-06-14T10:34:13.417271,open-meteo.com
2026-01-14,Kasese,Western,0.17574692,30.117002,990.0,33.9,18.5,0.0,0.0,0.0,76,18,14.7,42677.36,5.58,-5.58,2026-06-14T10:34:13.417283,open-meteo.com
2026-01-15,Kasese,Western,0.17574692,30.117002,990.0,34.7,19.2,0.0,0.0,0.0,61,15,19.0,42655.25,6.0,-6.0,2026-06-14T10:34:13.417295,open-meteo.com
2026-01-16,Kasese,Western,0.17574692,30.117002,990.0,32.5,19.0,0.0,0.0,0.0,54,23,12.9,41220.02,5.66,-5.66,2026-06-14T10:34:13.417308,open-meteo.com
2026-01-17,Kasese,Western,0.17574692,30.117002,990.0,31.5,19.0,0.0,0.0,0.0,91,27,13.2,42099.73,5.14,-5.14,2026-06-14T10:34:13.417320,open-meteo.com
2026-01-18,Kasese,Western,0.17574692,30.117002,990.0,33.3,18.8,0.0,0.0,0.0,82,23,19.2,42593.56,5.48,-5.48,2026-06-14T10:34:13.417332,open-meteo.com
2026-01-19,Kasese,Western,0.17574692,30.117002,990.0,30.9,20.7,9.4,9.4,5.0,79,36,8.6,41162.05,4.22,5.180000000000001,2026-06-14T10:34:13.417344,open-meteo.com
2026-01-20,Kasese,Western,0.17574692,30.117002,990.0,29.2,19.1,0.5,0.5,3.0,85,46,10.1,35704.64,4.09,-3.59,2026-06-14T10:34:13.417356,open-meteo.com
2026-01-21,Kasese,Western,0.17574692,30.117002,990.0,33.4,18.7,0.1,0.1,1.0,80,25,12.6,42540.09,5.44,-5.340000000000001,2026-06-14T10:34:13.417371,open-meteo.com
2026-01-22,Kasese,Western,0.17574692,30.117002,990.0,33.2,19.9,0.2,0.2,2.0,64,23,9.6,40118.62,5.25,-5.05,2026-06-14T10:34:13.417383,open-meteo.com
2026-01-23,Kasese,Western,0.17574692,30.117002,990.0,34.1,19.0,0.0,0.0,0.0,75,18,16.7,42509.51,5.24,-5.24,2026-06-14T10:34:13.417395,open-meteo.com
2026-01-24,Kasese,Western,0.17574692,30.117002,990.0,35.0,19.2,0.0,0.0,0.0,64,16,12.4,42495.38,5.25,-5.25,2026-06-14T10:34:13.417407,open-meteo.com
2026-01-25,Kasese,Western,0.17574692,30.117002,990.0,34.8,19.9,0.0,0.0,0.0,54,18,14.8,42481.98,5.54,-5.54,2026-06-14T10:34:13.417419,open-meteo.com
2026-01-26,Kasese,Western,0.17574692,30.117002,990.0,35.1,20.0,0.0,0.0,0.0,64,19,12.2,42469.32,5.19,-5.19,2026-06-14T10:34:13.417432,open-meteo.com
2026-01-27,Kasese,Western,0.17574692,30.117002,990.0,30.9,21.7,0.9,0.9,2.0,79,32,12.3,38857.39,4.45,-3.5500000000000003,2026-06-14T10:34:13.417444,open-meteo.com
2026-01-28,Kasese,Western,0.17574692,30.117002,990.0,26.4,20.3,3.8,3.8,4.0,90,49,12.1,10377.54,2.03,1.77,2026-06-14T10:34:13.417456,open-meteo.com
2026-01-29,Kasese,Western,0.17574692,30.117002,990.0,32.4,20.0,0.0,0.0,0.0,76,31,6.9,39600.0,5.05,-5.05,2026-06-14T10:34:13.417468,open-meteo.com
2026-01-30,Kasese,Western,0.17574692,30.117002,990.0,32.4,20.5,0.0,0.0,0.0,70,32,11.6,41325.0,5.07,-5.07,2026-06-14T10:34:13.417480,open-meteo.com
2026-01-31,Kasese,Western,0.17574692,30.117002,990.0,30.8,20.8,0.0,0.0,0.0,73,37,17.5,42288.63,4.87,-4.87,2026-06-14T10:34:13.417495,open-meteo.com
2026-02-01,Kasese,Western,0.17574692,30.117002,990.0,28.5,20.6,0.0,0.0,0.0,83,43,9.6,20689.26,3.34,-3.34,2026-06-14T10:34:13.417508,open-meteo.com
2026-02-02,Kasese,Western,0.17574692,30.117002,990.0,30.0,21.4,0.0,0.0,0.0,67,38,8.3,32400.0,4.31,-4.31,2026-06-14T10:34:13.417520,open-meteo.com
2026-02-03,Kasese,Western,0.17574692,30.117002,990.0,31.5,20.2,0.5,0.5,2.0,77,34,12.2,40166.79,4.97,-4.47,2026-06-14T10:34:13.417532,open-meteo.com
2026-02-04,Kasese,Western,0.17574692,30.117002,990.0,33.8,19.5,0.0,0.0,0.0,70,24,14.0,42037.91,5.81,-5.81,2026-06-14T10:34:13.417544,open-meteo.com
2026-02-05,Kasese,Western,0.17574692,30.117002,990.0,32.2,19.9,0.0,0.0,0.0,65,30,10.2,40750.2,4.88,-4.88,2026-06-14T10:34:13.417556,open-meteo.com
2026-02-06,Kasese,Western,0.17574692,30.117002,990.0,30.4,21.0,4.5,4.5,2.0,89,35,10.0,33767.61,3.52,0.98,2026-06-14T10:34:13.417568,open-meteo.com
2026-02-07,Kasese,Western,0.17574692,30.117002,990.0,30.1,21.2,3.1,3.1,3.0,73,38,9.7,31420.42,4.15,-1.0500000000000003,2026-06-14T10:34:13.417580,open-meteo.com
2026-02-08,Kasese,Western,0.17574692,30.117002,990.0,31.2,19.4,7.2,7.2,7.0,93,33,11.6,41070.85,4.86,2.34,2026-06-14T10:34:13.417592,open-meteo.com
2026-02-09,Kasese,Western,0.17574692,30.117002,990.0,24.0,20.0,2.5,2.5,8.0,98,74,8.2,15675.0,2.18,0.31999999999999984,2026-06-14T10:34:13.417605,open-meteo.com
2026-02-10,Kasese,Western,0.17574692,30.117002,990.0,27.8,18.0,0.2,0.2,2.0,95,47,11.1,37159.79,4.25,-4.05,2026-06-14T10:34:13.417620,open-meteo.com
2026-02-11,Kasese,Western,0.17574692,30.117002,990.0,30.0,18.9,3.1,3.1,3.0,87,43,8.4,41771.98,4.9,-1.8000000000000003,2026-06-14T10:34:13.417632,open-meteo.com
2026-02-12,Kasese,Western,0.17574692,30.117002,990.0,29.7,19.6,5.3,5.3,6.0,84,39,10.8,30687.65,3.95,1.3499999999999996,2026-06-14T10:34:13.417644,open-meteo.com
2026-02-13,Kasese,Western,0.17574692,30.117002,990.0,29.0,18.1,0.0,0.0,0.0,88,46,8.5,41997.86,4.4,-4.4,2026-06-14T10:34:13.417656,open-meteo.com
2026-02-14,Kasese,Western,0.17574692,30.117002,990.0,27.5,19.5,0.0,0.0,0.0,89,52,13.0,41755.62,4.35,-4.35,2026-06-14T10:34:13.417669,open-meteo.com
2026-02-15,Kasese,Western,0.17574692,30.117002,990.0,29.0,18.8,0.1,0.1,1.0,91,47,12.4,34913.84,4.38,-4.28,2026-06-14T10:34:13.417681,open-meteo.com
2026-02-16,Kasese,Western,0.17574692,30.117002,990.0,30.5,19.8,2.3,2.3,4.0,69,39,10.4,41271.96,4.86,-2.5600000000000005,2026-06-14T10:34:13.417693,open-meteo.com
2026-02-17,Kasese,Western,0.17574692,30.117002,990.0,28.9,20.0,0.0,0.0,0.0,93,47,11.0,36300.82,3.84,-3.84,2026-06-14T10:34:13.417705,open-meteo.com
2026-02-18,Kasese,Western,0.17574692,30.117002,990.0,29.3,19.7,12.2,12.2,4.0,91,46,13.0,32841.46,3.52,8.68,2026-06-14T10:34:13.417717,open-meteo.com
2026-02-19,Kasese,Western,0.17574692,30.117002,990.0,26.3,18.8,0.9,0.9,4.0,96,56,7.4,24293.76,3.14,-2.24,2026-06-14T10:34:13.417732,open-meteo.com
2026-02-20,Kasese,Western,0.17574692,30.117002,990.0,30.1,20.3,0.1,0.1,1.0,83,38,10.4,29141.48,3.65,-3.55,2026-06-14T10:34:13.417747,open-meteo.com
2026-02-21,Kasese,Western,0.17574692,30.117002,990.0,29.3,19.9,5.8,5.8,5.0,76,42,15.6,26614.43,3.59,2.21,2026-06-14T10:34:13.417759,open-meteo.com
2026-02-22,Kasese,Western,0.17574692,30.117002,990.0,28.2,19.5,4.4,4.4,4.0,96,54,10.7,29166.61,4.0,0.40000000000000036,2026-06-14T10:34:13.417771,open-meteo.com
2026-02-23,Kasese,Western,0.17574692,30.117002,990.0,27.5,18.5,3.0,3.0,6.0,94,53,8.2,31900.42,3.32,-0.31999999999999984,2026-06-14T10:34:13.417783,open-meteo.com
2026-02-24,Kasese,Western,0.17574692,30.117002,990.0,28.8,19.5,0.7,0.7,2.0,90,46,7.9,40515.52,4.64,-3.9399999999999995,2026-06-14T10:34:13.417795,open-meteo.com
2026-02-25,Kasese,Western,0.17574692,30.117002,990.0,30.8,18.7,0.0,0.0,0.0,74,31,12.3,41440.06,5.43,-5.43,2026-06-14T10:34:13.417808,open-meteo.com
2026-02-26,Kasese,Western,0.17574692,30.117002,990.0,31.0,20.1,0.0,0.0,0.0,62,30,11.1,35073.38,5.12,-5.12,2026-06-14T10:34:13.417826,open-meteo.com
2026-02-27,Kasese,Western,0.17574692,30.117002,990.0,31.2,19.1,0.0,0.0,0.0,59,28,11.3,41888.54,5.52,-5.52,2026-06-14T10:34:13.417838,open-meteo.com
2026-02-28,Kasese,Western,0.17574692,30.117002,990.0,30.9,21.2,0.4,0.4,2.0,68,33,6.7,29322.61,4.49,-4.09,2026-06-14T10:34:13.417851,open-meteo.com
2026-03-01,Kasese,Western,0.17574692,30.117002,990.0,25.6,18.1,13.3,13.3,5.0,99,46,11.9,1647.61,2.49,10.81,2026-06-14T10:34:13.417863,open-meteo.com
2026-03-02,Kasese,Western,0.17574692,30.117002,990.0,27.6,18.9,2.1,2.1,6.0,98,50,9.7,32923.87,3.5,-1.4,2026-06-14T10:34:13.417883,open-meteo.com
2026-03-03,Kasese,Western,0.17574692,30.117002,990.0,29.8,20.1,13.9,13.9,7.0,95,41,12.8,37617.52,4.57,9.33,2026-06-14T10:34:13.417895,open-meteo.com
2026-03-04,Kasese,Western,0.17574692,30.117002,990.0,26.6,19.6,2.4,2.4,8.0,90,57,9.4,37885.16,3.4,-1.0,2026-06-14T10:34:13.417907,open-meteo.com
2026-03-05,Kasese,Western,0.17574692,30.117002,990.0,26.5,18.4,0.7,0.7,4.0,99,56,7.8,32581.03,3.73,-3.0300000000000002,2026-06-14T10:34:13.417920,open-meteo.com
2026-03-06,Kasese,Western,0.17574692,30.117002,990.0,28.5,18.0,0.1,0.1,1.0,92,45,9.1,42289.2,4.44,-4.340000000000001,2026-06-14T10:34:13.417932,open-meteo.com
2026-03-07,Kasese,Western,0.17574692,30.117002,990.0,27.9,19.1,2.5,2.5,2.0,100,53,14.5,32737.46,4.43,-1.9299999999999997,2026-06-14T10:34:13.417944,open-meteo.com
2026-03-08,Kasese,Western,0.17574692,30.117002,990.0,31.0,20.0,0.8,0.8,1.0,89,43,9.6,38483.83,4.79,-3.99,2026-06-14T10:34:13.417956,open-meteo.com
2026-03-09,Kasese,Western,0.17574692,30.117002,990.0,29.9,19.5,4.6,4.6,6.0,92,49,10.6,36056.72,4.64,-0.040000000000000036,2026-06-14T10:34:13.417968,open-meteo.com
2026-03-10,Kasese,Western,0.17574692,30.117002,990.0,26.2,19.8,8.1,8.1,9.0,96,51,12.0,23567.26,2.85,5.25,2026-06-14T10:34:13.417981,open-meteo.com
2026-03-11,Kasese,Western,0.17574692,30.117002,990.0,28.4,18.8,0.0,0.0,0.0,79,48,10.0,32723.4,3.73,-3.73,2026-06-14T10:34:13.417993,open-meteo.com
2026-03-12,Kasese,Western,0.17574692,30.117002,990.0,29.6,20.1,5.2,5.2,4.0,84,41,9.9,35098.4,4.52,0.6800000000000006,2026-06-14T10:34:13.418008,open-meteo.com
2026-03-13,Kasese,Western,0.17574692,30.117002,990.0,30.7,19.3,0.0,0.0,0.0,85,41,11.3,39667.73,5.09,-5.09,2026-06-14T10:34:13.418021,open-meteo.com
2026-03-14,Kasese,Western,0.17574692,30.117002,990.0,32.2,20.6,1.6,1.6,4.0,82,33,11.2,39380.45,5.35,-3.7499999999999996,2026-06-14T10:34:13.418033,open-meteo.com
2026-03-15,Kasese,Western,0.17574692,30.117002,990.0,30.7,19.8,3.3,3.3,1.0,96,39,8.3,39666.98,5.24,-1.9400000000000004,2026-06-14T10:34:13.418045,open-meteo.com
2026-03-16,Kasese,Western,0.17574692,30.117002,990.0,31.5,21.7,0.5,0.5,2.0,69,35,8.3,42708.07,5.21,-4.71,2026-06-14T10:34:13.418057,open-meteo.com
2026-03-17,Kasese,Western,0.17574692,30.117002,990.0,32.5,20.9,0.0,0.0,0.0,50,33,10.2,42725.81,5.87,-5.87,2026-06-14T10:34:13.418069,open-meteo.com
2026-03-18,Kasese,Western,0.17574692,30.117002,990.0,27.2,20.5,1.6,1.6,2.0,78,38,11.0,30026.37,3.6,-2.0,2026-06-14T10:34:13.418081,open-meteo.com
2026-03-19,Kasese,Western,0.17574692,30.117002,990.0,29.0,19.0,0.0,0.0,0.0,89,41,8.0,32157.93,3.76,-3.76,2026-06-14T10:34:13.418093,open-meteo.com
2026-03-20,Kasese,Western,0.17574692,30.117002,990.0,28.5,19.1,0.8,0.8,2.0,75,48,9.7,41150.91,4.28,-3.4800000000000004,2026-06-14T10:34:13.418104,open-meteo.com
2026-03-21,Kasese,Western,0.17574692,30.117002,990.0,27.0,19.2,1.9,1.9,9.0,95,58,12.8,27537.54,3.51,-1.6099999999999999,2026-06-14T10:34:13.418117,open-meteo.com
2026-03-22,Kasese,Western,0.17574692,30.117002,990.0,28.4,19.8,0.8,0.8,5.0,92,53,11.8,33925.86,4.6,-3.8,2026-06-14T10:34:13.418132,open-meteo.com
2026-03-23,Kasese,Western,0.17574692,30.117002,990.0,26.7,19.1,4.2,4.2,7.0,98,62,8.5,25987.9,3.53,0.6700000000000004,2026-06-14T10:34:13.418144,open-meteo.com
2026-03-24,Kasese,Western,0.17574692,30.117002,990.0,27.9,18.5,17.3,17.3,9.0,90,52,10.5,26571.68,3.49,13.81,2026-06-14T10:34:13.418156,open-meteo.com
2026-03-25,Kasese,Western,0.17574692,30.117002,990.0,24.2,19.7,14.2,14.2,12.0,98,59,12.9,12867.71,1.86,12.34,2026-06-14T10:34:13.418168,open-meteo.com
2026-03-26,Kasese,Western,0.17574692,30.117002,990.0,28.5,18.1,0.0,0.0,0.0,85,46,6.9,39299.05,4.48,-4.48,2026-06-14T10:34:13.418180,open-meteo.com
2026-03-27,Kasese,Western,0.17574692,30.117002,990.0,28.1,19.7,1.0,1.0,3.0,77,49,10.4,39301.94,4.72,-3.7199999999999998,2026-06-14T10:34:13.418192,open-meteo.com
2026-03-28,Kasese,Western,0.17574692,30.117002,990.0,28.8,18.7,0.5,0.5,3.0,81,41,9.6,26787.84,3.64,-3.14,2026-06-14T10:34:13.418204,open-meteo.com
2026-03-29,Kasese,Western,0.17574692,30.117002,990.0,29.6,18.9,0.5,0.5,1.0,75,44,12.0,42939.0,5.26,-4.76,2026-06-14T10:34:13.418216,open-meteo.com
2026-03-30,Kasese,Western,0.17574692,30.117002,990.0,29.5,20.3,3.9,3.9,2.0,71,48,8.1,41231.02,4.99,-1.0900000000000003,2026-06-14T10:34:13.418228,open-meteo.com
2026-03-31,Kasese,Western,0.17574692,30.117002,990.0,30.6,19.7,19.6,19.6,8.0,90,40,9.4,39376.48,4.89,14.71,2026-06-14T10:34:13.418240,open-meteo.com
2026-04-01,Kasese,Western,0.17574692,30.117002,990.0,29.9,19.9,0.3,0.3,1.0,95,47,10.1,41546.5,5.01,-4.71,2026-06-14T10:34:13.418255,open-meteo.com
2026-04-02,Kasese,Western,0.17574692,30.117002,990.0,30.5,20.4,0.0,0.0,0.0,67,42,10.1,43013.92,5.33,-5.33,2026-06-14T10:34:13.418268,open-meteo.com
2026-04-03,Kasese,Western,0.17574692,30.117002,990.0,30.6,19.4,0.0,0.0,0.0,60,35,11.9,43032.5,5.41,-5.41,2026-06-14T10:34:13.418280,open-meteo.com
2026-04-04,Kasese,Western,0.17574692,30.117002,990.0,29.3,20.9,0.6,0.6,3.0,68,38,8.1,43050.89,4.96,-4.36,2026-06-14T10:34:13.418292,open-meteo.com
2026-04-05,Kasese,Western,0.17574692,30.117002,990.0,27.9,19.2,0.4,0.4,1.0,89,49,13.9,31252.79,3.98,-3.58,2026-06-14T10:34:13.418304,open-meteo.com
2026-04-06,Kasese,Western,0.17574692,30.117002,990.0,28.2,19.5,8.5,8.5,9.0,90,50,9.5,30283.1,4.2,4.3,2026-06-14T10:34:13.418316,open-meteo.com
2026-04-07,Kasese,Western,0.17574692,30.117002,990.0,29.8,19.0,0.0,0.0,0.0,78,48,11.9,39504.46,4.86,-4.86,2026-06-14T10:34:13.418328,open-meteo.com
2026-04-08,Kasese,Western,0.17574692,30.117002,990.0,31.2,19.5,0.1,0.1,1.0,63,35,15.1,43121.59,5.84,-5.74,2026-06-14T10:34:13.418340,open-meteo.com
2026-04-09,Kasese,Western,0.17574692,30.117002,990.0,31.5,20.7,0.6,0.6,4.0,57,36,12.5,43138.27,5.83,-5.23,2026-06-14T10:34:13.418352,open-meteo.com
2026-04-10,Kasese,Western,0.17574692,30.117002,990.0,31.4,21.6,1.8,1.8,2.0,57,36,13.6,42284.87,5.31,-3.51,2026-06-14T10:34:13.418364,open-meteo.com
2026-04-11,Kasese,Western,0.17574692,30.117002,990.0,32.0,21.5,0.3,0.3,1.0,56,32,13.3,43170.03,5.86,-5.5600000000000005,2026-06-14T10:34:13.418379,open-meteo.com
2026-04-12,Kasese,Western,0.17574692,30.117002,990.0,29.3,21.5,0.2,0.2,2.0,71,33,12.8,39585.02,4.92,-4.72,2026-06-14T10:34:13.418391,open-meteo.com
2026-04-13,Kasese,Western,0.17574692,30.117002,990.0,30.9,20.4,0.4,0.4,4.0,84,40,13.0,43199.75,5.53,-5.13,2026-06-14T10:34:13.418403,open-meteo.com
2026-04-14,Kasese,Western,0.17574692,30.117002,990.0,30.9,21.7,2.2,2.2,3.0,76,41,13.0,43193.19,5.06,-2.8599999999999994,2026-06-14T10:34:13.418415,open-meteo.com
2026-04-15,Kasese,Western,0.17574692,30.117002,990.0,26.5,20.0,39.0,39.0,9.0,85,48,16.8,39387.51,3.54,35.46,2026-06-14T10:34:13.418427,open-meteo.com
2026-04-16,Kasese,Western,0.17574692,30.117002,990.0,27.4,21.4,0.5,0.5,4.0,79,52,11.0,33601.51,3.69,-3.19,2026-06-14T10:34:13.418439,open-meteo.com
2026-04-17,Kasese,Western,0.17574692,30.117002,990.0,26.7,19.0,2.8,2.8,3.0,81,57,12.1,28800.0,3.51,-0.71,2026-06-14T10:34:13.418451,open-meteo.com
2026-04-18,Kasese,Western,0.17574692,30.117002,990.0,28.5,19.6,1.2,1.2,5.0,91,50,7.7,40765.32,3.88,-2.6799999999999997,2026-06-14T10:34:13.418466,open-meteo.com
2026-04-19,Kasese,Western,0.17574692,30.117002,990.0,29.1,20.8,1.1,1.1,4.0,61,46,12.6,43126.12,5.22,-4.119999999999999,2026-06-14T10:34:13.418479,open-meteo.com
2026-04-20,Kasese,Western,0.17574692,30.117002,990.0,29.8,21.9,0.5,0.5,3.0,74,41,9.3,43113.55,4.97,-4.47,2026-06-14T10:34:13.418565,open-meteo.com
2026-04-21,Kasese,Western,0.17574692,30.117002,990.0,29.1,20.1,6.4,6.4,8.0,86,46,15.5,40249.54,4.41,1.9900000000000002,2026-06-14T10:34:13.418581,open-meteo.com
2026-04-22,Kasese,Western,0.17574692,30.117002,990.0,31.0,21.0,1.0,1.0,3.0,70,36,9.8,43089.52,5.53,-4.53,2026-06-14T10:34:13.418594,open-meteo.com
2026-04-23,Kasese,Western,0.17574692,30.117002,990.0,30.6,21.8,6.1,6.1,8.0,84,38,11.2,38252.12,4.76,1.3399999999999999,2026-06-14T10:34:13.418606,open-meteo.com
2026-04-24,Kasese,Western,0.17574692,30.117002,990.0,30.1,22.5,0.1,0.1,1.0,66,40,9.9,35616.12,4.83,-4.73,2026-06-14T10:34:13.418618,open-meteo.com
2026-04-25,Kasese,Western,0.17574692,30.117002,990.0,29.5,21.0,11.2,11.2,7.0,89,38,13.8,21618.83,3.29,7.909999999999999,2026-06-14T10:34:13.418630,open-meteo.com
2026-04-26,Kasese,Western,0.17574692,30.117002,990.0,28.6,19.9,0.2,0.2,1.0,93,45,13.5,43046.87,4.6,-4.3999999999999995,2026-06-14T10:34:13.418642,open-meteo.com
2026-04-27,Kasese,Western,0.17574692,30.117002,990.0,27.9,19.8,8.4,8.4,7.0,99,43,11.3,24093.19,3.15,5.25,2026-06-14T10:34:13.418654,open-meteo.com
2026-04-28,Kasese,Western,0.17574692,30.117002,990.0,27.9,20.4,0.2,0.2,2.0,100,41,6.3,28237.18,3.44,-3.2399999999999998,2026-06-14T10:34:13.418666,open-meteo.com
2026-04-29,Kasese,Western,0.17574692,30.117002,990.0,29.3,19.5,0.0,0.0,0.0,84,38,13.6,34072.27,4.04,-4.04,2026-06-14T10:34:13.418679,open-meteo.com
2026-04-30,Kasese,Western,0.17574692,30.117002,990.0,30.8,18.8,3.1,3.1,1.0,86,37,14.7,43013.23,4.9,-1.8000000000000003,2026-06-14T10:34:13.418691,open-meteo.com
2026-05-01,Kasese,Western,0.17574692,30.117002,990.0,27.4,19.4,1.4,1.4,7.0,100,59,9.2,32610.3,3.56,-2.16,2026-06-14T10:34:13.418706,open-meteo.com
2026-05-02,Kasese,Western,0.17574692,30.117002,990.0,28.3,18.9,0.2,0.2,1.0,100,51,7.8,36000.0,3.81,-3.61,2026-06-14T10:34:13.418718,open-meteo.com
2026-05-03,Kasese,Western,0.17574692,30.117002,990.0,29.7,20.2,13.2,13.2,11.0,84,43,11.7,25200.0,3.99,9.209999999999999,2026-06-14T10:34:13.418730,open-meteo.com
2026-05-04,Kasese,Western,0.17574692,30.117002,990.0,29.4,20.1,2.7,2.7,4.0,85,49,13.8,41261.13,4.76,-2.0599999999999996,2026-06-14T10:34:13.418742,open-meteo.com
2026-05-05,Kasese,Western,0.17574692,30.117002,990.0,29.0,21.2,0.6,0.6,2.0,76,50,7.9,42985.51,4.76,-4.16,2026-06-14T10:34:13.418754,open-meteo.com
2026-05-06,Kasese,Western,0.17574692,30.117002,990.0,30.2,20.8,0.0,0.0,0.0,77,41,9.0,41274.93,4.79,-4.79,2026-06-14T10:34:13.418767,open-meteo.com
2026-05-07,Kasese,Western,0.17574692,30.117002,990.0,29.9,20.6,1.2,1.2,5.0,90,41,8.9,40559.22,4.47,-3.2699999999999996,2026-06-14T10:34:13.418779,open-meteo.com
2026-05-08,Kasese,Western,0.17574692,30.117002,990.0,29.0,20.1,7.6,7.6,6.0,95,50,8.0,40754.68,4.59,3.01,2026-06-14T10:34:13.418791,open-meteo.com
2026-05-09,Kasese,Western,0.17574692,30.117002,990.0,27.4,19.9,26.2,26.2,18.0,98,71,11.6,37032.42,3.86,22.34,2026-06-14T10:34:13.418803,open-meteo.com
2026-05-10,Kasese,Western,0.17574692,30.117002,990.0,26.6,20.0,5.6,5.6,5.0,94,66,9.7,33061.78,3.62,1.9799999999999995,2026-06-14T10:34:13.418815,open-meteo.com
2026-05-11,Kasese,Western,0.17574692,30.117002,990.0,28.0,19.8,3.5,3.5,3.0,96,49,6.8,41022.43,3.6,-0.10000000000000009,2026-06-14T10:34:13.418830,open-meteo.com
2026-05-12,Kasese,Western,0.17574692,30.117002,990.0,29.2,19.8,0.6,0.6,3.0,87,49,6.9,42969.05,4.66,-4.0600000000000005,2026-06-14T10:34:13.418842,open-meteo.com
2026-05-13,Kasese,Western,0.17574692,30.117002,990.0,30.0,20.0,0.5,0.5,4.0,90,43,6.8,42968.74,4.69,-4.19,2026-06-14T10:34:13.418854,open-meteo.com
2026-05-14,Kasese,Western,0.17574692,30.117002,990.0,28.1,20.9,0.8,0.8,2.0,92,52,11.3,37116.64,4.1,-3.3,2026-06-14T10:34:13.418866,open-meteo.com
2026-05-15,Kasese,Western,0.17574692,30.117002,990.0,29.2,21.2,3.8,3.8,6.0,91,45,9.5,41160.63,4.28,-0.4800000000000004,2026-06-14T10:34:13.418883,open-meteo.com
2026-05-16,Kasese,Western,0.17574692,30.117002,990.0,29.9,21.1,0.5,0.5,2.0,77,41,10.2,42970.79,4.76,-4.26,2026-06-14T10:34:13.418899,open-meteo.com
2026-05-17,Kasese,Western,0.17574692,30.117002,990.0,29.8,20.4,1.5,1.5,6.0,85,43,15.7,42972.45,4.64,-3.1399999999999997,2026-06-14T10:34:13.418911,open-meteo.com
2026-05-18,Kasese,Western,0.17574692,30.117002,990.0,29.7,20.0,1.1,1.1,7.0,95,44,10.1,38884.71,4.63,-3.53,2026-06-14T10:34:13.418923,open-meteo.com
2026-05-19,Kasese,Western,0.17574692,30.117002,990.0,30.1,21.1,0.9,0.9,7.0,84,41,6.7,41872.82,4.2,-3.3000000000000003,2026-06-14T10:34:13.418935,open-meteo.com
2026-05-20,Kasese,Western,0.17574692,30.117002,990.0,29.8,20.3,6.4,6.4,9.0,99,42,12.4,37887.01,4.18,2.2200000000000006,2026-06-14T10:34:13.418947,open-meteo.com
2026-05-21,Kasese,Western,0.17574692,30.117002,990.0,28.7,20.4,8.8,8.8,6.0,98,53,13.6,32843.98,3.6,5.200000000000001,2026-06-14T10:34:13.418962,open-meteo.com
2026-05-22,Kasese,Western,0.17574692,30.117002,990.0,30.1,19.8,0.2,0.2,1.0,93,41,12.1,42988.03,4.83,-4.63,2026-06-14T10:34:13.418974,open-meteo.com
2026-05-23,Kasese,Western,0.17574692,30.117002,990.0,29.0,19.8,5.3,5.3,9.0,97,49,13.0,42088.29,4.08,1.2199999999999998,2026-06-14T10:34:13.418987,open-meteo.com
2026-05-24,Kasese,Western,0.17574692,30.117002,990.0,30.6,19.9,0.0,0.0,0.0,89,37,13.4,42998.47,5.22,-5.22,2026-06-14T10:34:13.418999,open-meteo.com
2026-05-25,Kasese,Western,0.17574692,30.117002,990.0,30.2,20.6,0.0,0.0,0.0,70,38,15.8,43004.72,5.17,-5.17,2026-06-14T10:34:13.419011,open-meteo.com
2026-05-26,Kasese,Western,0.17574692,30.117002,990.0,31.6,20.6,0.0,0.0,0.0,67,35,14.4,43011.6,5.46,-5.46,2026-06-14T10:34:13.419023,open-meteo.com
2026-05-27,Kasese,Western,0.17574692,30.117002,990.0,31.4,20.6,2.6,2.6,2.0,80,36,11.0,43019.07,4.78,-2.18,2026-06-14T10:34:13.419035,open-meteo.com
2026-05-28,Kasese,Western,0.17574692,30.117002,990.0,30.5,21.6,0.4,0.4,2.0,77,36,16.6,38427.79,4.85,-4.449999999999999,2026-06-14T10:34:13.419047,open-meteo.com
2026-05-29,Kasese,Western,0.17574692,30.117002,990.0,31.0,22.1,0.5,0.5,3.0,67,35,13.0,42319.66,5.05,-4.55,2026-06-14T10:34:13.419059,open-meteo.com
2026-05-30,Kasese,Western,0.17574692,30.117002,990.0,31.1,21.5,0.0,0.0,0.0,64,35,10.7,41671.5,4.98,-4.98,2026-06-14T10:34:13.419071,open-meteo.com
2026-05-31,Kasese,Western,0.17574692,30.117002,990.0,30.5,22.1,0.8,0.8,5.0,72,36,16.0,43053.84,4.93,-4.13,2026-06-14T10:34:13.419086,open-meteo.com
2026-06-01,Kasese,Western,0.17574692,30.117002,990.0,30.7,22.6,2.3,2.3,8.0,63,37,10.6,39704.2,4.49,-2.1900000000000004,2026-06-14T10:34:13.419098,open-meteo.com
2026-06-02,Kasese,Western,0.17574692,30.117002,990.0,29.5,21.9,2.3,2.3,6.0,66,39,13.4,40220.64,4.45,-2.1500000000000004,2026-06-14T10:34:13.419111,open-meteo.com
2026-06-03,Kasese,Western,0.17574692,30.117002,990.0,30.1,21.7,0.1,0.1,1.0,70,40,12.3,32437.39,4.4,-4.300000000000001,2026-06-14T10:34:13.419123,open-meteo.com
2026-06-04,Kasese,Western,0.17574692,30.117002,990.0,31.4,21.5,0.1,0.1,1.0,74,35,9.2,43094.33,4.8,-4.7,2026-06-14T10:34:13.419135,open-meteo.com
2026-06-05,Kasese,Western,0.17574692,30.117002,990.0,31.5,21.6,6.0,6.0,3.0,88,37,10.9,43088.24,4.34,1.6600000000000001,2026-06-14T10:34:13.419147,open-meteo.com
2026-06-06,Kasese,Western,0.17574692,30.117002,990.0,26.9,21.1,0.9,0.9,4.0,94,46,9.4,29772.9,3.24,-2.3400000000000003,2026-06-14T10:34:13.419159,open-meteo.com
2026-06-07,Kasese,Western,0.17574692,30.117002,990.0,31.1,21.4,1.5,1.5,8.0,93,39,9.0,43126.71,4.64,-3.1399999999999997,2026-06-14T10:34:13.419171,open-meteo.com
2026-06-08,Kasese,Western,0.17574692,30.117002,990.0,31.9,21.7,0.8,0.8,4.0,72,36,10.4,43137.64,4.9,-4.1000000000000005,2026-06-14T10:34:13.419186,open-meteo.com
2026-06-09,Kasese,Western,0.17574692,30.117002,990.0,32.0,21.2,1.6,1.6,4.0,89,32,14.7,43148.57,4.91,-3.31,2026-06-14T10:34:13.419198,open-meteo.com
2026-06-10,Kasese,Western,0.17574692,30.117002,990.0,31.8,21.8,0.3,0.3,2.0,61,33,15.1,43159.46,4.99,-4.69,2026-06-14T10:34:13.419213,open-meteo.com
2026-06-11,Kasese,Western,0.17574692,30.117002,990.0,31.6,22.0,0.8,0.8,4.0,60,29,14.7,43170.41,5.38,-4.58,2026-06-14T10:34:13.419225,open-meteo.com
2026-06-12,Kasese,Western,0.17574692,30.117002,990.0,31.1,22.0,0.7,0.7,3.0,82,34,14.7,41907.41,5.37,-4.67,2026-06-14T10:34:13.419237,open-meteo.com
2026-06-13,Kasese,Western,0.17574692,30.117002,990.0,31.2,21.6,0.1,0.1,1.0,71,34,14.9,43193.92,4.97,-4.87,2026-06-14T10:34:13.419249,open-meteo.com
2026-06-14,Kasese,Western,0.17574692,30.117002,990.0,31.1,21.6,0.1,0.1,1.0,68,33,11.8,43200.0,5.1,-5.0,2026-06-14T10:34:13.419261,open-meteo.com
2025-06-14,Lira,Northern,2.2144113,32.897045,1097.0,29.2,19.6,4.5,4.5,7.0,95,41,14.2,42530.73,4.54,-0.040000000000000036,2026-06-14T10:34:19.044296,open-meteo.com
2025-06-15,Lira,Northern,2.2144113,32.897045,1097.0,30.1,19.8,0.2,0.2,2.0,86,38,17.4,42112.96,4.99,-4.79,2026-06-14T10:34:19.044375,open-meteo.com
2025-06-16,Lira,Northern,2.2144113,32.897045,1097.0,29.3,19.9,0.6,0.6,3.0,80,40,18.8,42781.55,5.06,-4.46,2026-06-14T10:34:19.044427,open-meteo.com
2025-06-17,Lira,Northern,2.2144113,32.897045,1097.0,28.3,18.9,5.9,5.9,4.0,92,44,14.4,32951.91,3.63,2.2700000000000005,2026-06-14T10:34:19.044476,open-meteo.com
2025-06-18,Lira,Northern,2.2144113,32.897045,1097.0,26.3,18.4,15.0,15.0,14.0,96,50,13.5,31549.95,3.33,11.67,2026-06-14T10:34:19.044524,open-meteo.com
2025-06-19,Lira,Northern,2.2144113,32.897045,1097.0,24.8,17.7,6.6,6.6,13.0,97,66,10.8,31096.97,2.69,3.9099999999999997,2026-06-14T10:34:19.044573,open-meteo.com
2025-06-20,Lira,Northern,2.2144113,32.897045,1097.0,25.8,17.5,0.2,0.2,2.0,99,55,4.6,25536.75,2.98,-2.78,2026-06-14T10:34:19.044620,open-meteo.com
2025-06-21,Lira,Northern,2.2144113,32.897045,1097.0,27.6,17.5,0.6,0.6,2.0,94,51,19.7,42845.71,4.28,-3.68,2026-06-14T10:34:19.044667,open-meteo.com
2025-06-22,Lira,Northern,2.2144113,32.897045,1097.0,27.1,18.2,5.3,5.3,10.0,94,55,12.7,42859.03,4.2,1.0999999999999996,2026-06-14T10:34:19.044714,open-meteo.com
2025-06-23,Lira,Northern,2.2144113,32.897045,1097.0,27.6,17.8,0.1,0.1,1.0,96,53,7.7,42872.35,4.1,-3.9999999999999996,2026-06-14T10:34:19.044781,open-meteo.com
2025-06-24,Lira,Northern,2.2144113,32.897045,1097.0,25.9,17.7,13.1,13.1,16.0,97,64,13.6,38770.78,3.47,9.629999999999999,2026-06-14T10:34:19.044829,open-meteo.com
2025-06-25,Lira,Northern,2.2144113,32.897045,1097.0,27.8,17.5,0.1,0.1,1.0,97,47,9.3,42898.77,4.4,-4.300000000000001,2026-06-14T10:34:19.044875,open-meteo.com
2025-06-26,Lira,Northern,2.2144113,32.897045,1097.0,28.6,18.7,0.2,0.2,1.0,87,50,12.1,42911.74,4.64,-4.4399999999999995,2026-06-14T10:34:19.044976,open-meteo.com
2025-06-27,Lira,Northern,2.2144113,32.897045,1097.0,29.7,18.9,0.0,0.0,0.0,94,43,9.4,42924.46,4.62,-4.62,2026-06-14T10:34:19.045028,open-meteo.com
2025-06-28,Lira,Northern,2.2144113,32.897045,1097.0,27.5,18.8,6.3,6.3,8.0,93,53,14.7,42936.88,4.19,2.1099999999999994,2026-06-14T10:34:19.045075,open-meteo.com
2025-06-29,Lira,Northern,2.2144113,32.897045,1097.0,26.8,18.1,2.8,2.8,8.0,98,54,13.7,29379.35,3.61,-0.81,2026-06-14T10:34:19.045122,open-meteo.com
2025-06-30,Lira,Northern,2.2144113,32.897045,1097.0,26.8,18.1,0.8,0.8,3.0,99,57,11.3,35475.78,3.77,-2.9699999999999998,2026-06-14T10:34:19.045169,open-meteo.com
2025-07-01,Lira,Northern,2.2144113,32.897045,1097.0,26.2,17.5,4.3,4.3,7.0,98,56,11.9,38522.48,3.48,0.8199999999999998,2026-06-14T10:34:19.045217,open-meteo.com
2025-07-02,Lira,Northern,2.2144113,32.897045,1097.0,26.8,17.8,2.7,2.7,5.0,97,52,20.1,42982.17,4.16,-1.46,2026-06-14T10:34:19.045263,open-meteo.com
2025-07-03,Lira,Northern,2.2144113,32.897045,1097.0,27.9,18.6,3.4,3.4,4.0,91,47,12.7,42019.68,4.25,-0.8500000000000001,2026-06-14T10:34:19.045324,open-meteo.com
2025-07-04,Lira,Northern,2.2144113,32.897045,1097.0,28.0,18.0,11.8,11.8,7.0,96,48,15.3,42352.99,4.08,7.720000000000001,2026-06-14T10:34:19.045371,open-meteo.com
2025-07-05,Lira,Northern,2.2144113,32.897045,1097.0,27.0,18.1,8.9,8.9,12.0,97,55,22.0,36530.2,3.62,5.28,2026-06-14T10:34:19.045418,open-meteo.com
2025-07-06,Lira,Northern,2.2144113,32.897045,1097.0,27.5,18.2,5.8,5.8,6.0,94,50,15.3,43017.56,4.27,1.5300000000000002,2026-06-14T10:34:19.045464,open-meteo.com
2025-07-07,Lira,Northern,2.2144113,32.897045,1097.0,25.6,17.9,14.2,14.2,14.0,98,60,13.5,35275.3,3.5,10.7,2026-06-14T10:34:19.045511,open-meteo.com
2025-07-08,Lira,Northern,2.2144113,32.897045,1097.0,26.8,18.0,4.6,4.6,6.0,96,58,18.5,38823.45,4.11,0.4899999999999993,2026-06-14T10:34:19.045557,open-meteo.com
2025-07-09,Lira,Northern,2.2144113,32.897045,1097.0,24.5,17.9,27.8,27.8,17.0,98,66,12.9,41662.17,3.33,24.47,2026-06-14T10:34:19.045604,open-meteo.com
2025-07-10,Lira,Northern,2.2144113,32.897045,1097.0,24.4,17.6,12.1,12.1,8.0,98,55,16.9,34042.6,3.56,8.54,2026-06-14T10:34:19.045650,open-meteo.com
2025-07-11,Lira,Northern,2.2144113,32.897045,1097.0,25.4,16.9,0.1,0.1,1.0,94,61,8.6,34423.07,3.45,-3.35,2026-06-14T10:34:19.045709,open-meteo.com
2025-07-12,Lira,Northern,2.2144113,32.897045,1097.0,26.8,17.8,6.5,6.5,3.0,94,53,11.4,42337.45,3.93,2.57,2026-06-14T10:34:19.045758,open-meteo.com
2025-07-13,Lira,Northern,2.2144113,32.897045,1097.0,26.6,17.8,7.2,7.2,9.0,96,56,10.3,40224.95,4.02,3.1800000000000006,2026-06-14T10:34:19.045816,open-meteo.com
2025-07-14,Lira,Northern,2.2144113,32.897045,1097.0,25.5,17.8,17.7,17.7,15.0,98,62,13.6,34891.2,3.36,14.34,2026-06-14T10:34:19.045863,open-meteo.com
2025-07-15,Lira,Northern,2.2144113,32.897045,1097.0,25.2,16.3,3.4,3.4,9.0,99,64,14.2,39575.97,3.54,-0.14000000000000012,2026-06-14T10:34:19.045944,open-meteo.com
2025-07-16,Lira,Northern,2.2144113,32.897045,1097.0,26.5,17.1,4.1,4.1,8.0,98,54,13.7,39600.0,4.24,-0.14000000000000057,2026-06-14T10:34:19.045993,open-meteo.com
2025-07-17,Lira,Northern,2.2144113,32.897045,1097.0,25.7,16.7,1.4,1.4,6.0,98,59,11.9,43081.34,3.9,-2.5,2026-06-14T10:34:19.046040,open-meteo.com
2025-07-18,Lira,Northern,2.2144113,32.897045,1097.0,26.4,17.7,5.7,5.7,9.0,100,60,11.7,36130.41,3.74,1.96,2026-06-14T10:34:19.046087,open-meteo.com
2025-07-19,Lira,Northern,2.2144113,32.897045,1097.0,27.5,16.9,0.3,0.3,3.0,96,51,13.2,43086.75,4.6,-4.3,2026-06-14T10:34:19.046133,open-meteo.com
2025-07-20,Lira,Northern,2.2144113,32.897045,1097.0,26.9,17.4,0.8,0.8,3.0,97,56,12.6,43088.52,4.42,-3.62,2026-06-14T10:34:19.046179,open-meteo.com
2025-07-21,Lira,Northern,2.2144113,32.897045,1097.0,27.0,17.6,1.1,1.1,5.0,98,53,7.9,43089.62,4.33,-3.23,2026-06-14T10:34:19.046225,open-meteo.com
2025-07-22,Lira,Northern,2.2144113,32.897045,1097.0,25.4,17.9,22.6,22.6,11.0,96,64,12.6,32186.34,3.34,19.26,2026-06-14T10:34:19.046272,open-meteo.com
2025-07-23,Lira,Northern,2.2144113,32.897045,1097.0,27.2,18.8,0.1,0.1,1.0,90,49,14.6,42289.57,4.22,-4.12,2026-06-14T10:34:19.046349,open-meteo.com
2025-07-24,Lira,Northern,2.2144113,32.897045,1097.0,27.4,18.5,2.3,2.3,6.0,96,55,11.6,43088.61,4.11,-1.8100000000000005,2026-06-14T10:34:19.046441,open-meteo.com
2025-07-25,Lira,Northern,2.2144113,32.897045,1097.0,27.8,17.8,0.2,0.2,2.0,98,47,10.7,27374.29,3.74,-3.54,2026-06-14T10:34:19.046492,open-meteo.com
2025-07-26,Lira,Northern,2.2144113,32.897045,1097.0,27.9,17.3,1.6,1.6,3.0,94,46,20.6,42878.98,4.53,-2.93,2026-06-14T10:34:19.046539,open-meteo.com
2025-07-27,Lira,Northern,2.2144113,32.897045,1097.0,28.4,17.5,0.0,0.0,0.0,94,45,10.7,43080.66,4.73,-4.73,2026-06-14T10:34:19.046587,open-meteo.com
2025-07-28,Lira,Northern,2.2144113,32.897045,1097.0,28.9,18.4,0.0,0.0,0.0,90,38,14.2,43076.6,4.95,-4.95,2026-06-14T10:34:19.046635,open-meteo.com
2025-07-29,Lira,Northern,2.2144113,32.897045,1097.0,27.7,18.1,0.2,0.2,2.0,94,44,14.8,40933.63,4.52,-4.319999999999999,2026-06-14T10:34:19.046681,open-meteo.com
2025-07-30,Lira,Northern,2.2144113,32.897045,1097.0,29.0,18.8,0.6,0.6,1.0,85,44,14.9,43066.48,4.86,-4.260000000000001,2026-06-14T10:34:19.046728,open-meteo.com
2025-07-31,Lira,Northern,2.2144113,32.897045,1097.0,28.8,18.0,0.1,0.1,1.0,90,45,9.8,43060.45,4.63,-4.53,2026-06-14T10:34:19.046774,open-meteo.com
2025-08-01,Lira,Northern,2.2144113,32.897045,1097.0,28.4,18.0,1.0,1.0,6.0,92,46,12.3,43053.79,4.47,-3.4699999999999998,2026-06-14T10:34:19.046820,open-meteo.com
2025-08-02,Lira,Northern,2.2144113,32.897045,1097.0,28.0,18.6,1.0,1.0,3.0,88,49,12.9,42417.44,4.35,-3.3499999999999996,2026-06-14T10:34:19.046904,open-meteo.com
2025-08-03,Lira,Northern,2.2144113,32.897045,1097.0,23.7,17.4,4.8,4.8,9.0,98,65,12.4,31831.34,2.6,2.1999999999999997,2026-06-14T10:34:19.046953,open-meteo.com
2025-08-04,Lira,Northern,2.2144113,32.897045,1097.0,27.3,17.6,0.1,0.1,1.0,97,43,12.8,31903.27,4.2,-4.1000000000000005,2026-06-14T10:34:19.046999,open-meteo.com
2025-08-05,Lira,Northern,2.2144113,32.897045,1097.0,27.0,18.0,1.1,1.1,7.0,92,53,11.0,43021.06,4.27,-3.1699999999999995,2026-06-14T10:34:19.047045,open-meteo.com
2025-08-06,Lira,Northern,2.2144113,32.897045,1097.0,26.5,17.9,16.2,16.2,9.0,98,55,11.5,40249.08,4.14,12.059999999999999,2026-06-14T10:34:19.047092,open-meteo.com
2025-08-07,Lira,Northern,2.2144113,32.897045,1097.0,26.5,17.7,13.7,13.7,15.0,95,59,15.0,40692.02,4.2,9.5,2026-06-14T10:34:19.047138,open-meteo.com
2025-08-08,Lira,Northern,2.2144113,32.897045,1097.0,27.0,17.6,11.2,11.2,9.0,98,56,12.0,41178.04,4.09,7.109999999999999,2026-06-14T10:34:19.047184,open-meteo.com
2025-08-09,Lira,Northern,2.2144113,32.897045,1097.0,26.4,17.6,16.8,16.8,11.0,98,55,10.2,35779.19,4.07,12.73,2026-06-14T10:34:19.047231,open-meteo.com
2025-08-10,Lira,Northern,2.2144113,32.897045,1097.0,26.4,17.5,3.2,3.2,9.0,98,58,11.7,39362.22,3.93,-0.73,2026-06-14T10:34:19.047277,open-meteo.com
2025-08-11,Lira,Northern,2.2144113,32.897045,1097.0,25.5,18.1,8.1,8.1,9.0,96,64,8.9,42955.06,3.63,4.47,2026-06-14T10:34:19.047323,open-meteo.com
2025-08-12,Lira,Northern,2.2144113,32.897045,1097.0,26.3,17.6,12.6,12.6,12.0,98,56,9.6,42064.54,3.87,8.73,2026-06-14T10:34:19.047383,open-meteo.com
2025-08-13,Lira,Northern,2.2144113,32.897045,1097.0,26.5,17.0,4.9,4.9,9.0,98,56,8.4,42928.93,4.04,0.8600000000000003,2026-06-14T10:34:19.047430,open-meteo.com
2025-08-14,Lira,Northern,2.2144113,32.897045,1097.0,26.8,17.5,5.6,5.6,8.0,98,57,17.7,42915.14,4.42,1.1799999999999997,2026-06-14T10:34:19.047477,open-meteo.com
2025-08-15,Lira,Northern,2.2144113,32.897045,1097.0,26.6,17.4,5.5,5.5,3.0,98,59,16.7,41368.77,3.91,1.5899999999999999,2026-06-14T10:34:19.047522,open-meteo.com
2025-08-16,Lira,Northern,2.2144113,32.897045,1097.0,25.4,17.2,4.9,4.9,11.0,98,59,12.5,38119.83,3.51,1.3900000000000006,2026-06-14T10:34:19.047568,open-meteo.com
2025-08-17,Lira,Northern,2.2144113,32.897045,1097.0,25.3,17.1,4.8,4.8,5.0,100,62,17.3,32690.27,3.38,1.42,2026-06-14T10:34:19.047615,open-meteo.com
2025-08-18,Lira,Northern,2.2144113,32.897045,1097.0,24.0,17.9,7.7,7.7,9.0,98,65,13.4,25554.45,2.48,5.220000000000001,2026-06-14T10:34:19.047662,open-meteo.com
2025-08-19,Lira,Northern,2.2144113,32.897045,1097.0,25.8,17.4,3.0,3.0,3.0,98,57,15.4,30012.84,3.79,-0.79,2026-06-14T10:34:19.047708,open-meteo.com
2025-08-20,Lira,Northern,2.2144113,32.897045,1097.0,25.4,17.5,1.8,1.8,11.0,99,62,16.2,37206.61,3.74,-1.9400000000000002,2026-06-14T10:34:19.047754,open-meteo.com
2025-08-21,Lira,Northern,2.2144113,32.897045,1097.0,25.4,17.3,2.3,2.3,7.0,98,60,11.7,38221.55,3.44,-1.1400000000000001,2026-06-14T10:34:19.047801,open-meteo.com
2025-08-22,Lira,Northern,2.2144113,32.897045,1097.0,26.6,16.2,0.1,0.1,1.0,100,51,13.2,42097.74,4.33,-4.23,2026-06-14T10:34:19.047858,open-meteo.com
2025-08-23,Lira,Northern,2.2144113,32.897045,1097.0,26.2,18.0,0.0,0.0,0.0,92,50,11.6,42761.18,4.49,-4.49,2026-06-14T10:34:19.047923,open-meteo.com
2025-08-24,Lira,Northern,2.2144113,32.897045,1097.0,27.5,18.0,0.2,0.2,2.0,95,46,9.3,37834.58,4.59,-4.39,2026-06-14T10:34:19.047970,open-meteo.com
2025-08-25,Lira,Northern,2.2144113,32.897045,1097.0,24.8,17.8,3.3,3.3,11.0,98,61,8.9,38819.45,3.44,-0.14000000000000012,2026-06-14T10:34:19.048017,open-meteo.com
2025-08-26,Lira,Northern,2.2144113,32.897045,1097.0,26.0,17.5,12.7,12.7,10.0,98,59,13.6,35152.93,4.12,8.579999999999998,2026-06-14T10:34:19.048063,open-meteo.com
2025-08-27,Lira,Northern,2.2144113,32.897045,1097.0,27.2,16.2,0.4,0.4,3.0,97,49,13.4,38801.46,4.58,-4.18,2026-06-14T10:34:19.048109,open-meteo.com
2025-08-28,Lira,Northern,2.2144113,32.897045,1097.0,27.6,16.5,0.4,0.4,2.0,97,51,11.3,42657.8,5.0,-4.6,2026-06-14T10:34:19.048156,open-meteo.com
2025-08-29,Lira,Northern,2.2144113,32.897045,1097.0,29.5,18.3,0.6,0.6,3.0,92,36,13.2,42636.25,5.19,-4.590000000000001,2026-06-14T10:34:19.048203,open-meteo.com
2025-08-30,Lira,Northern,2.2144113,32.897045,1097.0,28.4,18.0,0.6,0.6,5.0,94,41,12.3,41585.9,4.8,-4.2,2026-06-14T10:34:19.048263,open-meteo.com
2025-08-31,Lira,Northern,2.2144113,32.897045,1097.0,28.0,17.9,4.2,4.2,13.0,99,43,18.0,35392.6,4.32,-0.1200000000000001,2026-06-14T10:34:19.048311,open-meteo.com
2025-09-01,Lira,Northern,2.2144113,32.897045,1097.0,29.4,19.0,1.1,1.1,6.0,93,35,14.3,37575.61,4.66,-3.56,2026-06-14T10:34:19.048370,open-meteo.com
2025-09-02,Lira,Northern,2.2144113,32.897045,1097.0,29.0,18.9,0.7,0.7,5.0,85,41,14.4,42537.85,5.16,-4.46,2026-06-14T10:34:19.048417,open-meteo.com
2025-09-03,Lira,Northern,2.2144113,32.897045,1097.0,29.9,17.7,0.6,0.6,4.0,94,38,17.6,42081.05,5.0,-4.4,2026-06-14T10:34:19.048463,open-meteo.com
2025-09-04,Lira,Northern,2.2144113,32.897045,1097.0,30.9,18.6,1.7,1.7,9.0,88,34,9.0,40466.13,5.05,-3.3499999999999996,2026-06-14T10:34:19.048510,open-meteo.com
2025-09-05,Lira,Northern,2.2144113,32.897045,1097.0,29.6,18.1,2.6,2.6,9.0,92,38,13.6,42481.42,4.99,-2.39,2026-06-14T10:34:19.048556,open-meteo.com
2025-09-06,Lira,Northern,2.2144113,32.897045,1097.0,30.2,17.9,7.3,7.3,6.0,98,37,16.3,42105.83,5.06,2.24,2026-06-14T10:34:19.048602,open-meteo.com
2025-09-07,Lira,Northern,2.2144113,32.897045,1097.0,28.6,18.0,0.5,0.5,4.0,98,47,11.5,41958.53,4.62,-4.12,2026-06-14T10:34:19.048649,open-meteo.com
2025-09-08,Lira,Northern,2.2144113,32.897045,1097.0,29.3,18.3,0.1,0.1,1.0,93,38,15.3,42409.95,5.12,-5.0200000000000005,2026-06-14T10:34:19.048695,open-meteo.com
2025-09-09,Lira,Northern,2.2144113,32.897045,1097.0,29.5,18.0,0.6,0.6,2.0,97,42,14.5,42385.3,5.08,-4.48,2026-06-14T10:34:19.048741,open-meteo.com
2025-09-10,Lira,Northern,2.2144113,32.897045,1097.0,27.6,18.0,6.5,6.5,10.0,96,47,12.0,42360.34,4.53,1.9699999999999998,2026-06-14T10:34:19.048788,open-meteo.com
2025-09-11,Lira,Northern,2.2144113,32.897045,1097.0,27.4,17.6,4.5,4.5,7.0,97,52,11.6,40539.6,4.82,-0.3200000000000003,2026-06-14T10:34:19.048846,open-meteo.com
2025-09-12,Lira,Northern,2.2144113,32.897045,1097.0,26.6,17.5,1.0,1.0,3.0,98,55,12.8,41610.98,4.26,-3.26,2026-06-14T10:34:19.048921,open-meteo.com
2025-09-13,Lira,Northern,2.2144113,32.897045,1097.0,27.0,18.2,11.9,11.9,13.0,95,56,13.8,38684.18,3.79,8.11,2026-06-14T10:34:19.048968,open-meteo.com
2025-09-14,Lira,Northern,2.2144113,32.897045,1097.0,28.1,16.8,0.0,0.0,0.0,99,52,8.7,42258.56,5.03,-5.03,2026-06-14T10:34:19.049015,open-meteo.com
2025-09-15,Lira,Northern,2.2144113,32.897045,1097.0,27.6,17.5,24.5,24.5,11.0,95,50,13.9,35032.93,4.59,19.91,2026-06-14T10:34:19.049063,open-meteo.com
2025-09-16,Lira,Northern,2.2144113,32.897045,1097.0,27.4,17.4,17.8,17.8,6.0,99,57,15.9,36482.88,4.47,13.330000000000002,2026-06-14T10:34:19.049109,open-meteo.com
2025-09-17,Lira,Northern,2.2144113,32.897045,1097.0,28.4,17.1,1.0,1.0,4.0,99,52,10.3,42181.87,4.91,-3.91,2026-06-14T10:34:19.049155,open-meteo.com
2025-09-18,Lira,Northern,2.2144113,32.897045,1097.0,28.6,18.5,3.2,3.2,4.0,93,50,13.2,38556.55,4.02,-0.8199999999999994,2026-06-14T10:34:19.049202,open-meteo.com
2025-09-19,Lira,Northern,2.2144113,32.897045,1097.0,29.0,18.0,0.3,0.3,2.0,93,44,12.0,42131.46,4.88,-4.58,2026-06-14T10:34:19.049248,open-meteo.com
2025-09-20,Lira,Northern,2.2144113,32.897045,1097.0,28.2,18.0,1.1,1.1,2.0,97,49,20.7,42106.66,4.83,-3.73,2026-06-14T10:34:19.049295,open-meteo.com
2025-09-21,Lira,Northern,2.2144113,32.897045,1097.0,29.2,18.6,0.2,0.2,2.0,95,41,14.4,42082.2,5.26,-5.06,2026-06-14T10:34:19.049355,open-meteo.com
2025-09-22,Lira,Northern,2.2144113,32.897045,1097.0,29.1,18.4,2.6,2.6,5.0,92,41,14.1,42050.38,5.27,-2.6699999999999995,2026-06-14T10:34:19.049401,open-meteo.com
2025-09-23,Lira,Northern,2.2144113,32.897045,1097.0,29.5,18.4,0.3,0.3,2.0,85,39,21.6,42034.56,5.36,-5.0600000000000005,2026-06-14T10:34:19.049447,open-meteo.com
2025-09-24,Lira,Northern,2.2144113,32.897045,1097.0,29.8,17.9,3.7,3.7,2.0,95,38,13.7,41843.89,5.33,-1.63,2026-06-14T10:34:19.049493,open-meteo.com
2025-09-25,Lira,Northern,2.2144113,32.897045,1097.0,29.1,18.2,11.5,11.5,6.0,97,44,10.6,40705.91,4.66,6.84,2026-06-14T10:34:19.049539,open-meteo.com
2025-09-26,Lira,Northern,2.2144113,32.897045,1097.0,28.5,18.4,2.3,2.3,6.0,97,47,11.6,39600.0,4.89,-2.59,2026-06-14T10:34:19.049587,open-meteo.com
2025-09-27,Lira,Northern,2.2144113,32.897045,1097.0,28.3,18.7,4.3,4.3,6.0,98,51,10.6,39810.01,4.76,-0.45999999999999996,2026-06-14T10:34:19.049633,open-meteo.com
2025-09-28,Lira,Northern,2.2144113,32.897045,1097.0,29.0,17.8,1.6,1.6,7.0,98,47,7.1,40052.26,5.06,-3.4599999999999995,2026-06-14T10:34:19.049679,open-meteo.com
2025-09-29,Lira,Northern,2.2144113,32.897045,1097.0,28.9,17.6,2.1,2.1,2.0,98,50,10.6,41893.17,5.13,-3.03,2026-06-14T10:34:19.049725,open-meteo.com
2025-09-30,Lira,Northern,2.2144113,32.897045,1097.0,30.6,20.0,0.2,0.2,1.0,82,38,12.7,34946.22,5.0,-4.8,2026-06-14T10:34:19.049771,open-meteo.com
2025-10-01,Lira,Northern,2.2144113,32.897045,1097.0,26.6,18.3,3.3,3.3,9.0,97,57,16.9,37871.06,4.04,-0.7400000000000002,2026-06-14T10:34:19.049830,open-meteo.com
2025-10-02,Lira,Northern,2.2144113,32.897045,1097.0,28.2,17.8,1.1,1.1,5.0,96,47,14.2,40603.43,4.92,-3.82,2026-06-14T10:34:19.049892,open-meteo.com
2025-10-03,Lira,Northern,2.2144113,32.897045,1097.0,28.0,18.4,13.4,13.4,12.0,97,47,15.9,17890.07,2.68,10.72,2026-06-14T10:34:19.049940,open-meteo.com
2025-10-04,Lira,Northern,2.2144113,32.897045,1097.0,27.7,17.9,12.5,12.5,8.0,96,52,8.3,39415.07,4.26,8.24,2026-06-14T10:34:19.049987,open-meteo.com
2025-10-05,Lira,Northern,2.2144113,32.897045,1097.0,26.5,17.1,5.5,5.5,7.0,98,59,13.4,39676.39,4.48,1.0199999999999996,2026-06-14T10:34:19.050033,open-meteo.com
2025-10-06,Lira,Northern,2.2144113,32.897045,1097.0,25.4,17.5,12.4,12.4,11.0,97,64,11.8,38060.32,3.66,8.74,2026-06-14T10:34:19.050079,open-meteo.com
2025-10-07,Lira,Northern,2.2144113,32.897045,1097.0,27.1,17.1,4.9,4.9,7.0,100,59,11.8,39699.42,4.55,0.35000000000000053,2026-06-14T10:34:19.050126,open-meteo.com
2025-10-08,Lira,Northern,2.2144113,32.897045,1097.0,26.6,17.5,0.9,0.9,3.0,97,58,10.3,40635.32,4.62,-3.72,2026-06-14T10:34:19.050173,open-meteo.com
2025-10-09,Lira,Northern,2.2144113,32.897045,1097.0,27.1,17.6,1.1,1.1,5.0,95,52,15.3,41109.59,4.66,-3.56,2026-06-14T10:34:19.050219,open-meteo.com
2025-10-10,Lira,Northern,2.2144113,32.897045,1097.0,27.8,16.9,0.0,0.0,0.0,96,48,13.0,41339.15,5.08,-5.08,2026-06-14T10:34:19.050266,open-meteo.com
2025-10-11,Lira,Northern,2.2144113,32.897045,1097.0,27.9,18.0,3.0,3.0,5.0,93,53,10.3,39955.01,4.81,-1.8099999999999996,2026-06-14T10:34:19.050381,open-meteo.com
2025-10-12,Lira,Northern,2.2144113,32.897045,1097.0,29.2,18.9,0.0,0.0,0.0,91,39,16.4,40216.11,4.86,-4.86,2026-06-14T10:34:19.050429,open-meteo.com
2025-10-13,Lira,Northern,2.2144113,32.897045,1097.0,29.5,18.2,0.3,0.3,1.0,84,40,15.3,40690.25,4.77,-4.47,2026-06-14T10:34:19.050475,open-meteo.com
2025-10-14,Lira,Northern,2.2144113,32.897045,1097.0,30.0,19.0,0.0,0.0,0.0,84,35,16.5,40899.67,5.66,-5.66,2026-06-14T10:34:19.050521,open-meteo.com
2025-10-15,Lira,Northern,2.2144113,32.897045,1097.0,29.6,17.9,0.0,0.0,0.0,93,35,13.4,40477.68,5.04,-5.04,2026-06-14T10:34:19.050568,open-meteo.com
2025-10-16,Lira,Northern,2.2144113,32.897045,1097.0,29.4,18.7,0.7,0.7,1.0,80,39,12.9,40679.53,5.19,-4.49,2026-06-14T10:34:19.050615,open-meteo.com
2025-10-17,Lira,Northern,2.2144113,32.897045,1097.0,27.8,18.8,13.8,13.8,5.0,93,55,17.1,23216.67,3.54,10.260000000000002,2026-06-14T10:34:19.050661,open-meteo.com
2025-10-18,Lira,Northern,2.2144113,32.897045,1097.0,28.5,18.6,3.1,3.1,2.0,94,45,16.1,40039.72,4.8,-1.6999999999999997,2026-06-14T10:34:19.050711,open-meteo.com
2025-10-19,Lira,Northern,2.2144113,32.897045,1097.0,28.4,18.3,10.1,10.1,7.0,95,50,20.0,38779.28,4.67,5.43,2026-06-14T10:34:19.050758,open-meteo.com
2025-10-20,Lira,Northern,2.2144113,32.897045,1097.0,27.1,18.4,0.7,0.7,4.0,96,52,16.7,40056.94,4.62,-3.92,2026-06-14T10:34:19.050827,open-meteo.com
2025-10-21,Lira,Northern,2.2144113,32.897045,1097.0,27.0,18.8,3.0,3.0,4.0,97,53,13.1,39679.08,4.62,-1.62,2026-06-14T10:34:19.050906,open-meteo.com
2025-10-22,Lira,Northern,2.2144113,32.897045,1097.0,27.1,18.6,6.0,6.0,13.0,96,51,13.0,28800.0,3.63,2.37,2026-06-14T10:34:19.050954,open-meteo.com
2025-10-23,Lira,Northern,2.2144113,32.897045,1097.0,27.0,18.0,4.3,4.3,7.0,98,55,14.7,27778.9,3.3,1.0,2026-06-14T10:34:19.051000,open-meteo.com
2025-10-24,Lira,Northern,2.2144113,32.897045,1097.0,28.8,18.0,0.7,0.7,2.0,93,48,14.5,40027.32,5.03,-4.33,2026-06-14T10:34:19.051047,open-meteo.com
2025-10-25,Lira,Northern,2.2144113,32.897045,1097.0,27.4,19.5,0.9,0.9,7.0,95,54,13.6,39860.51,4.2,-3.3000000000000003,2026-06-14T10:34:19.051093,open-meteo.com
2025-10-26,Lira,Northern,2.2144113,32.897045,1097.0,26.5,18.8,2.5,2.5,10.0,98,59,9.1,35743.21,3.66,-1.1600000000000001,2026-06-14T10:34:19.051139,open-meteo.com
2025-10-27,Lira,Northern,2.2144113,32.897045,1097.0,27.9,17.8,0.2,0.2,2.0,96,54,8.6,37992.18,4.11,-3.91,2026-06-14T10:34:19.051185,open-meteo.com
2025-10-28,Lira,Northern,2.2144113,32.897045,1097.0,29.7,19.7,3.6,3.6,2.0,93,46,14.0,39600.0,5.08,-1.48,2026-06-14T10:34:19.051231,open-meteo.com
2025-10-29,Lira,Northern,2.2144113,32.897045,1097.0,29.2,18.3,26.7,26.7,12.0,98,52,12.8,39600.0,4.62,22.08,2026-06-14T10:34:19.051277,open-meteo.com
2025-10-30,Lira,Northern,2.2144113,32.897045,1097.0,24.4,19.2,8.0,8.0,16.0,98,71,10.4,12403.33,2.15,5.85,2026-06-14T10:34:19.051323,open-meteo.com
2025-10-31,Lira,Northern,2.2144113,32.897045,1097.0,26.6,17.8,15.2,15.2,14.0,99,63,10.7,36294.19,4.06,11.14,2026-06-14T10:34:19.051382,open-meteo.com
2025-11-01,Lira,Northern,2.2144113,32.897045,1097.0,26.5,18.0,4.2,4.2,10.0,99,62,11.9,39077.91,3.56,0.6400000000000001,2026-06-14T10:34:19.051429,open-meteo.com
2025-11-02,Lira,Northern,2.2144113,32.897045,1097.0,27.0,17.9,9.4,9.4,9.0,99,58,7.8,31582.16,3.77,5.630000000000001,2026-06-14T10:34:19.051475,open-meteo.com
2025-11-03,Lira,Northern,2.2144113,32.897045,1097.0,27.8,18.4,0.3,0.3,3.0,96,51,15.2,39421.04,4.24,-3.9400000000000004,2026-06-14T10:34:19.051521,open-meteo.com
2025-11-04,Lira,Northern,2.2144113,32.897045,1097.0,28.5,18.5,0.0,0.0,0.0,96,47,18.7,39854.41,5.01,-5.01,2026-06-14T10:34:19.051568,open-meteo.com
2025-11-05,Lira,Northern,2.2144113,32.897045,1097.0,28.5,17.5,0.0,0.0,0.0,97,47,10.7,40147.83,4.95,-4.95,2026-06-14T10:34:19.051614,open-meteo.com
2025-11-06,Lira,Northern,2.2144113,32.897045,1097.0,28.2,18.8,0.1,0.1,1.0,98,50,11.6,39671.44,4.81,-4.71,2026-06-14T10:34:19.051660,open-meteo.com
2025-11-07,Lira,Northern,2.2144113,32.897045,1097.0,28.8,18.1,3.7,3.7,4.0,92,46,14.8,36748.46,5.08,-1.38,2026-06-14T10:34:19.051706,open-meteo.com
2025-11-08,Lira,Northern,2.2144113,32.897045,1097.0,27.8,18.5,2.1,2.1,7.0,89,58,17.0,39803.86,4.34,-2.2399999999999998,2026-06-14T10:34:19.051752,open-meteo.com
2025-11-09,Lira,Northern,2.2144113,32.897045,1097.0,27.0,18.6,0.1,0.1,1.0,98,58,11.7,32882.46,4.28,-4.180000000000001,2026-06-14T10:34:19.051798,open-meteo.com
2025-11-10,Lira,Northern,2.2144113,32.897045,1097.0,28.0,18.6,0.2,0.2,2.0,96,49,8.5,39673.14,4.46,-4.26,2026-06-14T10:34:19.051858,open-meteo.com
2025-11-11,Lira,Northern,2.2144113,32.897045,1097.0,28.8,18.4,0.0,0.0,0.0,93,43,14.1,39913.65,4.9,-4.9,2026-06-14T10:34:19.051921,open-meteo.com
2025-11-12,Lira,Northern,2.2144113,32.897045,1097.0,29.7,17.3,0.0,0.0,0.0,94,36,14.8,40623.82,5.4,-5.4,2026-06-14T10:34:19.051968,open-meteo.com
2025-11-13,Lira,Northern,2.2144113,32.897045,1097.0,30.0,18.2,0.0,0.0,0.0,91,35,17.3,39904.9,5.58,-5.58,2026-06-14T10:34:19.052016,open-meteo.com
2025-11-14,Lira,Northern,2.2144113,32.897045,1097.0,30.5,19.2,0.0,0.0,0.0,73,33,14.3,39910.72,5.45,-5.45,2026-06-14T10:34:19.052062,open-meteo.com
2025-11-15,Lira,Northern,2.2144113,32.897045,1097.0,28.9,17.2,0.0,0.0,0.0,90,41,9.8,39607.35,4.73,-4.73,2026-06-14T10:34:19.052109,open-meteo.com
2025-11-16,Lira,Northern,2.2144113,32.897045,1097.0,27.0,17.8,0.5,0.5,2.0,82,51,14.4,40164.45,4.55,-4.05,2026-06-14T10:34:19.052155,open-meteo.com
2025-11-17,Lira,Northern,2.2144113,32.897045,1097.0,28.6,17.2,0.1,0.1,1.0,94,41,8.9,40170.09,4.79,-4.69,2026-06-14T10:34:19.052201,open-meteo.com
2025-11-18,Lira,Northern,2.2144113,32.897045,1097.0,31.1,17.3,0.0,0.0,0.0,80,34,17.6,40175.63,5.62,-5.62,2026-06-14T10:34:19.052247,open-meteo.com
2025-11-19,Lira,Northern,2.2144113,32.897045,1097.0,30.2,19.5,0.0,0.0,0.0,71,35,18.3,40181.07,5.53,-5.53,2026-06-14T10:34:19.052294,open-meteo.com
2025-11-20,Lira,Northern,2.2144113,32.897045,1097.0,30.9,19.5,0.1,0.1,1.0,74,31,14.7,39648.61,5.43,-5.33,2026-06-14T10:34:19.052353,open-meteo.com
2025-11-21,Lira,Northern,2.2144113,32.897045,1097.0,31.6,18.4,0.0,0.0,0.0,71,26,20.1,40191.55,6.47,-6.47,2026-06-14T10:34:19.052400,open-meteo.com
2025-11-22,Lira,Northern,2.2144113,32.897045,1097.0,32.2,17.6,0.0,0.0,0.0,78,17,19.8,39667.28,6.3,-6.3,2026-06-14T10:34:19.052447,open-meteo.com
2025-11-23,Lira,Northern,2.2144113,32.897045,1097.0,32.3,17.6,0.0,0.0,0.0,62,22,22.9,39710.62,6.2,-6.2,2026-06-14T10:34:19.052493,open-meteo.com
2025-11-24,Lira,Northern,2.2144113,32.897045,1097.0,32.1,18.5,0.0,0.0,0.0,67,26,21.8,40364.62,6.29,-6.29,2026-06-14T10:34:19.052540,open-meteo.com
2025-11-25,Lira,Northern,2.2144113,32.897045,1097.0,33.0,20.0,0.0,0.0,0.0,63,23,19.2,37095.35,6.37,-6.37,2026-06-14T10:34:19.052586,open-meteo.com
2025-11-26,Lira,Northern,2.2144113,32.897045,1097.0,33.9,20.2,0.0,0.0,0.0,59,20,18.2,40106.11,6.89,-6.89,2026-06-14T10:34:19.052633,open-meteo.com
2025-11-27,Lira,Northern,2.2144113,32.897045,1097.0,32.5,21.0,0.0,0.0,0.0,56,23,23.1,39133.07,7.04,-7.04,2026-06-14T10:34:19.052679,open-meteo.com
2025-11-28,Lira,Northern,2.2144113,32.897045,1097.0,33.8,21.1,0.0,0.0,0.0,60,17,22.4,38856.59,7.02,-7.02,2026-06-14T10:34:19.052741,open-meteo.com
2025-11-29,Lira,Northern,2.2144113,32.897045,1097.0,32.9,20.0,0.0,0.0,0.0,61,23,20.9,39600.0,6.12,-6.12,2026-06-14T10:34:19.052833,open-meteo.com
2025-11-30,Lira,Northern,2.2144113,32.897045,1097.0,33.3,21.1,0.0,0.0,0.0,50,21,24.3,29274.45,6.44,-6.44,2026-06-14T10:34:19.052978,open-meteo.com
2025-12-01,Lira,Northern,2.2144113,32.897045,1097.0,34.5,20.7,0.0,0.0,0.0,44,14,23.2,41056.83,7.98,-7.98,2026-06-14T10:34:19.053030,open-meteo.com
2025-12-02,Lira,Northern,2.2144113,32.897045,1097.0,34.5,21.4,0.0,0.0,0.0,39,10,22.8,40800.37,8.14,-8.14,2026-06-14T10:34:19.053076,open-meteo.com
2025-12-03,Lira,Northern,2.2144113,32.897045,1097.0,34.3,21.1,0.0,0.0,0.0,49,15,22.5,39600.0,7.01,-7.01,2026-06-14T10:34:19.053123,open-meteo.com
2025-12-04,Lira,Northern,2.2144113,32.897045,1097.0,34.7,20.0,0.0,0.0,0.0,57,17,20.8,30399.46,6.65,-6.65,2026-06-14T10:34:19.053170,open-meteo.com
2025-12-05,Lira,Northern,2.2144113,32.897045,1097.0,33.9,21.1,0.0,0.0,0.0,52,16,17.6,37880.4,6.4,-6.4,2026-06-14T10:34:19.053217,open-meteo.com
2025-12-06,Lira,Northern,2.2144113,32.897045,1097.0,33.2,20.4,0.0,0.0,0.0,59,19,25.0,40160.23,6.37,-6.37,2026-06-14T10:34:19.053263,open-meteo.com
2025-12-07,Lira,Northern,2.2144113,32.897045,1097.0,33.6,20.5,0.0,0.0,0.0,60,21,21.5,40502.62,6.9,-6.9,2026-06-14T10:34:19.053310,open-meteo.com
2025-12-08,Lira,Northern,2.2144113,32.897045,1097.0,34.2,21.1,0.0,0.0,0.0,57,17,24.5,38987.5,7.56,-7.56,2026-06-14T10:34:19.053356,open-meteo.com
2025-12-09,Lira,Northern,2.2144113,32.897045,1097.0,33.0,23.1,0.0,0.0,0.0,48,20,20.6,36381.3,6.97,-6.97,2026-06-14T10:34:19.053403,open-meteo.com
2025-12-10,Lira,Northern,2.2144113,32.897045,1097.0,32.6,21.2,0.0,0.0,0.0,62,21,16.7,39600.0,6.02,-6.02,2026-06-14T10:34:19.053490,open-meteo.com
2025-12-11,Lira,Northern,2.2144113,32.897045,1097.0,32.8,19.9,0.0,0.0,0.0,71,24,17.2,40458.2,5.85,-5.85,2026-06-14T10:34:19.053538,open-meteo.com
2025-12-12,Lira,Northern,2.2144113,32.897045,1097.0,32.8,19.4,0.0,0.0,0.0,71,26,16.3,40947.15,5.87,-5.87,2026-06-14T10:34:19.053585,open-meteo.com
2025-12-13,Lira,Northern,2.2144113,32.897045,1097.0,28.2,18.7,22.2,22.2,11.0,95,48,14.9,37767.96,3.6,18.599999999999998,2026-06-14T10:34:19.053632,open-meteo.com
2025-12-14,Lira,Northern,2.2144113,32.897045,1097.0,29.0,17.9,0.5,0.5,3.0,95,45,12.5,40172.02,4.49,-3.99,2026-06-14T10:34:19.053679,open-meteo.com
2025-12-15,Lira,Northern,2.2144113,32.897045,1097.0,30.0,19.2,0.0,0.0,0.0,80,37,14.3,41161.49,4.96,-4.96,2026-06-14T10:34:19.053725,open-meteo.com
2025-12-16,Lira,Northern,2.2144113,32.897045,1097.0,30.0,18.9,2.4,2.4,3.0,85,42,15.5,41148.41,4.62,-2.22,2026-06-14T10:34:19.053771,open-meteo.com
2025-12-17,Lira,Northern,2.2144113,32.897045,1097.0,27.9,19.0,0.7,0.7,4.0,90,47,13.2,40884.04,3.99,-3.29,2026-06-14T10:34:19.053818,open-meteo.com
2025-12-18,Lira,Northern,2.2144113,32.897045,1097.0,29.2,19.2,0.8,0.8,4.0,83,40,16.9,41371.68,4.84,-4.04,2026-06-14T10:34:19.053864,open-meteo.com
2025-12-19,Lira,Northern,2.2144113,32.897045,1097.0,28.9,17.4,3.9,3.9,8.0,92,39,15.2,41859.14,4.38,-0.48,2026-06-14T10:34:19.053948,open-meteo.com
2025-12-20,Lira,Northern,2.2144113,32.897045,1097.0,29.8,18.0,2.9,2.9,3.0,92,38,12.6,41593.59,4.76,-1.8599999999999999,2026-06-14T10:34:19.054010,open-meteo.com
2025-12-21,Lira,Northern,2.2144113,32.897045,1097.0,30.4,18.9,0.2,0.2,2.0,88,40,12.1,41829.54,4.81,-4.609999999999999,2026-06-14T10:34:19.054057,open-meteo.com
2025-12-22,Lira,Northern,2.2144113,32.897045,1097.0,30.4,19.0,1.5,1.5,2.0,95,32,15.5,41563.29,5.05,-3.55,2026-06-14T10:34:19.054104,open-meteo.com
2025-12-23,Lira,Northern,2.2144113,32.897045,1097.0,30.9,18.2,0.6,0.6,5.0,96,31,17.0,41798.73,4.71,-4.11,2026-06-14T10:34:19.054150,open-meteo.com
2025-12-24,Lira,Northern,2.2144113,32.897045,1097.0,31.6,18.6,0.2,0.2,2.0,87,29,12.9,41783.02,5.28,-5.08,2026-06-14T10:34:19.054196,open-meteo.com
2025-12-25,Lira,Northern,2.2144113,32.897045,1097.0,32.3,19.4,0.0,0.0,0.0,66,27,14.0,41767.12,5.73,-5.73,2026-06-14T10:34:19.054243,open-meteo.com
2025-12-26,Lira,Northern,2.2144113,32.897045,1097.0,30.5,18.9,0.1,0.1,1.0,89,32,10.8,42252.92,4.67,-4.57,2026-06-14T10:34:19.054289,open-meteo.com
2025-12-27,Lira,Northern,2.2144113,32.897045,1097.0,32.7,18.8,0.0,0.0,0.0,88,25,13.3,42353.33,5.65,-5.65,2026-06-14T10:34:19.054336,open-meteo.com
2025-12-28,Lira,Northern,2.2144113,32.897045,1097.0,30.8,20.9,0.1,0.1,1.0,65,29,14.9,30228.09,4.66,-4.5600000000000005,2026-06-14T10:34:19.054382,open-meteo.com
2025-12-29,Lira,Northern,2.2144113,32.897045,1097.0,28.7,20.1,0.4,0.4,3.0,89,41,15.2,16540.61,3.33,-2.93,2026-06-14T10:34:19.054429,open-meteo.com
2025-12-30,Lira,Northern,2.2144113,32.897045,1097.0,29.1,18.2,1.8,1.8,5.0,95,35,9.0,35057.73,3.66,-1.86,2026-06-14T10:34:19.054486,open-meteo.com
2025-12-31,Lira,Northern,2.2144113,32.897045,1097.0,29.9,18.6,0.6,0.6,4.0,97,36,11.5,40919.77,4.68,-4.08,2026-06-14T10:34:19.054533,open-meteo.com
2026-01-01,Lira,Northern,2.2144113,32.897045,1097.0,30.9,19.0,0.1,0.1,1.0,74,29,17.5,41905.85,5.69,-5.590000000000001,2026-06-14T10:34:19.054579,open-meteo.com
2026-01-02,Lira,Northern,2.2144113,32.897045,1097.0,33.3,18.6,0.0,0.0,0.0,69,20,18.1,40889.38,5.99,-5.99,2026-06-14T10:34:19.054629,open-meteo.com
2026-01-03,Lira,Northern,2.2144113,32.897045,1097.0,33.5,19.1,0.0,0.0,0.0,62,18,19.1,39278.89,6.02,-6.02,2026-06-14T10:34:19.054676,open-meteo.com
2026-01-04,Lira,Northern,2.2144113,32.897045,1097.0,33.2,18.6,0.0,0.0,0.0,62,20,17.5,42579.98,6.32,-6.32,2026-06-14T10:34:19.054722,open-meteo.com
2026-01-05,Lira,Northern,2.2144113,32.897045,1097.0,33.5,19.5,0.0,0.0,0.0,67,16,18.7,42607.28,5.92,-5.92,2026-06-14T10:34:19.054768,open-meteo.com
2026-01-06,Lira,Northern,2.2144113,32.897045,1097.0,32.8,19.4,0.1,0.1,1.0,98,21,12.4,42323.86,4.74,-4.640000000000001,2026-06-14T10:34:19.054814,open-meteo.com
2026-01-07,Lira,Northern,2.2144113,32.897045,1097.0,34.4,17.9,0.0,0.0,0.0,66,15,13.3,42661.66,6.36,-6.36,2026-06-14T10:34:19.054861,open-meteo.com
2026-01-08,Lira,Northern,2.2144113,32.897045,1097.0,34.8,18.8,0.0,0.0,0.0,34,13,18.4,42688.61,7.65,-7.65,2026-06-14T10:34:19.054934,open-meteo.com
2026-01-09,Lira,Northern,2.2144113,32.897045,1097.0,34.1,18.8,0.0,0.0,0.0,47,11,17.9,42520.84,6.45,-6.45,2026-06-14T10:34:19.054995,open-meteo.com
2026-01-10,Lira,Northern,2.2144113,32.897045,1097.0,34.7,18.0,0.0,0.0,0.0,65,15,18.9,32451.27,5.88,-5.88,2026-06-14T10:34:19.055043,open-meteo.com
2026-01-11,Lira,Northern,2.2144113,32.897045,1097.0,33.6,20.7,0.1,0.1,1.0,78,20,16.9,39183.6,5.11,-5.010000000000001,2026-06-14T10:34:19.055090,open-meteo.com
2026-01-12,Lira,Northern,2.2144113,32.897045,1097.0,33.0,20.7,0.2,0.2,2.0,85,20,17.7,42789.93,5.33,-5.13,2026-06-14T10:34:19.055136,open-meteo.com
2026-01-13,Lira,Northern,2.2144113,32.897045,1097.0,34.5,19.0,0.0,0.0,0.0,98,14,17.9,42425.27,6.44,-6.44,2026-06-14T10:34:19.055182,open-meteo.com
2026-01-14,Lira,Northern,2.2144113,32.897045,1097.0,34.5,20.6,0.0,0.0,0.0,45,13,24.5,42796.8,8.58,-8.58,2026-06-14T10:34:19.055230,open-meteo.com
2026-01-15,Lira,Northern,2.2144113,32.897045,1097.0,34.0,19.0,0.0,0.0,0.0,39,12,24.4,42800.39,8.78,-8.78,2026-06-14T10:34:19.055276,open-meteo.com
2026-01-16,Lira,Northern,2.2144113,32.897045,1097.0,35.0,20.5,0.0,0.0,0.0,39,10,18.1,40090.88,7.44,-7.44,2026-06-14T10:34:19.055322,open-meteo.com
2026-01-17,Lira,Northern,2.2144113,32.897045,1097.0,34.5,21.4,0.0,0.0,0.0,43,13,17.5,41044.53,6.6,-6.6,2026-06-14T10:34:19.055369,open-meteo.com
2026-01-18,Lira,Northern,2.2144113,32.897045,1097.0,33.6,20.1,0.1,0.1,1.0,69,23,15.4,41504.41,6.1,-6.0,2026-06-14T10:34:19.055416,open-meteo.com
2026-01-19,Lira,Northern,2.2144113,32.897045,1097.0,34.2,20.2,0.0,0.0,0.0,73,21,19.3,42815.56,6.39,-6.39,2026-06-14T10:34:19.055475,open-meteo.com
2026-01-20,Lira,Northern,2.2144113,32.897045,1097.0,35.2,19.4,0.0,0.0,0.0,65,14,19.2,41687.59,6.51,-6.51,2026-06-14T10:34:19.055523,open-meteo.com
2026-01-21,Lira,Northern,2.2144113,32.897045,1097.0,36.8,19.5,0.0,0.0,0.0,53,13,21.4,41167.65,8.05,-8.05,2026-06-14T10:34:19.055569,open-meteo.com
2026-01-22,Lira,Northern,2.2144113,32.897045,1097.0,35.8,22.1,0.0,0.0,0.0,35,11,27.6,41875.47,9.9,-9.9,2026-06-14T10:34:19.055616,open-meteo.com
2026-01-23,Lira,Northern,2.2144113,32.897045,1097.0,35.7,22.2,0.0,0.0,0.0,37,11,21.3,42832.23,8.72,-8.72,2026-06-14T10:34:19.055663,open-meteo.com
2026-01-24,Lira,Northern,2.2144113,32.897045,1097.0,36.2,20.0,0.0,0.0,0.0,39,9,21.7,42836.82,7.66,-7.66,2026-06-14T10:34:19.055709,open-meteo.com
2026-01-25,Lira,Northern,2.2144113,32.897045,1097.0,36.8,21.1,0.0,0.0,0.0,38,9,16.7,39846.02,7.43,-7.43,2026-06-14T10:34:19.055756,open-meteo.com
2026-01-26,Lira,Northern,2.2144113,32.897045,1097.0,34.5,20.5,0.0,0.0,0.0,94,21,11.9,42846.41,5.67,-5.67,2026-06-14T10:34:19.055803,open-meteo.com
2026-01-27,Lira,Northern,2.2144113,32.897045,1097.0,32.0,21.0,3.1,3.1,4.0,72,30,17.2,42480.45,5.25,-2.15,2026-06-14T10:34:19.055849,open-meteo.com
2026-01-28,Lira,Northern,2.2144113,32.897045,1097.0,30.6,20.8,3.9,3.9,5.0,69,34,16.6,40113.14,4.48,-0.5800000000000005,2026-06-14T10:34:19.055925,open-meteo.com
2026-01-29,Lira,Northern,2.2144113,32.897045,1097.0,33.4,19.1,0.2,0.2,1.0,94,25,15.5,42861.7,5.59,-5.39,2026-06-14T10:34:19.055986,open-meteo.com
2026-01-30,Lira,Northern,2.2144113,32.897045,1097.0,34.5,19.7,0.0,0.0,0.0,94,19,12.1,42867.02,5.6,-5.6,2026-06-14T10:34:19.056034,open-meteo.com
2026-01-31,Lira,Northern,2.2144113,32.897045,1097.0,35.0,21.1,0.0,0.0,0.0,45,15,15.2,40108.64,5.92,-5.92,2026-06-14T10:34:19.056093,open-meteo.com
2026-02-01,Lira,Northern,2.2144113,32.897045,1097.0,32.1,21.0,0.1,0.1,1.0,75,26,13.6,37871.46,5.02,-4.92,2026-06-14T10:34:19.056142,open-meteo.com
2026-02-02,Lira,Northern,2.2144113,32.897045,1097.0,33.3,19.5,0.1,0.1,1.0,83,20,13.7,42481.49,5.73,-5.630000000000001,2026-06-14T10:34:19.056192,open-meteo.com
2026-02-03,Lira,Northern,2.2144113,32.897045,1097.0,32.4,20.2,0.5,0.5,4.0,96,26,14.8,42889.12,5.37,-4.87,2026-06-14T10:34:19.056239,open-meteo.com
2026-02-04,Lira,Northern,2.2144113,32.897045,1097.0,34.8,19.6,0.0,0.0,0.0,88,19,13.4,42894.82,5.88,-5.88,2026-06-14T10:34:19.056286,open-meteo.com
2026-02-05,Lira,Northern,2.2144113,32.897045,1097.0,35.5,21.4,0.0,0.0,0.0,83,14,19.5,42900.59,6.18,-6.18,2026-06-14T10:34:19.056334,open-meteo.com
2026-02-06,Lira,Northern,2.2144113,32.897045,1097.0,33.5,21.1,0.0,0.0,0.0,81,21,14.3,42906.41,5.56,-5.56,2026-06-14T10:34:19.056380,open-meteo.com
2026-02-07,Lira,Northern,2.2144113,32.897045,1097.0,32.2,22.1,0.3,0.3,2.0,75,27,11.6,36197.22,4.76,-4.46,2026-06-14T10:34:19.056427,open-meteo.com
2026-02-08,Lira,Northern,2.2144113,32.897045,1097.0,30.0,19.4,12.0,12.0,6.0,94,36,12.3,35982.16,4.72,7.28,2026-06-14T10:34:19.056534,open-meteo.com
2026-02-09,Lira,Northern,2.2144113,32.897045,1097.0,29.9,20.0,12.9,12.9,10.0,90,33,13.0,41682.45,4.27,8.63,2026-06-14T10:34:19.056585,open-meteo.com
2026-02-10,Lira,Northern,2.2144113,32.897045,1097.0,29.1,17.5,2.9,2.9,5.0,98,39,14.3,42909.98,4.71,-1.81,2026-06-14T10:34:19.056632,open-meteo.com
2026-02-11,Lira,Northern,2.2144113,32.897045,1097.0,32.0,18.6,0.2,0.2,2.0,97,25,14.7,42912.08,5.57,-5.37,2026-06-14T10:34:19.056678,open-meteo.com
2026-02-12,Lira,Northern,2.2144113,32.897045,1097.0,32.3,19.1,0.0,0.0,0.0,97,27,9.2,42915.13,5.35,-5.35,2026-06-14T10:34:19.056725,open-meteo.com
2026-02-13,Lira,Northern,2.2144113,32.897045,1097.0,32.8,19.5,0.0,0.0,0.0,94,21,13.9,42919.21,5.92,-5.92,2026-06-14T10:34:19.056772,open-meteo.com
2026-02-14,Lira,Northern,2.2144113,32.897045,1097.0,29.6,20.0,7.4,7.4,5.0,78,37,14.6,41063.46,4.57,2.83,2026-06-14T10:34:19.056819,open-meteo.com
2026-02-15,Lira,Northern,2.2144113,32.897045,1097.0,29.1,19.0,3.9,3.9,6.0,95,41,20.3,39330.22,4.22,-0.31999999999999984,2026-06-14T10:34:19.056865,open-meteo.com
2026-02-16,Lira,Northern,2.2144113,32.897045,1097.0,31.0,19.2,1.7,1.7,3.0,95,35,11.7,41951.52,4.84,-3.1399999999999997,2026-06-14T10:34:19.056950,open-meteo.com
2026-02-17,Lira,Northern,2.2144113,32.897045,1097.0,30.2,19.9,0.0,0.0,0.0,80,42,12.1,30246.88,4.34,-4.34,2026-06-14T10:34:19.057000,open-meteo.com
2026-02-18,Lira,Northern,2.2144113,32.897045,1097.0,30.9,19.5,1.7,1.7,6.0,96,35,18.3,41026.47,4.33,-2.63,2026-06-14T10:34:19.057061,open-meteo.com
2026-02-19,Lira,Northern,2.2144113,32.897045,1097.0,27.8,18.4,7.6,7.6,7.0,95,47,19.9,35704.82,3.86,3.7399999999999998,2026-06-14T10:34:19.057108,open-meteo.com
2026-02-20,Lira,Northern,2.2144113,32.897045,1097.0,30.1,18.6,0.0,0.0,0.0,95,43,15.0,41437.51,5.0,-5.0,2026-06-14T10:34:19.057155,open-meteo.com
2026-02-21,Lira,Northern,2.2144113,32.897045,1097.0,27.8,19.3,7.6,7.6,10.0,97,49,18.9,28810.93,3.56,4.039999999999999,2026-06-14T10:34:19.057202,open-meteo.com
2026-02-22,Lira,Northern,2.2144113,32.897045,1097.0,25.2,19.6,9.8,9.8,14.0,93,61,15.3,21386.34,2.81,6.99,2026-06-14T10:34:19.057248,open-meteo.com
2026-02-23,Lira,Northern,2.2144113,32.897045,1097.0,29.7,19.1,0.3,0.3,2.0,98,35,15.7,39265.52,4.82,-4.5200000000000005,2026-06-14T10:34:19.057306,open-meteo.com
2026-02-24,Lira,Northern,2.2144113,32.897045,1097.0,30.8,19.0,0.0,0.0,0.0,95,27,10.5,41283.86,5.02,-5.02,2026-06-14T10:34:19.057369,open-meteo.com
2026-02-25,Lira,Northern,2.2144113,32.897045,1097.0,30.9,17.9,0.0,0.0,0.0,74,26,9.3,43027.32,5.7,-5.7,2026-06-14T10:34:19.057416,open-meteo.com
2026-02-26,Lira,Northern,2.2144113,32.897045,1097.0,31.4,18.1,0.0,0.0,0.0,65,34,15.8,40309.43,5.83,-5.83,2026-06-14T10:34:19.057466,open-meteo.com
2026-02-27,Lira,Northern,2.2144113,32.897045,1097.0,28.3,19.5,7.0,7.0,9.0,93,43,13.1,37906.18,3.48,3.52,2026-06-14T10:34:19.057514,open-meteo.com
2026-02-28,Lira,Northern,2.2144113,32.897045,1097.0,27.3,19.9,1.1,1.1,3.0,78,47,14.0,31697.12,3.94,-2.84,2026-06-14T10:34:19.057572,open-meteo.com
2026-03-01,Lira,Northern,2.2144113,32.897045,1097.0,27.1,19.7,5.9,5.9,7.0,94,50,12.4,23607.82,3.18,2.72,2026-06-14T10:34:19.057621,open-meteo.com
2026-03-02,Lira,Northern,2.2144113,32.897045,1097.0,26.3,19.0,3.1,3.1,10.0,97,57,17.1,41704.08,3.78,-0.6799999999999997,2026-06-14T10:34:19.057667,open-meteo.com
2026-03-03,Lira,Northern,2.2144113,32.897045,1097.0,28.4,19.0,13.9,13.9,16.0,98,52,19.7,29380.42,3.91,9.99,2026-06-14T10:34:19.057714,open-meteo.com
2026-03-04,Lira,Northern,2.2144113,32.897045,1097.0,28.6,18.5,9.2,9.2,8.0,93,45,14.7,38478.59,4.37,4.829999999999999,2026-06-14T10:34:19.057760,open-meteo.com
2026-03-05,Lira,Northern,2.2144113,32.897045,1097.0,27.7,18.5,1.3,1.3,4.0,98,49,12.7,39555.75,3.8,-2.5,2026-06-14T10:34:19.057807,open-meteo.com
2026-03-06,Lira,Northern,2.2144113,32.897045,1097.0,26.5,18.8,1.1,1.1,3.0,91,48,14.0,31383.42,3.32,-2.2199999999999998,2026-06-14T10:34:19.057853,open-meteo.com
2026-03-07,Lira,Northern,2.2144113,32.897045,1097.0,29.0,18.9,2.5,2.5,5.0,94,45,14.5,38521.7,4.56,-2.0599999999999996,2026-06-14T10:34:19.057945,open-meteo.com
2026-03-08,Lira,Northern,2.2144113,32.897045,1097.0,30.2,19.0,0.6,0.6,2.0,80,39,16.3,43103.59,5.57,-4.970000000000001,2026-06-14T10:34:19.058033,open-meteo.com
2026-03-09,Lira,Northern,2.2144113,32.897045,1097.0,30.8,20.4,0.8,0.8,3.0,70,41,18.9,43092.62,6.07,-5.2700000000000005,2026-06-14T10:34:19.058128,open-meteo.com
2026-03-10,Lira,Northern,2.2144113,32.897045,1097.0,27.8,18.5,15.9,15.9,13.0,95,53,15.7,36797.04,4.17,11.73,2026-06-14T10:34:19.058234,open-meteo.com
2026-03-11,Lira,Northern,2.2144113,32.897045,1097.0,29.5,19.1,1.3,1.3,6.0,95,46,16.0,40133.4,4.8,-3.5,2026-06-14T10:34:19.058307,open-meteo.com
2026-03-12,Lira,Northern,2.2144113,32.897045,1097.0,29.9,19.2,0.3,0.3,3.0,98,39,11.1,41627.46,4.63,-4.33,2026-06-14T10:34:19.058355,open-meteo.com
2026-03-13,Lira,Northern,2.2144113,32.897045,1097.0,30.3,19.7,1.4,1.4,5.0,95,41,20.4,41023.3,4.77,-3.3699999999999997,2026-06-14T10:34:19.058402,open-meteo.com
2026-03-14,Lira,Northern,2.2144113,32.897045,1097.0,31.0,20.8,3.3,3.3,6.0,81,39,18.7,37015.29,4.47,-1.17,2026-06-14T10:34:19.058448,open-meteo.com
2026-03-15,Lira,Northern,2.2144113,32.897045,1097.0,30.1,20.1,0.1,0.1,1.0,96,38,12.5,37580.87,4.58,-4.48,2026-06-14T10:34:19.058494,open-meteo.com
2026-03-16,Lira,Northern,2.2144113,32.897045,1097.0,33.5,18.4,0.0,0.0,0.0,93,21,17.3,43001.06,5.77,-5.77,2026-06-14T10:34:19.058542,open-meteo.com
2026-03-17,Lira,Northern,2.2144113,32.897045,1097.0,32.9,18.8,0.0,0.0,0.0,65,23,11.7,42987.27,6.01,-6.01,2026-06-14T10:34:19.058590,open-meteo.com
2026-03-18,Lira,Northern,2.2144113,32.897045,1097.0,28.6,18.5,6.3,6.3,9.0,92,43,14.7,31129.29,3.67,2.63,2026-06-14T10:34:19.058636,open-meteo.com
2026-03-19,Lira,Northern,2.2144113,32.897045,1097.0,29.0,18.8,7.7,7.7,11.0,96,45,15.8,30637.86,3.62,4.08,2026-06-14T10:34:19.058682,open-meteo.com
2026-03-20,Lira,Northern,2.2144113,32.897045,1097.0,28.1,19.2,7.7,7.7,9.0,96,47,17.6,36530.24,4.15,3.55,2026-06-14T10:34:19.058743,open-meteo.com
2026-03-21,Lira,Northern,2.2144113,32.897045,1097.0,29.6,19.0,0.0,0.0,0.0,95,43,23.6,37151.34,5.05,-5.05,2026-06-14T10:34:19.058791,open-meteo.com
2026-03-22,Lira,Northern,2.2144113,32.897045,1097.0,28.0,19.1,2.1,2.1,6.0,91,47,10.6,41264.5,4.19,-2.0900000000000003,2026-06-14T10:34:19.058848,open-meteo.com
2026-03-23,Lira,Northern,2.2144113,32.897045,1097.0,29.5,19.2,16.5,16.5,9.0,94,45,14.0,34163.75,4.36,12.14,2026-06-14T10:34:19.058919,open-meteo.com
2026-03-24,Lira,Northern,2.2144113,32.897045,1097.0,26.4,19.2,24.9,24.9,13.0,97,61,14.8,30289.93,3.34,21.56,2026-06-14T10:34:19.058966,open-meteo.com
2026-03-25,Lira,Northern,2.2144113,32.897045,1097.0,26.3,18.6,9.4,9.4,12.0,98,57,15.9,19414.52,3.21,6.19,2026-06-14T10:34:19.059013,open-meteo.com
2026-03-26,Lira,Northern,2.2144113,32.897045,1097.0,27.5,18.0,0.6,0.6,6.0,99,53,7.5,34078.7,3.88,-3.28,2026-06-14T10:34:19.059059,open-meteo.com
2026-03-27,Lira,Northern,2.2144113,32.897045,1097.0,27.8,18.1,18.8,18.8,10.0,95,54,16.2,39427.61,4.22,14.580000000000002,2026-06-14T10:34:19.059105,open-meteo.com
2026-03-28,Lira,Northern,2.2144113,32.897045,1097.0,27.4,18.4,5.8,5.8,6.0,99,54,9.8,34066.29,3.77,2.03,2026-06-14T10:34:19.059151,open-meteo.com
2026-03-29,Lira,Northern,2.2144113,32.897045,1097.0,29.5,18.2,0.0,0.0,0.0,94,40,10.7,42820.79,5.36,-5.36,2026-06-14T10:34:19.059198,open-meteo.com
2026-03-30,Lira,Northern,2.2144113,32.897045,1097.0,29.9,20.0,12.3,12.3,6.0,93,47,15.7,42805.97,5.29,7.010000000000001,2026-06-14T10:34:19.059258,open-meteo.com
2026-03-31,Lira,Northern,2.2144113,32.897045,1097.0,26.9,18.9,18.6,18.6,16.0,97,61,10.9,34776.77,3.55,15.05,2026-06-14T10:34:19.059305,open-meteo.com
2026-04-01,Lira,Northern,2.2144113,32.897045,1097.0,28.3,18.0,0.2,0.2,1.0,100,52,11.7,39028.45,4.67,-4.47,2026-06-14T10:34:19.059352,open-meteo.com
2026-04-02,Lira,Northern,2.2144113,32.897045,1097.0,29.5,18.4,0.0,0.0,0.0,91,42,12.4,42761.59,5.28,-5.28,2026-06-14T10:34:19.059399,open-meteo.com
2026-04-03,Lira,Northern,2.2144113,32.897045,1097.0,30.5,19.6,0.0,0.0,0.0,76,36,12.4,42747.0,5.6,-5.6,2026-06-14T10:34:19.059446,open-meteo.com
2026-04-04,Lira,Northern,2.2144113,32.897045,1097.0,29.4,18.5,4.3,4.3,5.0,89,43,16.1,42732.59,4.9,-0.6000000000000005,2026-06-14T10:34:19.059492,open-meteo.com
2026-04-05,Lira,Northern,2.2144113,32.897045,1097.0,27.5,19.1,12.0,12.0,9.0,93,52,12.2,37578.66,4.17,7.83,2026-06-14T10:34:19.059538,open-meteo.com
2026-04-06,Lira,Northern,2.2144113,32.897045,1097.0,27.2,17.5,6.5,6.5,9.0,99,53,14.2,42704.55,4.29,2.21,2026-06-14T10:34:19.059585,open-meteo.com
2026-04-07,Lira,Northern,2.2144113,32.897045,1097.0,28.6,18.4,12.1,12.1,5.0,98,43,11.0,40378.88,4.48,7.619999999999999,2026-06-14T10:34:19.059632,open-meteo.com
2026-04-08,Lira,Northern,2.2144113,32.897045,1097.0,28.5,19.0,0.2,0.2,2.0,91,54,11.7,42677.89,4.47,-4.27,2026-06-14T10:34:19.059679,open-meteo.com
2026-04-09,Lira,Northern,2.2144113,32.897045,1097.0,29.4,19.8,0.9,0.9,2.0,96,48,11.2,42665.22,4.87,-3.97,2026-06-14T10:34:19.059737,open-meteo.com
2026-04-10,Lira,Northern,2.2144113,32.897045,1097.0,28.5,19.2,1.8,1.8,1.0,90,55,13.2,39053.05,4.53,-2.7300000000000004,2026-06-14T10:34:19.059785,open-meteo.com
2026-04-11,Lira,Northern,2.2144113,32.897045,1097.0,29.4,18.8,3.0,3.0,4.0,95,48,12.5,42641.44,5.04,-2.04,2026-06-14T10:34:19.059832,open-meteo.com
2026-04-12,Lira,Northern,2.2144113,32.897045,1097.0,30.0,19.9,0.5,0.5,4.0,88,38,12.6,42630.32,4.94,-4.44,2026-06-14T10:34:19.059896,open-meteo.com
2026-04-13,Lira,Northern,2.2144113,32.897045,1097.0,30.5,19.0,0.1,0.1,1.0,96,35,15.5,42619.32,5.09,-4.99,2026-06-14T10:34:19.059945,open-meteo.com
2026-04-14,Lira,Northern,2.2144113,32.897045,1097.0,31.6,20.0,0.3,0.3,2.0,93,34,22.1,42608.44,6.05,-5.75,2026-06-14T10:34:19.059992,open-meteo.com
2026-04-15,Lira,Northern,2.2144113,32.897045,1097.0,31.5,19.8,0.0,0.0,0.0,96,34,14.4,42073.15,5.48,-5.48,2026-06-14T10:34:19.060039,open-meteo.com
2026-04-16,Lira,Northern,2.2144113,32.897045,1097.0,30.5,19.5,1.4,1.4,4.0,96,36,19.4,42587.17,5.04,-3.64,2026-06-14T10:34:19.060086,open-meteo.com
2026-04-17,Lira,Northern,2.2144113,32.897045,1097.0,28.6,18.9,12.1,12.1,10.0,96,51,18.2,29296.42,3.97,8.129999999999999,2026-06-14T10:34:19.060133,open-meteo.com
2026-04-18,Lira,Northern,2.2144113,32.897045,1097.0,29.4,19.0,0.2,0.2,2.0,97,49,15.6,42566.75,4.93,-4.7299999999999995,2026-06-14T10:34:19.060179,open-meteo.com
2026-04-19,Lira,Northern,2.2144113,32.897045,1097.0,30.5,19.6,17.9,17.9,7.0,94,45,18.9,38605.39,4.18,13.719999999999999,2026-06-14T10:34:19.060240,open-meteo.com
2026-04-20,Lira,Northern,2.2144113,32.897045,1097.0,30.5,18.8,11.0,11.0,5.0,99,45,13.6,42547.45,4.91,6.09,2026-06-14T10:34:19.060287,open-meteo.com
2026-04-21,Lira,Northern,2.2144113,32.897045,1097.0,29.2,19.6,1.7,1.7,3.0,92,48,14.3,38938.3,4.95,-3.25,2026-06-14T10:34:19.060334,open-meteo.com
2026-04-22,Lira,Northern,2.2144113,32.897045,1097.0,30.9,20.2,0.6,0.6,5.0,97,41,15.3,42529.52,4.94,-4.340000000000001,2026-06-14T10:34:19.060380,open-meteo.com
2026-04-23,Lira,Northern,2.2144113,32.897045,1097.0,28.1,20.6,3.2,3.2,5.0,95,54,18.2,35466.26,3.93,-0.73,2026-06-14T10:34:19.060426,open-meteo.com
2026-04-24,Lira,Northern,2.2144113,32.897045,1097.0,28.5,19.0,12.6,12.6,7.0,98,50,13.0,40741.04,4.44,8.16,2026-06-14T10:34:19.060473,open-meteo.com
2026-04-25,Lira,Northern,2.2144113,32.897045,1097.0,26.4,18.9,7.1,7.1,12.0,98,58,12.1,38918.88,3.75,3.3499999999999996,2026-06-14T10:34:19.060519,open-meteo.com
2026-04-26,Lira,Northern,2.2144113,32.897045,1097.0,27.1,18.9,16.0,16.0,16.0,98,60,14.0,27141.77,3.45,12.55,2026-06-14T10:34:19.060565,open-meteo.com
2026-04-27,Lira,Northern,2.2144113,32.897045,1097.0,26.3,19.0,4.6,4.6,8.0,98,66,10.2,34474.77,3.68,0.9199999999999995,2026-06-14T10:34:19.060612,open-meteo.com
2026-04-28,Lira,Northern,2.2144113,32.897045,1097.0,25.6,18.2,6.3,6.3,8.0,100,69,12.6,31171.99,3.26,3.04,2026-06-14T10:34:19.060670,open-meteo.com
2026-04-29,Lira,Northern,2.2144113,32.897045,1097.0,26.5,18.9,3.8,3.8,12.0,99,66,14.9,31152.62,3.49,0.3099999999999996,2026-06-14T10:34:19.060728,open-meteo.com
2026-04-30,Lira,Northern,2.2144113,32.897045,1097.0,27.8,18.9,4.3,4.3,9.0,95,56,11.5,36925.34,4.17,0.1299999999999999,2026-06-14T10:34:19.060776,open-meteo.com
2026-05-01,Lira,Northern,2.2144113,32.897045,1097.0,27.0,19.2,19.7,19.7,16.0,98,59,21.9,24267.95,3.0,16.7,2026-06-14T10:34:19.060822,open-meteo.com
2026-05-02,Lira,Northern,2.2144113,32.897045,1097.0,25.6,18.5,4.9,4.9,8.0,99,65,12.8,36090.77,3.53,1.3700000000000006,2026-06-14T10:34:19.060869,open-meteo.com
2026-05-03,Lira,Northern,2.2144113,32.897045,1097.0,27.6,18.4,0.0,0.0,0.0,96,52,10.2,42466.25,4.83,-4.83,2026-06-14T10:34:19.060931,open-meteo.com
2026-05-04,Lira,Northern,2.2144113,32.897045,1097.0,28.8,19.0,7.7,7.7,3.0,92,54,9.7,41280.21,4.87,2.83,2026-06-14T10:34:19.060979,open-meteo.com
2026-05-05,Lira,Northern,2.2144113,32.897045,1097.0,27.2,19.8,6.6,6.6,6.0,97,64,14.5,35577.64,3.5,3.0999999999999996,2026-06-14T10:34:19.061026,open-meteo.com
2026-05-06,Lira,Northern,2.2144113,32.897045,1097.0,27.7,19.4,2.9,2.9,7.0,98,57,11.0,39543.56,3.88,-0.98,2026-06-14T10:34:19.061072,open-meteo.com
2026-05-07,Lira,Northern,2.2144113,32.897045,1097.0,28.0,19.6,0.1,0.1,1.0,96,55,9.4,42460.02,4.56,-4.46,2026-06-14T10:34:19.061118,open-meteo.com
2026-05-08,Lira,Northern,2.2144113,32.897045,1097.0,28.0,20.2,1.8,1.8,4.0,93,57,12.3,37631.7,4.07,-2.2700000000000005,2026-06-14T10:34:19.061165,open-meteo.com
2026-05-09,Lira,Northern,2.2144113,32.897045,1097.0,28.5,19.1,6.5,6.5,11.0,95,51,11.9,42459.88,4.16,2.34,2026-06-14T10:34:19.061223,open-meteo.com
2026-05-10,Lira,Northern,2.2144113,32.897045,1097.0,27.0,19.1,5.0,5.0,8.0,98,59,9.5,35446.4,3.78,1.2200000000000002,2026-06-14T10:34:19.061271,open-meteo.com
2026-05-11,Lira,Northern,2.2144113,32.897045,1097.0,26.1,19.8,3.6,3.6,7.0,97,63,12.3,34659.66,3.43,0.16999999999999993,2026-06-14T10:34:19.061317,open-meteo.com
2026-05-12,Lira,Northern,2.2144113,32.897045,1097.0,27.4,19.4,1.7,1.7,10.0,98,54,11.6,38863.26,4.53,-2.83,2026-06-14T10:34:19.061391,open-meteo.com
2026-05-13,Lira,Northern,2.2144113,32.897045,1097.0,28.4,20.5,4.5,4.5,9.0,96,54,11.6,37988.23,4.35,0.15000000000000036,2026-06-14T10:34:19.061433,open-meteo.com
2026-05-14,Lira,Northern,2.2144113,32.897045,1097.0,26.8,19.1,1.8,1.8,6.0,98,63,12.0,38621.12,4.09,-2.29,2026-06-14T10:34:19.061474,open-meteo.com
2026-05-15,Lira,Northern,2.2144113,32.897045,1097.0,28.8,18.3,3.1,3.1,4.0,98,55,14.2,41812.92,4.73,-1.6300000000000003,2026-06-14T10:34:19.061515,open-meteo.com
2026-05-16,Lira,Northern,2.2144113,32.897045,1097.0,27.1,18.6,6.7,6.7,14.0,98,57,15.3,35708.14,4.16,2.54,2026-06-14T10:34:19.061556,open-meteo.com
2026-05-17,Lira,Northern,2.2144113,32.897045,1097.0,26.8,18.0,12.3,12.3,11.0,97,63,12.6,36952.74,4.02,8.280000000000001,2026-06-14T10:34:19.061597,open-meteo.com
2026-05-18,Lira,Northern,2.2144113,32.897045,1097.0,27.5,18.4,3.4,3.4,12.0,97,60,9.6,40437.9,4.29,-0.8900000000000001,2026-06-14T10:34:19.061637,open-meteo.com
2026-05-19,Lira,Northern,2.2144113,32.897045,1097.0,27.5,18.8,3.2,3.2,7.0,100,56,12.5,42486.98,4.07,-0.8700000000000001,2026-06-14T10:34:19.061688,open-meteo.com
2026-05-20,Lira,Northern,2.2144113,32.897045,1097.0,27.7,18.5,0.7,0.7,5.0,98,57,12.4,38892.09,4.05,-3.3499999999999996,2026-06-14T10:34:19.061729,open-meteo.com
2026-05-21,Lira,Northern,2.2144113,32.897045,1097.0,28.0,17.6,3.1,3.1,9.0,96,55,10.7,42497.61,4.22,-1.1199999999999997,2026-06-14T10:34:19.061770,open-meteo.com
2026-05-22,Lira,Northern,2.2144113,32.897045,1097.0,28.2,19.8,0.5,0.5,5.0,92,50,7.9,42503.6,4.66,-4.16,2026-06-14T10:34:19.061811,open-meteo.com
2026-05-23,Lira,Northern,2.2144113,32.897045,1097.0,29.5,19.4,0.6,0.6,5.0,90,45,12.4,42510.29,4.82,-4.220000000000001,2026-06-14T10:34:19.061852,open-meteo.com
2026-05-24,Lira,Northern,2.2144113,32.897045,1097.0,29.1,20.1,0.1,0.1,1.0,95,50,14.8,42517.66,4.91,-4.8100000000000005,2026-06-14T10:34:19.061908,open-meteo.com
2026-05-25,Lira,Northern,2.2144113,32.897045,1097.0,29.8,19.8,0.0,0.0,0.0,96,43,14.9,42525.66,5.21,-5.21,2026-06-14T10:34:19.061950,open-meteo.com
2026-05-26,Lira,Northern,2.2144113,32.897045,1097.0,29.2,19.5,1.2,1.2,7.0,96,54,11.8,42534.23,4.69,-3.49,2026-06-14T10:34:19.061991,open-meteo.com
2026-05-27,Lira,Northern,2.2144113,32.897045,1097.0,28.9,19.6,9.0,9.0,8.0,95,52,9.7,42543.34,4.2,4.8,2026-06-14T10:34:19.062031,open-meteo.com
2026-05-28,Lira,Northern,2.2144113,32.897045,1097.0,27.9,19.5,1.5,1.5,5.0,98,56,12.3,42552.93,4.23,-2.7300000000000004,2026-06-14T10:34:19.062072,open-meteo.com
2026-05-29,Lira,Northern,2.2144113,32.897045,1097.0,27.6,19.0,1.8,1.8,6.0,91,58,11.4,42562.96,4.42,-2.62,2026-06-14T10:34:19.062123,open-meteo.com
2026-05-30,Lira,Northern,2.2144113,32.897045,1097.0,28.5,18.8,2.6,2.6,9.0,97,51,15.1,42573.38,4.67,-2.07,2026-06-14T10:34:19.062164,open-meteo.com
2026-05-31,Lira,Northern,2.2144113,32.897045,1097.0,29.0,19.8,0.6,0.6,3.0,94,50,15.5,42584.15,4.63,-4.03,2026-06-14T10:34:19.062205,open-meteo.com
2026-06-01,Lira,Northern,2.2144113,32.897045,1097.0,28.0,19.4,7.2,7.2,7.0,97,54,15.6,38105.63,4.3,2.9000000000000004,2026-06-14T10:34:19.062245,open-meteo.com
2026-06-02,Lira,Northern,2.2144113,32.897045,1097.0,29.4,18.8,14.7,14.7,9.0,97,49,15.7,42606.54,4.51,10.19,2026-06-14T10:34:19.062287,open-meteo.com
2026-06-03,Lira,Northern,2.2144113,32.897045,1097.0,28.0,18.9,8.0,8.0,11.0,98,51,11.2,41324.73,4.32,3.6799999999999997,2026-06-14T10:34:19.062327,open-meteo.com
2026-06-04,Lira,Northern,2.2144113,32.897045,1097.0,28.3,19.5,0.2,0.2,2.0,97,55,11.1,42629.74,4.64,-4.4399999999999995,2026-06-14T10:34:19.062368,open-meteo.com
2026-06-05,Lira,Northern,2.2144113,32.897045,1097.0,28.9,19.9,4.4,4.4,10.0,97,53,9.6,40762.7,3.84,0.5600000000000005,2026-06-14T10:34:19.062408,open-meteo.com
2026-06-06,Lira,Northern,2.2144113,32.897045,1097.0,28.5,19.4,0.9,0.9,5.0,95,49,14.6,42653.39,4.37,-3.47,2026-06-14T10:34:19.062448,open-meteo.com
2026-06-07,Lira,Northern,2.2144113,32.897045,1097.0,31.6,18.2,0.2,0.2,2.0,98,32,16.0,42665.26,5.08,-4.88,2026-06-14T10:34:19.062490,open-meteo.com
2026-06-08,Lira,Northern,2.2144113,32.897045,1097.0,29.8,19.3,0.7,0.7,4.0,94,51,13.2,42677.11,4.68,-3.9799999999999995,2026-06-14T10:34:19.062540,open-meteo.com
2026-06-09,Lira,Northern,2.2144113,32.897045,1097.0,29.0,19.3,1.2,1.2,6.0,92,41,13.4,42688.88,5.03,-3.83,2026-06-14T10:34:19.062582,open-meteo.com
2026-06-10,Lira,Northern,2.2144113,32.897045,1097.0,30.4,20.1,0.3,0.3,3.0,93,39,13.9,42700.52,4.85,-4.55,2026-06-14T10:34:19.062623,open-meteo.com
2026-06-11,Lira,Northern,2.2144113,32.897045,1097.0,31.1,19.8,0.0,0.0,0.0,91,31,15.4,42712.16,5.47,-5.47,2026-06-14T10:34:19.062664,open-meteo.com
2026-06-12,Lira,Northern,2.2144113,32.897045,1097.0,31.2,19.3,0.0,0.0,0.0,77,31,19.7,42724.28,5.83,-5.83,2026-06-14T10:34:19.062705,open-meteo.com
2026-06-13,Lira,Northern,2.2144113,32.897045,1097.0,29.8,19.9,0.8,0.8,5.0,91,40,17.1,42736.85,5.01,-4.21,2026-06-14T10:34:19.062746,open-meteo.com
2026-06-14,Lira,Northern,2.2144113,32.897045,1097.0,29.9,19.4,1.3,1.3,8.0,94,42,19.3,42749.8,5.04,-3.74,2026-06-14T10:34:19.062787,open-meteo.com
2025-06-14,Jinja,Eastern,0.38664323,33.21345,1180.0,25.3,19.9,2.2,2.2,6.0,93,56,18.8,42492.55,4.19,-1.9900000000000002,2026-06-14T10:34:23.038228,open-meteo.com
2025-06-15,Jinja,Eastern,0.38664323,33.21345,1180.0,24.8,19.4,2.4,2.4,3.0,92,63,19.0,42504.3,4.07,-1.6700000000000004,2026-06-14T10:34:23.038308,open-meteo.com
2025-06-16,Jinja,Eastern,0.38664323,33.21345,1180.0,24.6,20.2,0.4,0.4,2.0,86,58,19.1,38915.95,3.97,-3.5700000000000003,2026-06-14T10:34:23.038356,open-meteo.com
2025-06-17,Jinja,Eastern,0.38664323,33.21345,1180.0,24.6,20.1,1.3,1.3,6.0,87,60,13.5,42145.82,4.07,-2.7700000000000005,2026-06-14T10:34:23.038398,open-meteo.com
2025-06-18,Jinja,Eastern,0.38664323,33.21345,1180.0,23.5,18.9,2.2,2.2,8.0,93,70,17.9,39275.2,3.23,-1.0299999999999998,2026-06-14T10:34:23.038439,open-meteo.com
2025-06-19,Jinja,Eastern,0.38664323,33.21345,1180.0,22.8,18.2,5.7,5.7,10.0,98,67,13.8,20071.26,2.31,3.39,2026-06-14T10:34:23.038481,open-meteo.com
2025-06-20,Jinja,Eastern,0.38664323,33.21345,1180.0,25.0,17.8,0.0,0.0,0.0,95,60,10.3,41376.06,4.15,-4.15,2026-06-14T10:34:23.038526,open-meteo.com
2025-06-21,Jinja,Eastern,0.38664323,33.21345,1180.0,25.3,18.6,0.5,0.5,5.0,92,62,11.1,42579.54,4.09,-3.59,2026-06-14T10:34:23.038568,open-meteo.com
2025-06-22,Jinja,Eastern,0.38664323,33.21345,1180.0,25.5,20.5,1.9,1.9,6.0,90,63,9.7,42114.84,3.82,-1.92,2026-06-14T10:34:23.038608,open-meteo.com
2025-06-23,Jinja,Eastern,0.38664323,33.21345,1180.0,25.0,18.5,8.4,8.4,9.0,97,62,12.0,42606.39,3.93,4.470000000000001,2026-06-14T10:34:23.038650,open-meteo.com
2025-06-24,Jinja,Eastern,0.38664323,33.21345,1180.0,24.5,19.4,8.6,8.6,11.0,92,65,22.0,33524.28,3.21,5.39,2026-06-14T10:34:23.038691,open-meteo.com
2025-06-25,Jinja,Eastern,0.38664323,33.21345,1180.0,25.5,18.6,0.0,0.0,0.0,98,55,11.7,42633.27,4.22,-4.22,2026-06-14T10:34:23.038732,open-meteo.com
2025-06-26,Jinja,Eastern,0.38664323,33.21345,1180.0,26.0,20.4,0.1,0.1,1.0,87,55,15.5,42646.56,4.23,-4.130000000000001,2026-06-14T10:34:23.038773,open-meteo.com
2025-06-27,Jinja,Eastern,0.38664323,33.21345,1180.0,26.1,20.0,0.0,0.0,0.0,92,60,11.9,42659.66,4.3,-4.3,2026-06-14T10:34:23.038815,open-meteo.com
2025-06-28,Jinja,Eastern,0.38664323,33.21345,1180.0,27.0,20.2,0.0,0.0,0.0,87,48,17.9,41819.71,4.06,-4.06,2026-06-14T10:34:23.038856,open-meteo.com
2025-06-29,Jinja,Eastern,0.38664323,33.21345,1180.0,23.5,19.2,9.1,9.1,8.0,93,70,13.6,34290.12,3.11,5.99,2026-06-14T10:34:23.038974,open-meteo.com
2025-06-30,Jinja,Eastern,0.38664323,33.21345,1180.0,24.7,18.9,0.7,0.7,6.0,94,58,12.8,42030.62,3.95,-3.25,2026-06-14T10:34:23.039023,open-meteo.com
2025-07-01,Jinja,Eastern,0.38664323,33.21345,1180.0,24.1,17.9,7.5,7.5,8.0,95,57,19.0,31908.94,3.51,3.99,2026-06-14T10:34:23.039065,open-meteo.com
2025-07-02,Jinja,Eastern,0.38664323,33.21345,1180.0,24.7,18.4,3.3,3.3,3.0,98,61,12.6,38151.2,3.89,-0.5900000000000003,2026-06-14T10:34:23.039106,open-meteo.com
2025-07-03,Jinja,Eastern,0.38664323,33.21345,1180.0,24.9,18.5,0.2,0.2,1.0,94,59,12.6,41868.96,3.57,-3.3699999999999997,2026-06-14T10:34:23.039146,open-meteo.com
2025-07-04,Jinja,Eastern,0.38664323,33.21345,1180.0,25.0,19.9,0.8,0.8,5.0,94,61,12.1,39651.68,3.95,-3.1500000000000004,2026-06-14T10:34:23.039188,open-meteo.com
2025-07-05,Jinja,Eastern,0.38664323,33.21345,1180.0,24.8,19.0,0.4,0.4,3.0,94,57,14.8,42750.1,3.91,-3.5100000000000002,2026-06-14T10:34:23.039228,open-meteo.com
2025-07-06,Jinja,Eastern,0.38664323,33.21345,1180.0,24.2,18.9,0.6,0.6,3.0,94,65,13.4,41236.59,3.71,-3.11,2026-06-14T10:34:23.039269,open-meteo.com
2025-07-07,Jinja,Eastern,0.38664323,33.21345,1180.0,23.9,18.2,6.8,6.8,7.0,96,67,14.0,36321.14,3.34,3.46,2026-06-14T10:34:23.039309,open-meteo.com
2025-07-08,Jinja,Eastern,0.38664323,33.21345,1180.0,26.0,18.4,0.1,0.1,1.0,96,56,11.7,39326.08,4.08,-3.98,2026-06-14T10:34:23.039349,open-meteo.com
2025-07-09,Jinja,Eastern,0.38664323,33.21345,1180.0,22.5,18.4,20.9,20.9,15.0,94,72,18.7,29516.01,2.73,18.169999999999998,2026-06-14T10:34:23.039390,open-meteo.com
2025-07-10,Jinja,Eastern,0.38664323,33.21345,1180.0,20.8,18.3,6.4,6.4,16.0,96,74,19.3,17968.74,2.06,4.34,2026-06-14T10:34:23.039431,open-meteo.com
2025-07-11,Jinja,Eastern,0.38664323,33.21345,1180.0,24.2,19.6,0.4,0.4,4.0,83,57,14.9,35959.83,3.68,-3.2800000000000002,2026-06-14T10:34:23.039471,open-meteo.com
2025-07-12,Jinja,Eastern,0.38664323,33.21345,1180.0,25.1,18.4,0.0,0.0,0.0,92,59,12.4,42461.32,3.93,-3.93,2026-06-14T10:34:23.039513,open-meteo.com
2025-07-13,Jinja,Eastern,0.38664323,33.21345,1180.0,25.0,18.2,6.2,6.2,4.0,95,65,12.2,36382.2,3.75,2.45,2026-06-14T10:34:23.039553,open-meteo.com
2025-07-14,Jinja,Eastern,0.38664323,33.21345,1180.0,23.4,17.9,3.5,3.5,8.0,98,69,15.6,38295.41,3.36,0.14000000000000012,2026-06-14T10:34:23.039594,open-meteo.com
2025-07-15,Jinja,Eastern,0.38664323,33.21345,1180.0,24.4,17.7,7.6,7.6,9.0,98,64,11.7,36644.18,3.76,3.84,2026-06-14T10:34:23.039634,open-meteo.com
2025-07-16,Jinja,Eastern,0.38664323,33.21345,1180.0,24.4,18.1,8.4,8.4,6.0,95,60,13.6,42831.26,3.33,5.07,2026-06-14T10:34:23.039675,open-meteo.com
2025-07-17,Jinja,Eastern,0.38664323,33.21345,1180.0,25.5,17.4,2.0,2.0,3.0,97,56,20.9,34882.15,3.06,-1.06,2026-06-14T10:34:23.039715,open-meteo.com
2025-07-18,Jinja,Eastern,0.38664323,33.21345,1180.0,25.4,18.0,5.5,5.5,9.0,96,64,15.1,35515.61,4.06,1.4400000000000004,2026-06-14T10:34:23.039755,open-meteo.com
2025-07-19,Jinja,Eastern,0.38664323,33.21345,1180.0,25.0,17.8,0.0,0.0,0.0,97,62,15.3,42844.95,4.17,-4.17,2026-06-14T10:34:23.039796,open-meteo.com
2025-07-20,Jinja,Eastern,0.38664323,33.21345,1180.0,24.8,18.6,2.8,2.8,5.0,99,61,14.5,42848.37,3.77,-0.9700000000000002,2026-06-14T10:34:23.039837,open-meteo.com
2025-07-21,Jinja,Eastern,0.38664323,33.21345,1180.0,25.8,18.9,0.8,0.8,3.0,97,51,13.6,42851.17,4.34,-3.54,2026-06-14T10:34:23.039929,open-meteo.com
2025-07-22,Jinja,Eastern,0.38664323,33.21345,1180.0,25.0,18.2,6.2,6.2,8.0,95,61,14.3,24550.38,3.18,3.02,2026-06-14T10:34:23.039974,open-meteo.com
2025-07-23,Jinja,Eastern,0.38664323,33.21345,1180.0,25.2,18.9,0.7,0.7,2.0,94,61,11.5,42854.75,4.08,-3.38,2026-06-14T10:34:23.040016,open-meteo.com
2025-07-24,Jinja,Eastern,0.38664323,33.21345,1180.0,25.6,19.1,0.1,0.1,1.0,94,59,15.6,42855.46,4.36,-4.260000000000001,2026-06-14T10:34:23.040057,open-meteo.com
2025-07-25,Jinja,Eastern,0.38664323,33.21345,1180.0,26.5,19.5,0.0,0.0,0.0,91,46,13.6,40248.0,4.49,-4.49,2026-06-14T10:34:23.040111,open-meteo.com
2025-07-26,Jinja,Eastern,0.38664323,33.21345,1180.0,27.5,18.7,0.1,0.1,1.0,95,47,13.0,42854.6,4.68,-4.58,2026-06-14T10:34:23.040153,open-meteo.com
2025-07-27,Jinja,Eastern,0.38664323,33.21345,1180.0,26.6,17.6,0.1,0.1,1.0,92,48,13.7,42853.14,4.58,-4.48,2026-06-14T10:34:23.040195,open-meteo.com
2025-07-28,Jinja,Eastern,0.38664323,33.21345,1180.0,26.2,19.0,0.1,0.1,1.0,96,52,17.2,42851.06,4.66,-4.5600000000000005,2026-06-14T10:34:23.040237,open-meteo.com
2025-07-29,Jinja,Eastern,0.38664323,33.21345,1180.0,25.6,18.6,0.4,0.4,3.0,93,51,23.4,42848.35,4.58,-4.18,2026-06-14T10:34:23.040278,open-meteo.com
2025-07-30,Jinja,Eastern,0.38664323,33.21345,1180.0,25.1,20.4,0.2,0.2,2.0,83,52,19.4,41991.88,4.53,-4.33,2026-06-14T10:34:23.040319,open-meteo.com
2025-07-31,Jinja,Eastern,0.38664323,33.21345,1180.0,26.4,18.9,0.3,0.3,2.0,87,50,18.6,42841.12,4.67,-4.37,2026-06-14T10:34:23.040372,open-meteo.com
2025-08-01,Jinja,Eastern,0.38664323,33.21345,1180.0,27.0,20.4,0.0,0.0,0.0,87,43,14.5,42836.61,4.77,-4.77,2026-06-14T10:34:23.040416,open-meteo.com
2025-08-02,Jinja,Eastern,0.38664323,33.21345,1180.0,26.0,19.6,2.5,2.5,2.0,89,52,15.3,42831.52,4.42,-1.92,2026-06-14T10:34:23.040459,open-meteo.com
2025-08-03,Jinja,Eastern,0.38664323,33.21345,1180.0,25.5,19.5,1.8,1.8,4.0,84,51,22.0,42825.86,4.6,-2.8,2026-06-14T10:34:23.040500,open-meteo.com
2025-08-04,Jinja,Eastern,0.38664323,33.21345,1180.0,25.9,17.9,0.0,0.0,0.0,96,43,19.6,42819.63,4.55,-4.55,2026-06-14T10:34:23.040552,open-meteo.com
2025-08-05,Jinja,Eastern,0.38664323,33.21345,1180.0,26.5,17.9,0.0,0.0,0.0,92,44,20.9,42812.86,4.78,-4.78,2026-06-14T10:34:23.040598,open-meteo.com
2025-08-06,Jinja,Eastern,0.38664323,33.21345,1180.0,26.1,19.5,0.0,0.0,0.0,81,45,12.8,39307.55,4.6,-4.6,2026-06-14T10:34:23.040642,open-meteo.com
2025-08-07,Jinja,Eastern,0.38664323,33.21345,1180.0,27.5,18.2,2.0,2.0,3.0,88,47,17.8,40812.73,4.5,-2.5,2026-06-14T10:34:23.040689,open-meteo.com
2025-08-08,Jinja,Eastern,0.38664323,33.21345,1180.0,27.2,18.4,3.6,3.6,8.0,93,46,18.3,42789.32,4.06,-0.4599999999999995,2026-06-14T10:34:23.040733,open-meteo.com
2025-08-09,Jinja,Eastern,0.38664323,33.21345,1180.0,26.4,17.8,0.2,0.2,2.0,95,46,14.8,39241.27,4.08,-3.88,2026-06-14T10:34:23.040776,open-meteo.com
2025-08-10,Jinja,Eastern,0.38664323,33.21345,1180.0,25.1,18.4,2.5,2.5,8.0,96,60,12.9,37371.36,3.99,-1.4900000000000002,2026-06-14T10:34:23.040830,open-meteo.com
2025-08-11,Jinja,Eastern,0.38664323,33.21345,1180.0,24.2,18.2,16.5,16.5,11.0,98,68,19.4,34313.34,3.07,13.43,2026-06-14T10:34:23.040873,open-meteo.com
2025-08-12,Jinja,Eastern,0.38664323,33.21345,1180.0,25.0,18.8,3.9,3.9,10.0,97,65,12.4,42750.8,3.96,-0.06000000000000005,2026-06-14T10:34:23.040949,open-meteo.com
2025-08-13,Jinja,Eastern,0.38664323,33.21345,1180.0,25.1,18.7,3.0,3.0,8.0,95,60,9.9,42739.96,4.21,-1.21,2026-06-14T10:34:23.040992,open-meteo.com
2025-08-14,Jinja,Eastern,0.38664323,33.21345,1180.0,26.7,18.5,1.5,1.5,3.0,93,48,13.1,38168.26,4.45,-2.95,2026-06-14T10:34:23.041035,open-meteo.com
2025-08-15,Jinja,Eastern,0.38664323,33.21345,1180.0,26.4,18.0,7.7,7.7,4.0,95,58,12.6,42307.8,4.16,3.54,2026-06-14T10:34:23.041079,open-meteo.com
2025-08-16,Jinja,Eastern,0.38664323,33.21345,1180.0,25.4,17.2,9.3,9.3,6.0,97,55,19.8,37613.19,3.47,5.83,2026-06-14T10:34:23.041121,open-meteo.com
2025-08-17,Jinja,Eastern,0.38664323,33.21345,1180.0,26.2,17.5,5.3,5.3,3.0,95,54,18.1,26709.71,3.63,1.67,2026-06-14T10:34:23.041165,open-meteo.com
2025-08-18,Jinja,Eastern,0.38664323,33.21345,1180.0,23.5,17.8,10.4,10.4,13.0,98,69,14.8,17793.88,2.44,7.960000000000001,2026-06-14T10:34:23.041208,open-meteo.com
2025-08-19,Jinja,Eastern,0.38664323,33.21345,1180.0,24.0,18.2,9.4,9.4,10.0,94,65,18.9,24738.32,2.97,6.43,2026-06-14T10:34:23.041251,open-meteo.com
2025-08-20,Jinja,Eastern,0.38664323,33.21345,1180.0,23.8,18.0,5.8,5.8,12.0,96,64,16.8,37181.77,3.56,2.2399999999999998,2026-06-14T10:34:23.041341,open-meteo.com
2025-08-21,Jinja,Eastern,0.38664323,33.21345,1180.0,24.9,18.1,0.6,0.6,4.0,93,52,13.0,40949.72,3.97,-3.37,2026-06-14T10:34:23.041413,open-meteo.com
2025-08-22,Jinja,Eastern,0.38664323,33.21345,1180.0,24.4,16.5,1.2,1.2,5.0,95,57,15.4,42615.09,4.27,-3.0699999999999994,2026-06-14T10:34:23.041478,open-meteo.com
2025-08-23,Jinja,Eastern,0.38664323,33.21345,1180.0,24.6,19.1,0.5,0.5,5.0,94,54,19.0,42598.33,3.91,-3.41,2026-06-14T10:34:23.041523,open-meteo.com
2025-08-24,Jinja,Eastern,0.38664323,33.21345,1180.0,25.1,18.0,6.1,6.1,5.0,95,54,11.7,37179.43,4.38,1.7199999999999998,2026-06-14T10:34:23.041567,open-meteo.com
2025-08-25,Jinja,Eastern,0.38664323,33.21345,1180.0,25.5,17.9,4.0,4.0,4.0,96,59,12.8,40680.0,4.2,-0.20000000000000018,2026-06-14T10:34:23.041609,open-meteo.com
2025-08-26,Jinja,Eastern,0.38664323,33.21345,1180.0,25.0,17.6,1.0,1.0,1.0,94,59,12.2,42545.61,4.29,-3.29,2026-06-14T10:34:23.041652,open-meteo.com
2025-08-27,Jinja,Eastern,0.38664323,33.21345,1180.0,24.1,18.4,1.4,1.4,5.0,93,67,15.2,42527.36,4.06,-2.6599999999999997,2026-06-14T10:34:23.041694,open-meteo.com
2025-08-28,Jinja,Eastern,0.38664323,33.21345,1180.0,25.7,17.5,5.5,5.5,5.0,96,51,13.1,41744.28,4.41,1.0899999999999999,2026-06-14T10:34:23.041735,open-meteo.com
2025-08-29,Jinja,Eastern,0.38664323,33.21345,1180.0,26.7,18.8,0.0,0.0,0.0,94,50,14.8,42490.1,4.88,-4.88,2026-06-14T10:34:23.041779,open-meteo.com
2025-08-30,Jinja,Eastern,0.38664323,33.21345,1180.0,26.1,18.2,0.5,0.5,5.0,92,52,14.2,42471.17,4.57,-4.07,2026-06-14T10:34:23.041823,open-meteo.com
2025-08-31,Jinja,Eastern,0.38664323,33.21345,1180.0,24.5,18.0,0.3,0.3,2.0,93,56,16.0,34983.55,4.09,-3.79,2026-06-14T10:34:23.041864,open-meteo.com
2025-09-01,Jinja,Eastern,0.38664323,33.21345,1180.0,25.6,19.8,0.0,0.0,0.0,87,49,13.7,42432.91,4.61,-4.61,2026-06-14T10:34:23.041963,open-meteo.com
2025-09-02,Jinja,Eastern,0.38664323,33.21345,1180.0,27.4,18.5,0.1,0.1,1.0,90,38,15.3,33387.06,4.78,-4.680000000000001,2026-06-14T10:34:23.042008,open-meteo.com
2025-09-03,Jinja,Eastern,0.38664323,33.21345,1180.0,27.0,19.8,1.2,1.2,5.0,88,45,18.6,42394.4,4.96,-3.76,2026-06-14T10:34:23.042049,open-meteo.com
2025-09-04,Jinja,Eastern,0.38664323,33.21345,1180.0,27.4,19.4,0.1,0.1,1.0,97,43,11.7,41107.19,4.77,-4.67,2026-06-14T10:34:23.042092,open-meteo.com
2025-09-05,Jinja,Eastern,0.38664323,33.21345,1180.0,27.7,19.2,0.4,0.4,2.0,92,48,14.2,42355.07,4.7,-4.3,2026-06-14T10:34:23.042135,open-meteo.com
2025-09-06,Jinja,Eastern,0.38664323,33.21345,1180.0,28.0,19.5,1.5,1.5,4.0,94,43,18.7,42334.59,4.84,-3.34,2026-06-14T10:34:23.042178,open-meteo.com
2025-09-07,Jinja,Eastern,0.38664323,33.21345,1180.0,26.2,18.4,6.8,6.8,3.0,96,58,16.6,40329.55,4.46,2.34,2026-06-14T10:34:23.042220,open-meteo.com
2025-09-08,Jinja,Eastern,0.38664323,33.21345,1180.0,26.6,18.6,3.4,3.4,7.0,92,52,21.4,33256.71,3.84,-0.43999999999999995,2026-06-14T10:34:23.042262,open-meteo.com
2025-09-09,Jinja,Eastern,0.38664323,33.21345,1180.0,26.6,18.7,0.5,0.5,2.0,93,56,13.1,42270.55,4.6,-4.1,2026-06-14T10:34:23.042324,open-meteo.com
2025-09-10,Jinja,Eastern,0.38664323,33.21345,1180.0,25.8,18.9,4.5,4.5,6.0,92,60,14.1,42196.91,4.28,0.21999999999999975,2026-06-14T10:34:23.042366,open-meteo.com
2025-09-11,Jinja,Eastern,0.38664323,33.21345,1180.0,24.4,18.8,6.1,6.1,5.0,96,63,18.1,32909.48,3.21,2.8899999999999997,2026-06-14T10:34:23.042408,open-meteo.com
2025-09-12,Jinja,Eastern,0.38664323,33.21345,1180.0,28.4,19.0,0.2,0.2,2.0,91,42,16.0,42203.82,4.86,-4.66,2026-06-14T10:34:23.042450,open-meteo.com
2025-09-13,Jinja,Eastern,0.38664323,33.21345,1180.0,26.4,19.6,1.5,1.5,6.0,89,55,16.6,38815.89,4.0,-2.5,2026-06-14T10:34:23.042490,open-meteo.com
2025-09-14,Jinja,Eastern,0.38664323,33.21345,1180.0,28.5,18.1,0.3,0.3,2.0,95,44,12.2,42003.72,5.03,-4.73,2026-06-14T10:34:23.042534,open-meteo.com
2025-09-15,Jinja,Eastern,0.38664323,33.21345,1180.0,28.4,19.0,2.2,2.2,5.0,91,49,16.7,41093.2,4.64,-2.4399999999999995,2026-06-14T10:34:23.042577,open-meteo.com
2025-09-16,Jinja,Eastern,0.38664323,33.21345,1180.0,27.0,18.4,5.5,5.5,7.0,94,55,20.6,39723.43,4.54,0.96,2026-06-14T10:34:23.042619,open-meteo.com
2025-09-17,Jinja,Eastern,0.38664323,33.21345,1180.0,25.6,17.7,0.8,0.8,6.0,95,62,13.7,42090.85,4.53,-3.7300000000000004,2026-06-14T10:34:23.042661,open-meteo.com
2025-09-18,Jinja,Eastern,0.38664323,33.21345,1180.0,26.1,20.0,5.4,5.4,5.0,91,53,13.9,38663.29,3.99,1.4100000000000001,2026-06-14T10:34:23.042705,open-meteo.com
2025-09-19,Jinja,Eastern,0.38664323,33.21345,1180.0,27.0,19.5,6.7,6.7,1.0,95,51,17.3,38358.19,4.81,1.8900000000000006,2026-06-14T10:34:23.042756,open-meteo.com
2025-09-20,Jinja,Eastern,0.38664323,33.21345,1180.0,27.8,17.7,4.7,4.7,4.0,99,47,16.8,42024.57,5.1,-0.39999999999999947,2026-06-14T10:34:23.042799,open-meteo.com
2025-09-21,Jinja,Eastern,0.38664323,33.21345,1180.0,27.1,18.2,1.9,1.9,9.0,88,48,14.5,41385.59,4.93,-3.03,2026-06-14T10:34:23.042847,open-meteo.com
2025-09-22,Jinja,Eastern,0.38664323,33.21345,1180.0,26.5,17.0,8.4,8.4,5.0,97,52,18.2,41981.98,4.71,3.6900000000000004,2026-06-14T10:34:23.042975,open-meteo.com
2025-09-23,Jinja,Eastern,0.38664323,33.21345,1180.0,26.6,19.1,0.4,0.4,2.0,89,53,14.1,41961.34,4.48,-4.08,2026-06-14T10:34:23.043065,open-meteo.com
2025-09-24,Jinja,Eastern,0.38664323,33.21345,1180.0,28.2,19.2,1.1,1.1,2.0,95,45,15.0,40037.82,4.71,-3.61,2026-06-14T10:34:23.043113,open-meteo.com
2025-09-25,Jinja,Eastern,0.38664323,33.21345,1180.0,27.0,19.5,0.5,0.5,2.0,90,48,17.8,37826.84,4.76,-4.26,2026-06-14T10:34:23.043130,open-meteo.com
2025-09-26,Jinja,Eastern,0.38664323,33.21345,1180.0,27.8,19.0,0.0,0.0,0.0,93,48,13.2,40080.86,4.95,-4.95,2026-06-14T10:34:23.043161,open-meteo.com
2025-09-27,Jinja,Eastern,0.38664323,33.21345,1180.0,27.6,19.2,1.1,1.1,6.0,88,47,17.8,35529.37,3.86,-2.76,2026-06-14T10:34:23.043192,open-meteo.com
2025-09-28,Jinja,Eastern,0.38664323,33.21345,1180.0,26.2,19.1,1.7,1.7,5.0,95,55,14.1,34894.66,4.1,-2.3999999999999995,2026-06-14T10:34:23.043224,open-meteo.com
2025-09-29,Jinja,Eastern,0.38664323,33.21345,1180.0,28.8,18.1,2.7,2.7,5.0,96,39,19.7,40720.14,5.24,-2.54,2026-06-14T10:34:23.043251,open-meteo.com
2025-09-30,Jinja,Eastern,0.38664323,33.21345,1180.0,28.6,20.1,0.1,0.1,1.0,90,44,12.3,41719.07,5.17,-5.07,2026-06-14T10:34:23.043267,open-meteo.com
2025-10-01,Jinja,Eastern,0.38664323,33.21345,1180.0,27.7,18.5,0.9,0.9,6.0,96,45,18.6,41262.88,4.02,-3.1199999999999997,2026-06-14T10:34:23.043284,open-meteo.com
2025-10-02,Jinja,Eastern,0.38664323,33.21345,1180.0,28.1,18.5,0.6,0.6,5.0,93,44,14.4,40583.56,4.68,-4.08,2026-06-14T10:34:23.043303,open-meteo.com
2025-10-03,Jinja,Eastern,0.38664323,33.21345,1180.0,27.9,19.4,2.7,2.7,2.0,89,44,22.2,41055.07,4.19,-1.4900000000000002,2026-06-14T10:34:23.043317,open-meteo.com
2025-10-04,Jinja,Eastern,0.38664323,33.21345,1180.0,26.9,18.3,0.3,0.3,1.0,96,45,14.0,40605.35,4.84,-4.54,2026-06-14T10:34:23.043329,open-meteo.com
2025-10-05,Jinja,Eastern,0.38664323,33.21345,1180.0,26.6,18.4,14.8,14.8,10.0,95,55,13.3,39203.98,4.13,10.670000000000002,2026-06-14T10:34:23.043342,open-meteo.com
2025-10-06,Jinja,Eastern,0.38664323,33.21345,1180.0,26.3,18.1,11.6,11.6,8.0,96,59,11.1,33381.71,3.68,7.92,2026-06-14T10:34:23.043356,open-meteo.com
2025-10-07,Jinja,Eastern,0.38664323,33.21345,1180.0,24.9,18.7,0.0,0.0,0.0,98,64,8.7,31405.74,3.49,-3.49,2026-06-14T10:34:23.043372,open-meteo.com
2025-10-08,Jinja,Eastern,0.38664323,33.21345,1180.0,25.5,18.8,9.6,9.6,8.0,95,59,9.1,35741.54,4.29,5.31,2026-06-14T10:34:23.043385,open-meteo.com
2025-10-09,Jinja,Eastern,0.38664323,33.21345,1180.0,24.5,18.6,1.1,1.1,8.0,93,67,14.9,40451.87,4.2,-3.1,2026-06-14T10:34:23.043404,open-meteo.com
2025-10-10,Jinja,Eastern,0.38664323,33.21345,1180.0,25.8,18.6,7.4,7.4,7.0,92,55,15.7,41283.46,4.83,2.5700000000000003,2026-06-14T10:34:23.043417,open-meteo.com
2025-10-11,Jinja,Eastern,0.38664323,33.21345,1180.0,27.0,20.0,0.0,0.0,0.0,90,45,12.1,41286.64,5.15,-5.15,2026-06-14T10:34:23.043430,open-meteo.com
2025-10-12,Jinja,Eastern,0.38664323,33.21345,1180.0,28.2,19.1,0.2,0.2,2.0,91,47,17.2,40826.37,4.81,-4.609999999999999,2026-06-14T10:34:23.043442,open-meteo.com
2025-10-13,Jinja,Eastern,0.38664323,33.21345,1180.0,26.4,19.0,1.0,1.0,3.0,93,53,12.3,40231.45,4.71,-3.71,2026-06-14T10:34:23.043455,open-meteo.com
2025-10-14,Jinja,Eastern,0.38664323,33.21345,1180.0,26.9,19.9,0.9,0.9,3.0,91,54,13.0,40935.86,4.7,-3.8000000000000003,2026-06-14T10:34:23.043468,open-meteo.com
2025-10-15,Jinja,Eastern,0.38664323,33.21345,1180.0,27.6,18.8,0.3,0.3,2.0,94,45,11.2,40944.57,5.09,-4.79,2026-06-14T10:34:23.043480,open-meteo.com
2025-10-16,Jinja,Eastern,0.38664323,33.21345,1180.0,27.7,19.6,0.4,0.4,3.0,92,51,13.2,33280.12,4.47,-4.069999999999999,2026-06-14T10:34:23.043497,open-meteo.com
2025-10-17,Jinja,Eastern,0.38664323,33.21345,1180.0,25.9,19.0,1.5,1.5,3.0,94,55,14.8,29487.24,3.92,-2.42,2026-06-14T10:34:23.043512,open-meteo.com
2025-10-18,Jinja,Eastern,0.38664323,33.21345,1180.0,26.6,19.5,1.4,1.4,6.0,93,51,16.5,40847.05,4.57,-3.1700000000000004,2026-06-14T10:34:23.043532,open-meteo.com
2025-10-19,Jinja,Eastern,0.38664323,33.21345,1180.0,26.2,19.7,0.0,0.0,0.0,94,57,14.4,41083.91,4.84,-4.84,2026-06-14T10:34:23.043548,open-meteo.com
2025-10-20,Jinja,Eastern,0.38664323,33.21345,1180.0,27.8,19.3,1.4,1.4,5.0,90,49,14.4,38755.31,4.25,-2.85,2026-06-14T10:34:23.043560,open-meteo.com
2025-10-21,Jinja,Eastern,0.38664323,33.21345,1180.0,27.4,18.8,4.2,4.2,4.0,96,48,16.9,37091.77,4.49,-0.29000000000000004,2026-06-14T10:34:23.043573,open-meteo.com
2025-10-22,Jinja,Eastern,0.38664323,33.21345,1180.0,26.9,18.4,1.2,1.2,2.0,97,43,16.2,35219.05,4.12,-2.92,2026-06-14T10:34:23.043586,open-meteo.com
2025-10-23,Jinja,Eastern,0.38664323,33.21345,1180.0,25.8,18.0,11.5,11.5,10.0,95,58,14.9,29821.71,3.55,7.95,2026-06-14T10:34:23.043598,open-meteo.com
2025-10-24,Jinja,Eastern,0.38664323,33.21345,1180.0,27.2,20.0,0.8,0.8,4.0,92,55,11.4,36521.47,4.65,-3.8500000000000005,2026-06-14T10:34:23.043610,open-meteo.com
2025-10-25,Jinja,Eastern,0.38664323,33.21345,1180.0,24.6,18.6,20.7,20.7,13.0,95,69,12.0,32843.89,3.45,17.25,2026-06-14T10:34:23.043623,open-meteo.com
2025-10-26,Jinja,Eastern,0.38664323,33.21345,1180.0,25.2,19.0,3.5,3.5,12.0,95,66,9.0,35055.56,3.65,-0.1499999999999999,2026-06-14T10:34:23.043635,open-meteo.com
2025-10-27,Jinja,Eastern,0.38664323,33.21345,1180.0,27.7,18.5,0.0,0.0,0.0,95,49,9.5,40177.82,4.81,-4.81,2026-06-14T10:34:23.043647,open-meteo.com
2025-10-28,Jinja,Eastern,0.38664323,33.21345,1180.0,28.2,20.1,0.1,0.1,1.0,92,48,14.3,40181.21,5.11,-5.010000000000001,2026-06-14T10:34:23.043660,open-meteo.com
2025-10-29,Jinja,Eastern,0.38664323,33.21345,1180.0,27.0,19.7,10.4,10.4,11.0,97,58,16.3,36081.42,4.07,6.33,2026-06-14T10:34:23.043675,open-meteo.com
2025-10-30,Jinja,Eastern,0.38664323,33.21345,1180.0,24.5,19.0,8.6,8.6,13.0,98,70,13.3,17956.6,2.77,5.83,2026-06-14T10:34:23.043687,open-meteo.com
2025-10-31,Jinja,Eastern,0.38664323,33.21345,1180.0,25.0,18.2,10.8,10.8,17.0,97,69,14.0,27563.49,3.65,7.15,2026-06-14T10:34:23.043700,open-meteo.com
2025-11-01,Jinja,Eastern,0.38664323,33.21345,1180.0,24.1,18.4,3.7,3.7,7.0,97,65,15.1,18881.39,2.95,0.75,2026-06-14T10:34:23.043712,open-meteo.com
2025-11-02,Jinja,Eastern,0.38664323,33.21345,1180.0,25.9,18.7,0.4,0.4,2.0,94,64,13.0,36356.02,3.9,-3.5,2026-06-14T10:34:23.043724,open-meteo.com
2025-11-03,Jinja,Eastern,0.38664323,33.21345,1180.0,25.6,19.0,0.0,0.0,0.0,95,59,10.5,33993.96,4.01,-4.01,2026-06-14T10:34:23.043737,open-meteo.com
2025-11-04,Jinja,Eastern,0.38664323,33.21345,1180.0,27.0,19.0,0.0,0.0,0.0,94,52,10.1,39968.96,5.01,-5.01,2026-06-14T10:34:23.043750,open-meteo.com
2025-11-05,Jinja,Eastern,0.38664323,33.21345,1180.0,27.4,20.8,2.1,2.1,3.0,91,53,17.1,40926.79,4.72,-2.6199999999999997,2026-06-14T10:34:23.043762,open-meteo.com
2025-11-06,Jinja,Eastern,0.38664323,33.21345,1180.0,27.0,19.9,1.0,1.0,4.0,93,59,13.3,40214.96,4.73,-3.7300000000000004,2026-06-14T10:34:23.043774,open-meteo.com
2025-11-07,Jinja,Eastern,0.38664323,33.21345,1180.0,27.0,18.2,6.1,6.1,5.0,92,57,22.3,40174.11,4.96,1.1399999999999997,2026-06-14T10:34:23.043786,open-meteo.com
2025-11-08,Jinja,Eastern,0.38664323,33.21345,1180.0,26.1,17.8,9.3,9.3,4.0,95,56,28.4,39414.89,4.66,4.640000000000001,2026-06-14T10:34:23.043801,open-meteo.com
2025-11-09,Jinja,Eastern,0.38664323,33.21345,1180.0,24.6,19.1,3.0,3.0,7.0,97,65,17.7,27340.24,3.37,-0.3700000000000001,2026-06-14T10:34:23.043814,open-meteo.com
2025-11-10,Jinja,Eastern,0.38664323,33.21345,1180.0,26.4,19.0,3.0,3.0,3.0,93,60,14.4,35264.93,4.23,-1.2300000000000004,2026-06-14T10:34:23.043826,open-meteo.com
2025-11-11,Jinja,Eastern,0.38664323,33.21345,1180.0,26.6,19.4,1.1,1.1,3.0,97,54,10.8,39600.0,4.54,-3.44,2026-06-14T10:34:23.043838,open-meteo.com
2025-11-12,Jinja,Eastern,0.38664323,33.21345,1180.0,26.3,18.4,0.1,0.1,1.0,92,56,13.3,41203.44,4.81,-4.71,2026-06-14T10:34:23.043851,open-meteo.com
2025-11-13,Jinja,Eastern,0.38664323,33.21345,1180.0,27.5,19.4,0.0,0.0,0.0,90,48,9.6,41208.63,5.02,-5.02,2026-06-14T10:34:23.043867,open-meteo.com
2025-11-14,Jinja,Eastern,0.38664323,33.21345,1180.0,26.5,20.1,1.8,1.8,2.0,90,51,15.1,37240.11,4.0,-2.2,2026-06-14T10:34:23.043900,open-meteo.com
2025-11-15,Jinja,Eastern,0.38664323,33.21345,1180.0,26.4,18.8,0.5,0.5,1.0,93,55,15.3,39871.2,4.51,-4.01,2026-06-14T10:34:23.043914,open-meteo.com
2025-11-16,Jinja,Eastern,0.38664323,33.21345,1180.0,24.8,19.1,5.2,5.2,7.0,90,63,16.3,40110.56,3.95,1.25,2026-06-14T10:34:23.043927,open-meteo.com
2025-11-17,Jinja,Eastern,0.38664323,33.21345,1180.0,25.6,18.2,5.1,5.1,13.0,96,60,10.4,40593.27,4.27,0.8300000000000001,2026-06-14T10:34:23.043940,open-meteo.com
2025-11-18,Jinja,Eastern,0.38664323,33.21345,1180.0,26.3,18.8,0.0,0.0,0.0,91,57,9.7,41235.64,4.67,-4.67,2026-06-14T10:34:23.043959,open-meteo.com
2025-11-19,Jinja,Eastern,0.38664323,33.21345,1180.0,26.4,18.9,3.6,3.6,3.0,85,55,12.3,40997.03,4.45,-0.8500000000000001,2026-06-14T10:34:23.043973,open-meteo.com
2025-11-20,Jinja,Eastern,0.38664323,33.21345,1180.0,27.3,19.8,0.6,0.6,1.0,89,52,13.8,40582.96,4.76,-4.16,2026-06-14T10:34:23.043986,open-meteo.com
2025-11-21,Jinja,Eastern,0.38664323,33.21345,1180.0,27.5,18.8,0.0,0.0,0.0,88,47,16.8,40517.52,5.17,-5.17,2026-06-14T10:34:23.043998,open-meteo.com
2025-11-22,Jinja,Eastern,0.38664323,33.21345,1180.0,26.3,20.0,0.9,0.9,4.0,88,53,16.1,39600.0,4.86,-3.9600000000000004,2026-06-14T10:34:23.044010,open-meteo.com
2025-11-23,Jinja,Eastern,0.38664323,33.21345,1180.0,28.1,17.1,0.0,0.0,0.0,88,39,16.2,41505.51,5.21,-5.21,2026-06-14T10:34:23.044023,open-meteo.com
2025-11-24,Jinja,Eastern,0.38664323,33.21345,1180.0,27.7,18.9,0.0,0.0,0.0,87,44,19.3,41053.93,5.06,-5.06,2026-06-14T10:34:23.044036,open-meteo.com
2025-11-25,Jinja,Eastern,0.38664323,33.21345,1180.0,27.4,20.5,0.0,0.0,0.0,88,51,19.8,40802.52,5.11,-5.11,2026-06-14T10:34:23.044049,open-meteo.com
2025-11-26,Jinja,Eastern,0.38664323,33.21345,1180.0,27.9,20.8,0.3,0.3,2.0,93,47,18.5,40795.96,5.21,-4.91,2026-06-14T10:34:23.044062,open-meteo.com
2025-11-27,Jinja,Eastern,0.38664323,33.21345,1180.0,27.7,20.0,3.5,3.5,3.0,90,44,13.7,41278.59,4.84,-1.3399999999999999,2026-06-14T10:34:23.044075,open-meteo.com
2025-11-28,Jinja,Eastern,0.38664323,33.21345,1180.0,27.4,19.6,0.0,0.0,0.0,86,49,18.4,40789.93,4.67,-4.67,2026-06-14T10:34:23.044091,open-meteo.com
2025-11-29,Jinja,Eastern,0.38664323,33.21345,1180.0,27.9,18.9,0.0,0.0,0.0,94,50,12.0,41287.5,4.97,-4.97,2026-06-14T10:34:23.044104,open-meteo.com
2025-11-30,Jinja,Eastern,0.38664323,33.21345,1180.0,27.5,19.9,0.0,0.0,0.0,88,50,14.7,27564.42,3.94,-3.94,2026-06-14T10:34:23.044117,open-meteo.com
2025-12-01,Jinja,Eastern,0.38664323,33.21345,1180.0,28.0,19.4,0.0,0.0,0.0,88,40,24.1,40755.89,5.28,-5.28,2026-06-14T10:34:23.044130,open-meteo.com
2025-12-02,Jinja,Eastern,0.38664323,33.21345,1180.0,28.9,19.8,0.0,0.0,0.0,89,39,18.6,41299.52,5.74,-5.74,2026-06-14T10:34:23.044142,open-meteo.com
2025-12-03,Jinja,Eastern,0.38664323,33.21345,1180.0,28.5,18.9,0.0,0.0,0.0,78,41,18.7,40062.91,5.37,-5.37,2026-06-14T10:34:23.044155,open-meteo.com
2025-12-04,Jinja,Eastern,0.38664323,33.21345,1180.0,27.7,19.1,0.1,0.1,1.0,86,48,18.4,39600.0,4.75,-4.65,2026-06-14T10:34:23.044168,open-meteo.com
2025-12-05,Jinja,Eastern,0.38664323,33.21345,1180.0,28.2,20.1,0.1,0.1,1.0,92,48,18.2,37224.89,3.9,-3.8,2026-06-14T10:34:23.044184,open-meteo.com
2025-12-06,Jinja,Eastern,0.38664323,33.21345,1180.0,26.5,19.9,2.7,2.7,3.0,91,53,18.6,41452.45,4.45,-1.75,2026-06-14T10:34:23.044196,open-meteo.com
2025-12-07,Jinja,Eastern,0.38664323,33.21345,1180.0,27.5,20.6,0.0,0.0,0.0,92,51,18.3,41691.29,4.85,-4.85,2026-06-14T10:34:23.044209,open-meteo.com
2025-12-08,Jinja,Eastern,0.38664323,33.21345,1180.0,28.4,20.0,0.1,0.1,1.0,94,44,16.7,41681.01,5.03,-4.930000000000001,2026-06-14T10:34:23.044224,open-meteo.com
2025-12-09,Jinja,Eastern,0.38664323,33.21345,1180.0,29.6,21.1,0.0,0.0,0.0,83,35,22.4,41670.5,5.39,-5.39,2026-06-14T10:34:23.044237,open-meteo.com
2025-12-10,Jinja,Eastern,0.38664323,33.21345,1180.0,25.9,19.6,0.0,0.0,0.0,94,58,14.9,23909.34,3.19,-3.19,2026-06-14T10:34:23.044250,open-meteo.com
2025-12-11,Jinja,Eastern,0.38664323,33.21345,1180.0,28.5,18.5,0.2,0.2,2.0,90,40,9.3,41648.78,4.79,-4.59,2026-06-14T10:34:23.044263,open-meteo.com
2025-12-12,Jinja,Eastern,0.38664323,33.21345,1180.0,26.9,19.6,6.7,6.7,7.0,92,56,24.8,39786.98,4.21,2.49,2026-06-14T10:34:23.044275,open-meteo.com
2025-12-13,Jinja,Eastern,0.38664323,33.21345,1180.0,23.4,18.3,14.3,14.3,14.0,95,70,15.3,36548.45,3.07,11.23,2026-06-14T10:34:23.044287,open-meteo.com
2025-12-14,Jinja,Eastern,0.38664323,33.21345,1180.0,25.5,19.6,0.1,0.1,1.0,93,60,13.0,39230.45,4.28,-4.180000000000001,2026-06-14T10:34:23.044300,open-meteo.com
2025-12-15,Jinja,Eastern,0.38664323,33.21345,1180.0,25.8,19.0,5.4,5.4,6.0,93,58,9.4,41351.37,4.06,1.3400000000000007,2026-06-14T10:34:23.044312,open-meteo.com
2025-12-16,Jinja,Eastern,0.38664323,33.21345,1180.0,26.0,20.0,2.0,2.0,5.0,85,57,15.8,40336.75,4.25,-2.25,2026-06-14T10:34:23.044325,open-meteo.com
2025-12-17,Jinja,Eastern,0.38664323,33.21345,1180.0,25.5,18.4,9.4,9.4,6.0,96,58,19.6,30373.5,3.56,5.84,2026-06-14T10:34:23.044337,open-meteo.com
2025-12-18,Jinja,Eastern,0.38664323,33.21345,1180.0,25.7,18.9,1.3,1.3,8.0,89,56,9.7,42191.15,4.01,-2.71,2026-06-14T10:34:23.044353,open-meteo.com
2025-12-19,Jinja,Eastern,0.38664323,33.21345,1180.0,25.7,18.2,2.9,2.9,6.0,97,55,13.4,39164.21,4.04,-1.1400000000000001,2026-06-14T10:34:23.044366,open-meteo.com
2025-12-20,Jinja,Eastern,0.38664323,33.21345,1180.0,25.2,18.9,9.9,9.9,7.0,94,64,11.9,42098.23,4.21,5.69,2026-06-14T10:34:23.044378,open-meteo.com
2025-12-21,Jinja,Eastern,0.38664323,33.21345,1180.0,24.5,19.7,6.1,6.1,4.0,95,69,14.9,30807.13,3.36,2.7399999999999998,2026-06-14T10:34:23.044390,open-meteo.com
2025-12-22,Jinja,Eastern,0.38664323,33.21345,1180.0,25.3,20.9,0.3,0.3,3.0,89,63,14.0,42313.35,4.12,-3.8200000000000003,2026-06-14T10:34:23.044402,open-meteo.com
2025-12-23,Jinja,Eastern,0.38664323,33.21345,1180.0,24.7,18.9,0.3,0.3,3.0,92,65,14.9,42344.23,4.06,-3.76,2026-06-14T10:34:23.044415,open-meteo.com
2025-12-24,Jinja,Eastern,0.38664323,33.21345,1180.0,25.3,19.2,0.6,0.6,3.0,91,62,15.4,42375.07,4.22,-3.6199999999999997,2026-06-14T10:34:23.044428,open-meteo.com
2025-12-25,Jinja,Eastern,0.38664323,33.21345,1180.0,25.9,19.1,1.2,1.2,5.0,92,60,17.7,42405.75,4.24,-3.04,2026-06-14T10:34:23.044440,open-meteo.com
2025-12-26,Jinja,Eastern,0.38664323,33.21345,1180.0,26.0,19.6,2.1,2.1,5.0,97,63,16.2,42436.19,4.26,-2.1599999999999997,2026-06-14T10:34:23.044452,open-meteo.com
2025-12-27,Jinja,Eastern,0.38664323,33.21345,1180.0,25.6,20.9,0.3,0.3,2.0,91,68,12.2,41923.83,3.94,-3.64,2026-06-14T10:34:23.044464,open-meteo.com
2025-12-28,Jinja,Eastern,0.38664323,33.21345,1180.0,23.0,18.5,10.6,10.6,8.0,88,61,23.3,3418.91,2.4,8.2,2026-06-14T10:34:23.044482,open-meteo.com
2025-12-29,Jinja,Eastern,0.38664323,33.21345,1180.0,25.2,19.2,15.7,15.7,12.0,94,55,11.7,18896.1,2.85,12.85,2026-06-14T10:34:23.044510,open-meteo.com
2025-12-30,Jinja,Eastern,0.38664323,33.21345,1180.0,23.6,18.3,3.3,3.3,9.0,94,63,16.6,22566.88,2.82,0.48,2026-06-14T10:34:23.044539,open-meteo.com
2025-12-31,Jinja,Eastern,0.38664323,33.21345,1180.0,24.5,19.2,0.3,0.3,2.0,92,68,12.7,41110.32,3.98,-3.68,2026-06-14T10:34:23.044557,open-meteo.com
2026-01-01,Jinja,Eastern,0.38664323,33.21345,1180.0,25.7,19.5,1.1,1.1,4.0,92,61,13.8,36669.34,4.12,-3.02,2026-06-14T10:34:23.044570,open-meteo.com
2026-01-02,Jinja,Eastern,0.38664323,33.21345,1180.0,26.5,20.1,0.8,0.8,2.0,91,58,13.7,42634.75,4.64,-3.84,2026-06-14T10:34:23.044582,open-meteo.com
2026-01-03,Jinja,Eastern,0.38664323,33.21345,1180.0,27.0,19.8,0.3,0.3,2.0,94,52,16.8,40833.08,4.81,-4.51,2026-06-14T10:34:23.044599,open-meteo.com
2026-01-04,Jinja,Eastern,0.38664323,33.21345,1180.0,29.5,21.0,0.0,0.0,0.0,89,31,16.5,31110.01,4.64,-4.64,2026-06-14T10:34:23.044612,open-meteo.com
2026-01-05,Jinja,Eastern,0.38664323,33.21345,1180.0,23.9,19.1,6.1,6.1,9.0,92,69,17.5,41570.91,3.89,2.2099999999999995,2026-06-14T10:34:23.044624,open-meteo.com
2026-01-06,Jinja,Eastern,0.38664323,33.21345,1180.0,26.0,21.5,0.9,0.9,2.0,87,57,13.6,42739.86,4.25,-3.35,2026-06-14T10:34:23.044636,open-meteo.com
2026-01-07,Jinja,Eastern,0.38664323,33.21345,1180.0,26.0,19.8,0.3,0.3,2.0,96,59,12.2,42765.84,4.47,-4.17,2026-06-14T10:34:23.044651,open-meteo.com
2026-01-08,Jinja,Eastern,0.38664323,33.21345,1180.0,27.4,19.8,0.0,0.0,0.0,94,44,15.5,41982.78,5.13,-5.13,2026-06-14T10:34:23.044664,open-meteo.com
2026-01-09,Jinja,Eastern,0.38664323,33.21345,1180.0,26.5,19.2,0.0,0.0,0.0,94,49,13.4,42817.0,4.65,-4.65,2026-06-14T10:34:23.044676,open-meteo.com
2026-01-10,Jinja,Eastern,0.38664323,33.21345,1180.0,26.4,21.4,0.0,0.0,0.0,88,51,16.4,42842.06,4.66,-4.66,2026-06-14T10:34:23.044688,open-meteo.com
2026-01-11,Jinja,Eastern,0.38664323,33.21345,1180.0,25.4,22.0,3.8,3.8,6.0,83,59,18.4,42866.68,4.07,-0.27000000000000046,2026-06-14T10:34:23.044700,open-meteo.com
2026-01-12,Jinja,Eastern,0.38664323,33.21345,1180.0,25.5,19.5,8.1,8.1,6.0,93,63,14.5,41420.7,4.0,4.1,2026-06-14T10:34:23.044712,open-meteo.com
2026-01-13,Jinja,Eastern,0.38664323,33.21345,1180.0,26.1,20.6,0.3,0.3,2.0,90,57,14.7,41043.27,4.44,-4.140000000000001,2026-06-14T10:34:23.044724,open-meteo.com
2026-01-14,Jinja,Eastern,0.38664323,33.21345,1180.0,27.5,19.0,0.0,0.0,0.0,94,42,19.5,42937.35,5.36,-5.36,2026-06-14T10:34:23.044736,open-meteo.com
2026-01-15,Jinja,Eastern,0.38664323,33.21345,1180.0,28.1,18.8,0.0,0.0,0.0,86,35,13.9,42959.62,5.64,-5.64,2026-06-14T10:34:23.044748,open-meteo.com
2026-01-16,Jinja,Eastern,0.38664323,33.21345,1180.0,28.1,17.8,0.0,0.0,0.0,84,41,17.0,42981.16,5.68,-5.68,2026-06-14T10:34:23.044761,open-meteo.com
2026-01-17,Jinja,Eastern,0.38664323,33.21345,1180.0,27.6,17.3,0.0,0.0,0.0,89,39,18.5,43001.89,5.08,-5.08,2026-06-14T10:34:23.044776,open-meteo.com
2026-01-18,Jinja,Eastern,0.38664323,33.21345,1180.0,26.4,19.6,2.2,2.2,4.0,94,55,15.5,43021.75,4.43,-2.2299999999999995,2026-06-14T10:34:23.044789,open-meteo.com
2026-01-19,Jinja,Eastern,0.38664323,33.21345,1180.0,27.6,21.2,0.2,0.2,2.0,88,50,15.6,43040.69,4.97,-4.77,2026-06-14T10:34:23.044801,open-meteo.com
2026-01-20,Jinja,Eastern,0.38664323,33.21345,1180.0,27.6,19.7,1.6,1.6,5.0,89,53,14.4,39458.63,4.57,-2.97,2026-06-14T10:34:23.044813,open-meteo.com
2026-01-21,Jinja,Eastern,0.38664323,33.21345,1180.0,27.5,21.0,0.0,0.0,0.0,95,51,20.6,43075.52,5.16,-5.16,2026-06-14T10:34:23.044825,open-meteo.com
2026-01-22,Jinja,Eastern,0.38664323,33.21345,1180.0,29.2,19.9,0.0,0.0,0.0,91,36,17.9,43091.39,5.54,-5.54,2026-06-14T10:34:23.044837,open-meteo.com
2026-01-23,Jinja,Eastern,0.38664323,33.21345,1180.0,28.1,19.1,0.0,0.0,0.0,94,38,28.0,43106.53,5.51,-5.51,2026-06-14T10:34:23.044850,open-meteo.com
2026-01-24,Jinja,Eastern,0.38664323,33.21345,1180.0,29.4,19.9,0.0,0.0,0.0,91,34,20.7,43120.95,5.42,-5.42,2026-06-14T10:34:23.044862,open-meteo.com
2026-01-25,Jinja,Eastern,0.38664323,33.21345,1180.0,28.8,18.7,0.0,0.0,0.0,93,41,22.3,43134.66,5.52,-5.52,2026-06-14T10:34:23.044874,open-meteo.com
2026-01-26,Jinja,Eastern,0.38664323,33.21345,1180.0,27.5,19.4,2.0,2.0,3.0,90,49,18.7,43142.96,4.74,-2.74,2026-06-14T10:34:23.044908,open-meteo.com
2026-01-27,Jinja,Eastern,0.38664323,33.21345,1180.0,26.3,21.5,2.5,2.5,5.0,93,59,15.1,43143.56,4.42,-1.92,2026-06-14T10:34:23.044943,open-meteo.com
2026-01-28,Jinja,Eastern,0.38664323,33.21345,1180.0,24.6,18.8,5.2,5.2,11.0,95,65,18.9,35971.48,3.79,1.4100000000000001,2026-06-14T10:34:23.044956,open-meteo.com
2026-01-29,Jinja,Eastern,0.38664323,33.21345,1180.0,25.6,20.9,0.4,0.4,3.0,85,63,17.2,43144.8,4.52,-4.119999999999999,2026-06-14T10:34:23.044968,open-meteo.com
2026-01-30,Jinja,Eastern,0.38664323,33.21345,1180.0,26.2,22.2,1.6,1.6,4.0,89,63,15.2,43145.45,4.47,-2.8699999999999997,2026-06-14T10:34:23.044980,open-meteo.com
2026-01-31,Jinja,Eastern,0.38664323,33.21345,1180.0,26.6,20.0,13.2,13.2,5.0,95,64,23.6,42416.95,3.95,9.25,2026-06-14T10:34:23.044992,open-meteo.com
2026-02-01,Jinja,Eastern,0.38664323,33.21345,1180.0,24.5,19.6,2.1,2.1,4.0,97,65,14.0,38239.41,4.0,-1.9,2026-06-14T10:34:23.045004,open-meteo.com
2026-02-02,Jinja,Eastern,0.38664323,33.21345,1180.0,25.5,20.4,0.6,0.6,6.0,95,67,14.2,40724.73,4.4,-3.8000000000000003,2026-06-14T10:34:23.045017,open-meteo.com
2026-02-03,Jinja,Eastern,0.38664323,33.21345,1180.0,25.6,19.3,9.5,9.5,7.0,95,65,21.1,40963.86,4.44,5.06,2026-06-14T10:34:23.045029,open-meteo.com
2026-02-04,Jinja,Eastern,0.38664323,33.21345,1180.0,27.0,21.7,0.0,0.0,0.0,86,62,17.1,43116.91,5.02,-5.02,2026-06-14T10:34:23.045041,open-meteo.com
2026-02-05,Jinja,Eastern,0.38664323,33.21345,1180.0,27.2,22.3,2.5,2.5,6.0,84,55,15.7,43111.92,4.69,-2.1900000000000004,2026-06-14T10:34:23.045053,open-meteo.com
2026-02-06,Jinja,Eastern,0.38664323,33.21345,1180.0,25.7,18.2,15.5,15.5,6.0,96,55,22.2,32400.0,3.63,11.870000000000001,2026-06-14T10:34:23.045070,open-meteo.com
2026-02-07,Jinja,Eastern,0.38664323,33.21345,1180.0,25.1,21.5,1.1,1.1,3.0,86,60,19.8,41909.7,4.01,-2.9099999999999997,2026-06-14T10:34:23.045085,open-meteo.com
2026-02-08,Jinja,Eastern,0.38664323,33.21345,1180.0,25.5,20.0,2.8,2.8,6.0,92,61,16.3,40473.59,4.34,-1.54,2026-06-14T10:34:23.045097,open-meteo.com
2026-02-09,Jinja,Eastern,0.38664323,33.21345,1180.0,24.5,19.6,5.3,5.3,14.0,93,68,19.5,23541.1,2.92,2.38,2026-06-14T10:34:23.045110,open-meteo.com
2026-02-10,Jinja,Eastern,0.38664323,33.21345,1180.0,23.5,17.6,6.5,6.5,8.0,98,68,17.5,40705.47,3.91,2.59,2026-06-14T10:34:23.045122,open-meteo.com
2026-02-11,Jinja,Eastern,0.38664323,33.21345,1180.0,25.6,20.0,1.3,1.3,5.0,90,61,17.9,43097.66,4.41,-3.1100000000000003,2026-06-14T10:34:23.045134,open-meteo.com
2026-02-12,Jinja,Eastern,0.38664323,33.21345,1180.0,26.0,20.7,0.6,0.6,2.0,87,61,15.5,43098.08,4.45,-3.85,2026-06-14T10:34:23.045146,open-meteo.com
2026-02-13,Jinja,Eastern,0.38664323,33.21345,1180.0,26.5,20.0,1.3,1.3,4.0,93,62,14.9,43099.48,4.74,-3.4400000000000004,2026-06-14T10:34:23.045159,open-meteo.com
2026-02-14,Jinja,Eastern,0.38664323,33.21345,1180.0,24.3,19.6,5.5,5.5,6.0,92,69,17.1,42343.65,3.6,1.9,2026-06-14T10:34:23.045171,open-meteo.com
2026-02-15,Jinja,Eastern,0.38664323,33.21345,1180.0,24.0,19.5,0.8,0.8,6.0,91,67,20.5,43105.02,3.82,-3.0199999999999996,2026-06-14T10:34:23.045183,open-meteo.com
2026-02-16,Jinja,Eastern,0.38664323,33.21345,1180.0,26.0,19.5,3.5,3.5,3.0,95,58,15.0,39732.84,4.52,-1.0199999999999996,2026-06-14T10:34:23.045198,open-meteo.com
2026-02-17,Jinja,Eastern,0.38664323,33.21345,1180.0,25.7,20.9,3.3,3.3,5.0,89,61,19.8,30611.96,3.6,-0.30000000000000027,2026-06-14T10:34:23.045210,open-meteo.com
2026-02-18,Jinja,Eastern,0.38664323,33.21345,1180.0,25.5,20.5,1.6,1.6,5.0,91,62,18.1,43119.58,4.16,-2.56,2026-06-14T10:34:23.045222,open-meteo.com
2026-02-19,Jinja,Eastern,0.38664323,33.21345,1180.0,23.2,18.5,11.8,11.8,9.0,95,67,22.5,23891.3,2.95,8.850000000000001,2026-06-14T10:34:23.045235,open-meteo.com
2026-02-20,Jinja,Eastern,0.38664323,33.21345,1180.0,24.7,20.4,1.2,1.2,8.0,88,66,17.3,41602.03,3.55,-2.3499999999999996,2026-06-14T10:34:23.045247,open-meteo.com
2026-02-21,Jinja,Eastern,0.38664323,33.21345,1180.0,25.5,18.8,16.9,16.9,10.0,96,64,11.4,32684.47,3.97,12.929999999999998,2026-06-14T10:34:23.045275,open-meteo.com
2026-02-22,Jinja,Eastern,0.38664323,33.21345,1180.0,24.6,18.8,5.9,5.9,11.0,95,69,18.1,34398.29,3.49,2.41,2026-06-14T10:34:23.045289,open-meteo.com
2026-02-23,Jinja,Eastern,0.38664323,33.21345,1180.0,24.5,18.6,8.7,8.7,14.0,97,66,18.7,28864.04,3.89,4.809999999999999,2026-06-14T10:34:23.045302,open-meteo.com
2026-02-24,Jinja,Eastern,0.38664323,33.21345,1180.0,26.0,20.6,1.7,1.7,7.0,89,59,16.9,43165.23,4.76,-3.0599999999999996,2026-06-14T10:34:23.045317,open-meteo.com
2026-02-25,Jinja,Eastern,0.38664323,33.21345,1180.0,26.1,20.8,1.7,1.7,3.0,88,55,11.5,43166.26,4.64,-2.9399999999999995,2026-06-14T10:34:23.045330,open-meteo.com
2026-02-26,Jinja,Eastern,0.38664323,33.21345,1180.0,24.9,20.0,9.7,9.7,3.0,95,67,17.9,33446.34,3.3,6.3999999999999995,2026-06-14T10:34:23.045345,open-meteo.com
2026-02-27,Jinja,Eastern,0.38664323,33.21345,1180.0,24.6,20.2,7.1,7.1,7.0,92,64,15.2,34641.0,3.34,3.76,2026-06-14T10:34:23.045358,open-meteo.com
2026-02-28,Jinja,Eastern,0.38664323,33.21345,1180.0,24.6,18.0,18.4,18.4,12.0,95,61,12.6,18276.96,2.51,15.889999999999999,2026-06-14T10:34:23.045370,open-meteo.com
2026-03-01,Jinja,Eastern,0.38664323,33.21345,1180.0,24.1,19.5,3.9,3.9,6.0,94,65,11.5,22603.56,2.98,0.9199999999999999,2026-06-14T10:34:23.045382,open-meteo.com
2026-03-02,Jinja,Eastern,0.38664323,33.21345,1180.0,23.8,18.1,15.1,15.1,14.0,96,71,16.8,26948.72,3.42,11.68,2026-06-14T10:34:23.045394,open-meteo.com
2026-03-03,Jinja,Eastern,0.38664323,33.21345,1180.0,26.2,18.5,10.8,10.8,11.0,96,61,17.5,39529.35,4.12,6.680000000000001,2026-06-14T10:34:23.045406,open-meteo.com
2026-03-04,Jinja,Eastern,0.38664323,33.21345,1180.0,25.6,19.2,1.7,1.7,10.0,96,64,13.5,38348.99,4.08,-2.38,2026-06-14T10:34:23.045418,open-meteo.com
2026-03-05,Jinja,Eastern,0.38664323,33.21345,1180.0,24.7,19.2,22.7,22.7,17.0,98,62,11.6,32305.5,3.67,19.03,2026-06-14T10:34:23.045430,open-meteo.com
2026-03-06,Jinja,Eastern,0.38664323,33.21345,1180.0,23.4,20.0,4.2,4.2,7.0,90,74,15.6,38734.56,3.53,0.6700000000000004,2026-06-14T10:34:23.045442,open-meteo.com
2026-03-07,Jinja,Eastern,0.38664323,33.21345,1180.0,24.7,19.1,1.3,1.3,7.0,94,68,11.8,43078.87,4.16,-2.8600000000000003,2026-06-14T10:34:23.045454,open-meteo.com
2026-03-08,Jinja,Eastern,0.38664323,33.21345,1180.0,26.0,20.6,0.8,0.8,2.0,91,63,11.7,43064.65,4.37,-3.5700000000000003,2026-06-14T10:34:23.045469,open-meteo.com
2026-03-09,Jinja,Eastern,0.38664323,33.21345,1180.0,27.4,20.5,0.3,0.3,1.0,90,57,20.7,43049.92,5.02,-4.72,2026-06-14T10:34:23.045481,open-meteo.com
2026-03-10,Jinja,Eastern,0.38664323,33.21345,1180.0,24.2,19.2,26.5,26.5,10.0,96,72,19.0,28176.97,3.19,23.31,2026-06-14T10:34:23.045493,open-meteo.com
2026-03-11,Jinja,Eastern,0.38664323,33.21345,1180.0,24.2,20.2,0.4,0.4,4.0,91,70,16.0,36555.5,3.61,-3.21,2026-06-14T10:34:23.045506,open-meteo.com
2026-03-12,Jinja,Eastern,0.38664323,33.21345,1180.0,24.6,20.5,12.0,12.0,7.0,91,70,16.2,43003.16,3.93,8.07,2026-06-14T10:34:23.045518,open-meteo.com
2026-03-13,Jinja,Eastern,0.38664323,33.21345,1180.0,26.1,20.0,3.1,3.1,7.0,93,64,18.6,42986.91,4.78,-1.6800000000000002,2026-06-14T10:34:23.045530,open-meteo.com
2026-03-14,Jinja,Eastern,0.38664323,33.21345,1180.0,24.8,19.8,8.9,8.9,7.0,94,73,14.7,40358.29,3.86,5.040000000000001,2026-06-14T10:34:23.045542,open-meteo.com
2026-03-15,Jinja,Eastern,0.38664323,33.21345,1180.0,25.5,20.7,3.9,3.9,5.0,93,68,19.2,39353.78,4.19,-0.2900000000000005,2026-06-14T10:34:23.045554,open-meteo.com
2026-03-16,Jinja,Eastern,0.38664323,33.21345,1180.0,27.5,21.1,0.0,0.0,0.0,91,55,15.8,42937.01,5.21,-5.21,2026-06-14T10:34:23.045566,open-meteo.com
2026-03-17,Jinja,Eastern,0.38664323,33.21345,1180.0,27.4,19.9,0.1,0.1,1.0,91,55,12.8,42920.18,5.02,-4.92,2026-06-14T10:34:23.045578,open-meteo.com
2026-03-18,Jinja,Eastern,0.38664323,33.21345,1180.0,24.6,19.6,4.7,4.7,6.0,95,71,16.9,39934.52,3.61,1.0900000000000003,2026-06-14T10:34:23.045593,open-meteo.com
2026-03-19,Jinja,Eastern,0.38664323,33.21345,1180.0,23.6,18.8,3.7,3.7,7.0,96,71,12.4,32697.64,3.29,0.41000000000000014,2026-06-14T10:34:23.045605,open-meteo.com
2026-03-20,Jinja,Eastern,0.38664323,33.21345,1180.0,23.9,20.2,11.5,11.5,8.0,90,72,16.8,29595.8,3.3,8.2,2026-06-14T10:34:23.045617,open-meteo.com
2026-03-21,Jinja,Eastern,0.38664323,33.21345,1180.0,24.0,19.9,6.9,6.9,12.0,93,68,21.0,25538.61,2.99,3.91,2026-06-14T10:34:23.045629,open-meteo.com
2026-03-22,Jinja,Eastern,0.38664323,33.21345,1180.0,24.5,19.1,1.0,1.0,7.0,92,68,11.9,39164.81,4.11,-3.1100000000000003,2026-06-14T10:34:23.045641,open-meteo.com
2026-03-23,Jinja,Eastern,0.38664323,33.21345,1180.0,25.2,19.7,9.3,9.3,8.0,94,65,14.2,40207.66,3.98,5.32,2026-06-14T10:34:23.045653,open-meteo.com
2026-03-24,Jinja,Eastern,0.38664323,33.21345,1180.0,24.8,19.2,14.0,14.0,16.0,97,68,11.8,32004.46,3.51,10.49,2026-06-14T10:34:23.045665,open-meteo.com
2026-03-25,Jinja,Eastern,0.38664323,33.21345,1180.0,25.4,18.9,18.9,18.9,15.0,97,66,14.5,35182.88,3.89,15.009999999999998,2026-06-14T10:34:23.045677,open-meteo.com
2026-03-26,Jinja,Eastern,0.38664323,33.21345,1180.0,24.9,18.2,0.6,0.6,6.0,96,66,12.5,32006.71,4.25,-3.65,2026-06-14T10:34:23.045689,open-meteo.com
2026-03-27,Jinja,Eastern,0.38664323,33.21345,1180.0,24.2,19.6,13.8,13.8,7.0,95,68,20.2,35553.0,4.18,9.620000000000001,2026-06-14T10:34:23.045701,open-meteo.com
2026-03-28,Jinja,Eastern,0.38664323,33.21345,1180.0,24.7,18.5,7.8,7.8,8.0,96,67,10.4,36000.0,4.08,3.7199999999999998,2026-06-14T10:34:23.045716,open-meteo.com
2026-03-29,Jinja,Eastern,0.38664323,33.21345,1180.0,25.8,19.7,0.3,0.3,3.0,96,60,8.8,42717.65,4.86,-4.5600000000000005,2026-06-14T10:34:23.045728,open-meteo.com
2026-03-30,Jinja,Eastern,0.38664323,33.21345,1180.0,25.7,20.9,0.5,0.5,4.0,91,63,15.6,42699.84,4.49,-3.99,2026-06-14T10:34:23.045740,open-meteo.com
2026-03-31,Jinja,Eastern,0.38664323,33.21345,1180.0,25.0,19.2,11.0,11.0,11.0,98,71,10.3,30314.71,3.7,7.3,2026-06-14T10:34:23.045752,open-meteo.com
2026-04-01,Jinja,Eastern,0.38664323,33.21345,1180.0,25.8,19.0,0.0,0.0,0.0,98,63,9.8,41714.88,4.65,-4.65,2026-06-14T10:34:23.045764,open-meteo.com
2026-04-02,Jinja,Eastern,0.38664323,33.21345,1180.0,26.4,20.0,3.0,3.0,3.0,93,61,20.5,42646.46,4.85,-1.8499999999999996,2026-06-14T10:34:23.045777,open-meteo.com
2026-04-03,Jinja,Eastern,0.38664323,33.21345,1180.0,26.7,20.8,2.6,2.6,5.0,90,63,12.3,42628.88,4.43,-1.8299999999999996,2026-06-14T10:34:23.045789,open-meteo.com
2026-04-04,Jinja,Eastern,0.38664323,33.21345,1180.0,26.9,18.9,6.9,6.9,7.0,95,57,12.2,42611.5,4.45,2.45,2026-06-14T10:34:23.045801,open-meteo.com
2026-04-05,Jinja,Eastern,0.38664323,33.21345,1180.0,24.5,18.8,16.2,16.2,8.0,95,67,28.8,42594.37,4.22,11.98,2026-06-14T10:34:23.045812,open-meteo.com
2026-04-06,Jinja,Eastern,0.38664323,33.21345,1180.0,24.4,19.5,3.4,3.4,7.0,93,68,16.5,40454.11,3.94,-0.54,2026-06-14T10:34:23.045824,open-meteo.com
2026-04-07,Jinja,Eastern,0.38664323,33.21345,1180.0,24.5,18.2,8.6,8.6,5.0,97,68,12.1,31342.21,3.75,4.85,2026-06-14T10:34:23.045841,open-meteo.com
2026-04-08,Jinja,Eastern,0.38664323,33.21345,1180.0,25.2,20.0,0.6,0.6,6.0,94,67,14.4,42545.05,4.61,-4.010000000000001,2026-06-14T10:34:23.045853,open-meteo.com
2026-04-09,Jinja,Eastern,0.38664323,33.21345,1180.0,26.0,20.5,0.2,0.2,1.0,93,65,17.1,39962.58,4.64,-4.4399999999999995,2026-06-14T10:34:23.045865,open-meteo.com
2026-04-10,Jinja,Eastern,0.38664323,33.21345,1180.0,25.5,19.9,4.8,4.8,6.0,93,64,15.3,39462.18,4.32,0.47999999999999954,2026-06-14T10:34:23.045889,open-meteo.com
2026-04-11,Jinja,Eastern,0.38664323,33.21345,1180.0,26.6,20.6,4.5,4.5,8.0,93,60,13.1,38934.79,4.58,-0.08000000000000007,2026-06-14T10:34:23.045912,open-meteo.com
2026-04-12,Jinja,Eastern,0.38664323,33.21345,1180.0,26.5,18.9,16.5,16.5,11.0,95,66,13.9,35946.15,4.16,12.34,2026-06-14T10:34:23.045925,open-meteo.com
2026-04-13,Jinja,Eastern,0.38664323,33.21345,1180.0,24.7,19.9,2.7,2.7,8.0,94,72,16.9,41696.43,4.15,-1.4500000000000002,2026-06-14T10:34:23.045938,open-meteo.com
2026-04-14,Jinja,Eastern,0.38664323,33.21345,1180.0,26.4,21.4,0.4,0.4,1.0,92,62,14.6,42135.77,4.44,-4.04,2026-06-14T10:34:23.045951,open-meteo.com
2026-04-15,Jinja,Eastern,0.38664323,33.21345,1180.0,26.2,19.6,5.9,5.9,5.0,97,62,16.7,42443.91,4.41,1.4900000000000002,2026-06-14T10:34:23.045980,open-meteo.com
2026-04-16,Jinja,Eastern,0.38664323,33.21345,1180.0,23.8,19.6,17.7,17.7,10.0,96,74,16.8,19806.12,2.84,14.86,2026-06-14T10:34:23.046004,open-meteo.com
2026-04-17,Jinja,Eastern,0.38664323,33.21345,1180.0,25.4,20.5,2.6,2.6,2.0,93,61,11.9,41934.48,4.17,-1.5699999999999998,2026-06-14T10:34:23.046029,open-meteo.com
2026-04-18,Jinja,Eastern,0.38664323,33.21345,1180.0,25.3,20.2,1.7,1.7,4.0,90,70,16.4,32889.8,3.9,-2.2,2026-06-14T10:34:23.046052,open-meteo.com
2026-04-19,Jinja,Eastern,0.38664323,33.21345,1180.0,27.0,22.0,0.8,0.8,4.0,88,58,16.9,37755.12,4.48,-3.6800000000000006,2026-06-14T10:34:23.046074,open-meteo.com
2026-04-20,Jinja,Eastern,0.38664323,33.21345,1180.0,26.8,19.3,3.8,3.8,5.0,96,60,9.4,40557.61,4.63,-0.8300000000000001,2026-06-14T10:34:23.046097,open-meteo.com
2026-04-21,Jinja,Eastern,0.38664323,33.21345,1180.0,26.0,20.5,12.2,12.2,5.0,93,64,14.7,42368.96,4.63,7.569999999999999,2026-06-14T10:34:23.046119,open-meteo.com
2026-04-22,Jinja,Eastern,0.38664323,33.21345,1180.0,27.0,22.2,0.9,0.9,3.0,90,62,17.5,41516.65,4.86,-3.9600000000000004,2026-06-14T10:34:23.046142,open-meteo.com
2026-04-23,Jinja,Eastern,0.38664323,33.21345,1180.0,25.0,22.4,1.7,1.7,3.0,87,70,19.4,23667.62,3.32,-1.6199999999999999,2026-06-14T10:34:23.046164,open-meteo.com
2026-04-24,Jinja,Eastern,0.38664323,33.21345,1180.0,26.0,18.9,1.5,1.5,4.0,95,59,16.2,40844.84,4.43,-2.9299999999999997,2026-06-14T10:34:23.046186,open-meteo.com
2026-04-25,Jinja,Eastern,0.38664323,33.21345,1180.0,24.0,19.0,12.2,12.2,13.0,98,73,10.6,23828.61,3.06,9.139999999999999,2026-06-14T10:34:23.046208,open-meteo.com
2026-04-26,Jinja,Eastern,0.38664323,33.21345,1180.0,24.2,18.6,17.9,17.9,16.0,97,70,12.0,35399.66,3.57,14.329999999999998,2026-06-14T10:34:23.046231,open-meteo.com
2026-04-27,Jinja,Eastern,0.38664323,33.21345,1180.0,24.1,19.5,12.0,12.0,14.0,95,67,18.0,24735.94,3.1,8.9,2026-06-14T10:34:23.046257,open-meteo.com
2026-04-28,Jinja,Eastern,0.38664323,33.21345,1180.0,24.8,19.6,12.0,12.0,10.0,94,68,12.6,25737.1,2.81,9.19,2026-06-14T10:34:23.046282,open-meteo.com
2026-04-29,Jinja,Eastern,0.38664323,33.21345,1180.0,24.6,19.1,3.7,3.7,4.0,97,66,17.7,38471.09,4.06,-0.35999999999999943,2026-06-14T10:34:23.046306,open-meteo.com
2026-04-30,Jinja,Eastern,0.38664323,33.21345,1180.0,24.6,20.0,6.2,6.2,5.0,96,69,12.6,39425.46,3.64,2.56,2026-06-14T10:34:23.046319,open-meteo.com
2026-05-01,Jinja,Eastern,0.38664323,33.21345,1180.0,24.1,19.0,5.4,5.4,10.0,95,70,16.3,20955.23,2.93,2.47,2026-06-14T10:34:23.046331,open-meteo.com
2026-05-02,Jinja,Eastern,0.38664323,33.21345,1180.0,23.5,19.2,6.5,6.5,10.0,93,69,17.7,38671.33,3.48,3.02,2026-06-14T10:34:23.046343,open-meteo.com
2026-05-03,Jinja,Eastern,0.38664323,33.21345,1180.0,24.8,20.2,1.1,1.1,2.0,93,68,13.3,34210.71,3.21,-2.11,2026-06-14T10:34:23.046355,open-meteo.com
2026-05-04,Jinja,Eastern,0.38664323,33.21345,1180.0,25.5,19.9,0.6,0.6,4.0,93,66,10.8,41858.03,4.34,-3.7399999999999998,2026-06-14T10:34:23.046367,open-meteo.com
2026-05-05,Jinja,Eastern,0.38664323,33.21345,1180.0,24.9,20.6,6.5,6.5,3.0,92,70,16.4,36000.0,3.75,2.75,2026-06-14T10:34:23.046379,open-meteo.com
2026-05-06,Jinja,Eastern,0.38664323,33.21345,1180.0,25.6,21.0,3.0,3.0,6.0,92,66,17.1,35692.02,4.27,-1.2699999999999996,2026-06-14T10:34:23.046391,open-meteo.com
2026-05-07,Jinja,Eastern,0.38664323,33.21345,1180.0,25.6,20.7,0.2,0.2,2.0,94,69,8.9,31853.33,3.14,-2.94,2026-06-14T10:34:23.046407,open-meteo.com
2026-05-08,Jinja,Eastern,0.38664323,33.21345,1180.0,24.8,21.0,10.2,10.2,7.0,90,70,13.1,34789.61,3.23,6.969999999999999,2026-06-14T10:34:23.046419,open-meteo.com
2026-05-09,Jinja,Eastern,0.38664323,33.21345,1180.0,25.1,20.5,6.8,6.8,6.0,96,71,17.1,35339.29,3.32,3.48,2026-06-14T10:34:23.046431,open-meteo.com
2026-05-10,Jinja,Eastern,0.38664323,33.21345,1180.0,24.6,18.4,4.4,4.4,6.0,96,69,16.6,40346.71,3.59,0.8100000000000005,2026-06-14T10:34:23.046443,open-meteo.com
2026-05-11,Jinja,Eastern,0.38664323,33.21345,1180.0,24.8,18.6,0.2,0.2,2.0,97,64,10.8,41505.14,3.73,-3.53,2026-06-14T10:34:23.046455,open-meteo.com
2026-05-12,Jinja,Eastern,0.38664323,33.21345,1180.0,25.8,19.1,0.3,0.3,2.0,96,59,14.0,41508.56,4.56,-4.26,2026-06-14T10:34:23.046467,open-meteo.com
2026-05-13,Jinja,Eastern,0.38664323,33.21345,1180.0,25.9,22.2,2.8,2.8,6.0,86,60,12.1,40702.6,4.49,-1.6900000000000004,2026-06-14T10:34:23.046479,open-meteo.com
2026-05-14,Jinja,Eastern,0.38664323,33.21345,1180.0,24.2,20.1,5.9,5.9,10.0,93,71,13.4,32255.1,2.77,3.1300000000000003,2026-06-14T10:34:23.046491,open-meteo.com
2026-05-15,Jinja,Eastern,0.38664323,33.21345,1180.0,26.5,20.5,0.9,0.9,4.0,89,57,12.9,41681.18,4.71,-3.81,2026-06-14T10:34:23.046503,open-meteo.com
2026-05-16,Jinja,Eastern,0.38664323,33.21345,1180.0,25.1,20.5,1.0,1.0,9.0,94,66,14.2,39737.88,4.07,-3.0700000000000003,2026-06-14T10:34:23.046515,open-meteo.com
2026-05-17,Jinja,Eastern,0.38664323,33.21345,1180.0,24.9,20.9,2.9,2.9,7.0,85,63,15.4,38184.38,3.82,-0.9199999999999999,2026-06-14T10:34:23.046530,open-meteo.com
2026-05-18,Jinja,Eastern,0.38664323,33.21345,1180.0,24.9,19.9,1.3,1.3,6.0,97,67,22.5,42249.54,4.13,-2.83,2026-06-14T10:34:23.046542,open-meteo.com
2026-05-19,Jinja,Eastern,0.38664323,33.21345,1180.0,25.5,20.6,2.7,2.7,8.0,95,64,14.8,42252.38,4.28,-1.58,2026-06-14T10:34:23.046554,open-meteo.com
2026-05-20,Jinja,Eastern,0.38664323,33.21345,1180.0,25.1,21.0,0.7,0.7,3.0,89,68,14.8,42255.69,4.25,-3.55,2026-06-14T10:34:23.046566,open-meteo.com
2026-05-21,Jinja,Eastern,0.38664323,33.21345,1180.0,24.8,20.3,1.9,1.9,5.0,91,68,14.6,41364.38,3.34,-1.44,2026-06-14T10:34:23.046578,open-meteo.com
2026-05-22,Jinja,Eastern,0.38664323,33.21345,1180.0,26.2,22.0,0.1,0.1,1.0,86,60,10.2,42263.78,4.42,-4.32,2026-06-14T10:34:23.046590,open-meteo.com
2026-05-23,Jinja,Eastern,0.38664323,33.21345,1180.0,25.2,20.2,2.2,2.2,6.0,88,69,17.0,42268.83,3.83,-1.63,2026-06-14T10:34:23.046602,open-meteo.com
2026-05-24,Jinja,Eastern,0.38664323,33.21345,1180.0,25.9,22.4,0.9,0.9,2.0,86,64,20.2,42274.59,4.75,-3.85,2026-06-14T10:34:23.046614,open-meteo.com
2026-05-25,Jinja,Eastern,0.38664323,33.21345,1180.0,26.1,22.2,0.4,0.4,4.0,88,66,16.4,42281.02,4.65,-4.25,2026-06-14T10:34:23.046627,open-meteo.com
2026-05-26,Jinja,Eastern,0.38664323,33.21345,1180.0,26.1,21.5,0.2,0.2,2.0,87,63,17.1,42200.89,4.7,-4.5,2026-06-14T10:34:23.046641,open-meteo.com
2026-05-27,Jinja,Eastern,0.38664323,33.21345,1180.0,26.0,20.1,3.4,3.4,7.0,93,61,20.4,41954.79,4.4,-1.0000000000000004,2026-06-14T10:34:23.046656,open-meteo.com
2026-05-28,Jinja,Eastern,0.38664323,33.21345,1180.0,25.1,18.7,6.8,6.8,5.0,98,64,20.8,39794.74,4.32,2.4799999999999995,2026-06-14T10:34:23.046668,open-meteo.com
2026-05-29,Jinja,Eastern,0.38664323,33.21345,1180.0,25.1,18.5,9.4,9.4,6.0,96,62,18.2,36622.86,4.07,5.33,2026-06-14T10:34:23.046680,open-meteo.com
2026-05-30,Jinja,Eastern,0.38664323,33.21345,1180.0,25.5,21.5,1.1,1.1,4.0,87,62,18.3,42321.62,4.51,-3.4099999999999997,2026-06-14T10:34:23.046692,open-meteo.com
2026-05-31,Jinja,Eastern,0.38664323,33.21345,1180.0,25.5,21.0,1.6,1.6,9.0,91,63,14.3,39898.74,4.09,-2.4899999999999998,2026-06-14T10:34:23.046704,open-meteo.com
2026-06-01,Jinja,Eastern,0.38664323,33.21345,1180.0,25.6,18.8,8.1,8.1,9.0,98,64,14.3,42200.0,4.45,3.6499999999999995,2026-06-14T10:34:23.046716,open-meteo.com
2026-06-02,Jinja,Eastern,0.38664323,33.21345,1180.0,25.5,18.8,4.9,4.9,9.0,98,64,16.4,42198.73,4.26,0.6400000000000006,2026-06-14T10:34:23.046728,open-meteo.com
2026-06-03,Jinja,Eastern,0.38664323,33.21345,1180.0,25.5,20.2,1.2,1.2,8.0,98,64,9.1,40456.84,4.02,-2.8199999999999994,2026-06-14T10:34:23.046740,open-meteo.com
2026-06-04,Jinja,Eastern,0.38664323,33.21345,1180.0,25.6,18.8,5.0,5.0,10.0,98,65,12.3,35533.69,4.0,1.0,2026-06-14T10:34:23.046752,open-meteo.com
2026-06-05,Jinja,Eastern,0.38664323,33.21345,1180.0,26.0,21.2,0.3,0.3,2.0,91,63,13.8,41944.23,4.31,-4.01,2026-06-14T10:34:23.046767,open-meteo.com
2026-06-06,Jinja,Eastern,0.38664323,33.21345,1180.0,25.5,20.2,1.1,1.1,5.0,95,68,13.7,39235.34,4.06,-2.9599999999999995,2026-06-14T10:34:23.046782,open-meteo.com
2026-06-07,Jinja,Eastern,0.38664323,33.21345,1180.0,25.9,20.1,1.2,1.2,6.0,96,65,13.9,36333.86,3.63,-2.4299999999999997,2026-06-14T10:34:23.046794,open-meteo.com
2026-06-08,Jinja,Eastern,0.38664323,33.21345,1180.0,26.0,21.8,0.3,0.3,3.0,89,62,16.9,42415.86,4.39,-4.09,2026-06-14T10:34:23.046806,open-meteo.com
2026-06-09,Jinja,Eastern,0.38664323,33.21345,1180.0,26.6,21.5,0.6,0.6,5.0,90,57,14.7,41683.18,4.26,-3.6599999999999997,2026-06-14T10:34:23.046818,open-meteo.com
2026-06-10,Jinja,Eastern,0.38664323,33.21345,1180.0,25.9,21.5,0.6,0.6,5.0,89,63,11.3,42326.53,4.13,-3.53,2026-06-14T10:34:23.046830,open-meteo.com
2026-06-11,Jinja,Eastern,0.38664323,33.21345,1180.0,26.2,20.0,1.9,1.9,8.0,96,64,13.9,42448.87,4.11,-2.2100000000000004,2026-06-14T10:34:23.046842,open-meteo.com
2026-06-12,Jinja,Eastern,0.38664323,33.21345,1180.0,26.1,20.8,0.8,0.8,4.0,95,59,14.5,41922.17,4.37,-3.5700000000000003,2026-06-14T10:34:23.046854,open-meteo.com
2026-06-13,Jinja,Eastern,0.38664323,33.21345,1180.0,26.0,22.0,0.6,0.6,5.0,87,59,16.9,42472.5,4.65,-4.050000000000001,2026-06-14T10:34:23.046866,open-meteo.com
2026-06-14,Jinja,Eastern,0.38664323,33.21345,1180.0,25.3,22.2,0.3,0.3,2.0,81,63,17.8,42485.02,4.66,-4.36,2026-06-14T10:34:23.046895,open-meteo.com
2025-06-14,Arua,West Nile,3.0579963,30.894438,1211.0,30.6,19.8,1.2,1.2,3.0,78,32,18.2,43200.0,5.24,-4.04,2026-06-14T10:34:32.459850,open-meteo.com
2025-06-15,Arua,West Nile,3.0579963,30.894438,1211.0,30.4,18.5,0.0,0.0,0.0,78,35,17.3,43200.0,5.51,-5.51,2026-06-14T10:34:32.459980,open-meteo.com
2025-06-16,Arua,West Nile,3.0579963,30.894438,1211.0,30.4,19.5,0.1,0.1,1.0,82,28,19.1,43131.74,5.31,-5.21,2026-06-14T10:34:32.460034,open-meteo.com
2025-06-17,Arua,West Nile,3.0579963,30.894438,1211.0,25.4,19.0,14.5,14.5,9.0,90,59,18.5,43099.24,3.37,11.129999999999999,2026-06-14T10:34:32.460083,open-meteo.com
2025-06-18,Arua,West Nile,3.0579963,30.894438,1211.0,25.5,18.2,3.7,3.7,13.0,94,59,17.5,14322.25,2.54,1.1600000000000001,2026-06-14T10:34:32.460131,open-meteo.com
2025-06-19,Arua,West Nile,3.0579963,30.894438,1211.0,24.1,17.9,7.5,7.5,8.0,96,64,16.7,24964.26,2.7,4.8,2026-06-14T10:34:32.460199,open-meteo.com
2025-06-20,Arua,West Nile,3.0579963,30.894438,1211.0,26.5,17.2,1.5,1.5,3.0,97,53,12.5,32208.41,3.47,-1.9700000000000002,2026-06-14T10:34:32.460248,open-meteo.com
2025-06-21,Arua,West Nile,3.0579963,30.894438,1211.0,27.0,17.3,0.1,0.1,1.0,91,52,10.3,43200.0,4.51,-4.41,2026-06-14T10:34:32.460295,open-meteo.com
2025-06-22,Arua,West Nile,3.0579963,30.894438,1211.0,26.8,18.3,1.1,1.1,4.0,92,56,13.7,40253.77,4.16,-3.06,2026-06-14T10:34:32.460342,open-meteo.com
2025-06-23,Arua,West Nile,3.0579963,30.894438,1211.0,26.3,18.0,1.0,1.0,4.0,93,56,11.2,43200.0,4.41,-3.41,2026-06-14T10:34:32.460388,open-meteo.com
2025-06-24,Arua,West Nile,3.0579963,30.894438,1211.0,24.5,18.1,20.2,20.2,15.0,97,60,16.1,25200.0,2.69,17.509999999999998,2026-06-14T10:34:32.460435,open-meteo.com
2025-06-25,Arua,West Nile,3.0579963,30.894438,1211.0,26.1,17.1,0.1,0.1,1.0,100,55,14.2,37461.09,4.23,-4.130000000000001,2026-06-14T10:34:32.460481,open-meteo.com
2025-06-26,Arua,West Nile,3.0579963,30.894438,1211.0,27.8,18.6,0.4,0.4,2.0,83,51,13.5,43200.0,4.88,-4.4799999999999995,2026-06-14T10:34:32.460528,open-meteo.com
2025-06-27,Arua,West Nile,3.0579963,30.894438,1211.0,28.1,18.5,0.2,0.2,2.0,90,46,14.7,40808.18,4.44,-4.24,2026-06-14T10:34:32.460575,open-meteo.com
2025-06-28,Arua,West Nile,3.0579963,30.894438,1211.0,27.2,17.9,5.0,5.0,5.0,95,53,16.1,36000.0,3.85,1.15,2026-06-14T10:34:32.460623,open-meteo.com
2025-06-29,Arua,West Nile,3.0579963,30.894438,1211.0,25.5,18.3,4.4,4.4,4.0,99,57,16.1,27476.94,2.95,1.4500000000000002,2026-06-14T10:34:32.460682,open-meteo.com
2025-06-30,Arua,West Nile,3.0579963,30.894438,1211.0,26.0,17.5,0.5,0.5,4.0,94,52,16.7,38973.55,4.05,-3.55,2026-06-14T10:34:32.460731,open-meteo.com
2025-07-01,Arua,West Nile,3.0579963,30.894438,1211.0,23.6,17.2,2.4,2.4,6.0,99,68,9.9,31422.31,2.71,-0.31000000000000005,2026-06-14T10:34:32.460779,open-meteo.com
2025-07-02,Arua,West Nile,3.0579963,30.894438,1211.0,26.9,17.8,0.9,0.9,2.0,97,46,15.6,43200.0,4.38,-3.48,2026-06-14T10:34:32.460825,open-meteo.com
2025-07-03,Arua,West Nile,3.0579963,30.894438,1211.0,26.2,18.0,0.4,0.4,3.0,95,50,14.9,43200.0,3.99,-3.5900000000000003,2026-06-14T10:34:32.460872,open-meteo.com
2025-07-04,Arua,West Nile,3.0579963,30.894438,1211.0,28.0,17.3,12.3,12.3,6.0,96,46,12.5,36486.19,4.09,8.21,2026-06-14T10:34:32.460957,open-meteo.com
2025-07-05,Arua,West Nile,3.0579963,30.894438,1211.0,27.0,17.1,0.4,0.4,4.0,95,52,11.9,39617.0,4.14,-3.7399999999999998,2026-06-14T10:34:32.461004,open-meteo.com
2025-07-06,Arua,West Nile,3.0579963,30.894438,1211.0,26.6,16.7,3.9,3.9,6.0,96,53,17.8,43180.28,3.51,0.3900000000000001,2026-06-14T10:34:32.461050,open-meteo.com
2025-07-07,Arua,West Nile,3.0579963,30.894438,1211.0,25.5,17.6,3.7,3.7,7.0,96,58,19.1,39540.86,3.27,0.43000000000000016,2026-06-14T10:34:32.461096,open-meteo.com
2025-07-08,Arua,West Nile,3.0579963,30.894438,1211.0,26.8,17.3,0.5,0.5,5.0,97,49,16.7,27368.21,3.55,-3.05,2026-06-14T10:34:32.461142,open-meteo.com
2025-07-09,Arua,West Nile,3.0579963,30.894438,1211.0,24.0,17.1,8.1,8.1,18.0,99,63,9.9,15763.65,2.43,5.67,2026-06-14T10:34:32.461189,open-meteo.com
2025-07-10,Arua,West Nile,3.0579963,30.894438,1211.0,23.3,17.4,6.0,6.0,19.0,98,69,11.9,35985.66,2.69,3.31,2026-06-14T10:34:32.461236,open-meteo.com
2025-07-11,Arua,West Nile,3.0579963,30.894438,1211.0,24.2,16.4,0.2,0.2,2.0,97,63,11.4,23927.43,2.69,-2.4899999999999998,2026-06-14T10:34:32.461282,open-meteo.com
2025-07-12,Arua,West Nile,3.0579963,30.894438,1211.0,25.3,17.3,4.8,4.8,5.0,97,61,11.6,36176.79,3.81,0.9899999999999998,2026-06-14T10:34:32.461328,open-meteo.com
2025-07-13,Arua,West Nile,3.0579963,30.894438,1211.0,25.0,17.0,7.7,7.7,10.0,98,64,10.8,39600.0,3.54,4.16,2026-06-14T10:34:32.461374,open-meteo.com
2025-07-14,Arua,West Nile,3.0579963,30.894438,1211.0,25.0,16.5,8.0,8.0,11.0,99,61,15.5,41227.6,3.41,4.59,2026-06-14T10:34:32.461421,open-meteo.com
2025-07-15,Arua,West Nile,3.0579963,30.894438,1211.0,24.4,16.9,8.2,8.2,10.0,97,68,13.9,39805.98,3.73,4.469999999999999,2026-06-14T10:34:32.461467,open-meteo.com
2025-07-16,Arua,West Nile,3.0579963,30.894438,1211.0,26.2,15.6,10.4,10.4,11.0,100,57,10.9,38325.57,3.74,6.66,2026-06-14T10:34:32.461513,open-meteo.com
2025-07-17,Arua,West Nile,3.0579963,30.894438,1211.0,25.2,16.4,0.8,0.8,7.0,100,60,11.1,33081.61,3.23,-2.4299999999999997,2026-06-14T10:34:32.461560,open-meteo.com
2025-07-18,Arua,West Nile,3.0579963,30.894438,1211.0,25.9,16.8,0.7,0.7,5.0,97,55,10.9,41567.09,4.29,-3.59,2026-06-14T10:34:32.461607,open-meteo.com
2025-07-19,Arua,West Nile,3.0579963,30.894438,1211.0,25.9,16.5,2.8,2.8,6.0,95,62,9.5,43200.0,4.18,-1.38,2026-06-14T10:34:32.461654,open-meteo.com
2025-07-20,Arua,West Nile,3.0579963,30.894438,1211.0,26.1,17.0,7.8,7.8,10.0,99,60,12.2,43014.96,3.47,4.33,2026-06-14T10:34:32.461700,open-meteo.com
2025-07-21,Arua,West Nile,3.0579963,30.894438,1211.0,25.7,17.5,5.3,5.3,9.0,96,61,19.2,40655.36,3.47,1.8299999999999996,2026-06-14T10:34:32.461747,open-meteo.com
2025-07-22,Arua,West Nile,3.0579963,30.894438,1211.0,24.9,17.8,18.8,18.8,11.0,97,65,16.2,37445.58,3.36,15.440000000000001,2026-06-14T10:34:32.461793,open-meteo.com
2025-07-23,Arua,West Nile,3.0579963,30.894438,1211.0,25.5,17.3,3.0,3.0,7.0,96,64,10.2,43200.0,4.02,-1.0199999999999996,2026-06-14T10:34:32.461839,open-meteo.com
2025-07-24,Arua,West Nile,3.0579963,30.894438,1211.0,25.8,17.0,2.3,2.3,7.0,96,55,16.9,39536.7,3.74,-1.4400000000000004,2026-06-14T10:34:32.461925,open-meteo.com
2025-07-25,Arua,West Nile,3.0579963,30.894438,1211.0,25.4,17.0,0.6,0.6,2.0,98,60,14.8,39600.0,4.12,-3.52,2026-06-14T10:34:32.461976,open-meteo.com
2025-07-26,Arua,West Nile,3.0579963,30.894438,1211.0,25.9,16.9,0.5,0.5,3.0,99,56,14.4,41778.97,4.09,-3.59,2026-06-14T10:34:32.462023,open-meteo.com
2025-07-27,Arua,West Nile,3.0579963,30.894438,1211.0,26.4,17.3,0.6,0.6,5.0,98,55,15.5,42948.99,4.39,-3.7899999999999996,2026-06-14T10:34:32.462070,open-meteo.com
2025-07-28,Arua,West Nile,3.0579963,30.894438,1211.0,26.5,17.9,4.6,4.6,9.0,95,61,9.8,43200.0,4.09,0.5099999999999998,2026-06-14T10:34:32.462117,open-meteo.com
2025-07-29,Arua,West Nile,3.0579963,30.894438,1211.0,25.1,17.1,1.8,1.8,1.0,100,57,13.3,36000.0,3.56,-1.76,2026-06-14T10:34:32.462163,open-meteo.com
2025-07-30,Arua,West Nile,3.0579963,30.894438,1211.0,27.4,16.6,0.0,0.0,0.0,93,41,18.0,43200.0,5.1,-5.1,2026-06-14T10:34:32.462211,open-meteo.com
2025-07-31,Arua,West Nile,3.0579963,30.894438,1211.0,28.0,19.1,0.0,0.0,0.0,76,41,13.6,43200.0,5.34,-5.34,2026-06-14T10:34:32.462257,open-meteo.com
2025-08-01,Arua,West Nile,3.0579963,30.894438,1211.0,27.0,16.9,1.0,1.0,5.0,95,53,15.1,31213.2,4.1,-3.0999999999999996,2026-06-14T10:34:32.462303,open-meteo.com
2025-08-02,Arua,West Nile,3.0579963,30.894438,1211.0,26.2,17.4,11.2,11.2,10.0,94,53,23.0,39892.64,4.26,6.9399999999999995,2026-06-14T10:34:32.462350,open-meteo.com
2025-08-03,Arua,West Nile,3.0579963,30.894438,1211.0,24.9,17.6,23.5,23.5,14.0,98,62,22.8,8591.77,2.32,21.18,2026-06-14T10:34:32.462395,open-meteo.com
2025-08-04,Arua,West Nile,3.0579963,30.894438,1211.0,24.9,17.8,2.0,2.0,7.0,100,60,10.4,40809.32,4.07,-2.0700000000000003,2026-06-14T10:34:32.462442,open-meteo.com
2025-08-05,Arua,West Nile,3.0579963,30.894438,1211.0,26.1,17.0,10.0,10.0,11.0,100,58,16.6,37894.12,3.98,6.02,2026-06-14T10:34:32.462488,open-meteo.com
2025-08-06,Arua,West Nile,3.0579963,30.894438,1211.0,24.5,17.4,25.8,25.8,12.0,96,68,17.1,38394.89,3.21,22.59,2026-06-14T10:34:32.462535,open-meteo.com
2025-08-07,Arua,West Nile,3.0579963,30.894438,1211.0,23.6,16.7,10.3,10.3,7.0,96,66,20.6,43200.0,3.31,6.99,2026-06-14T10:34:32.462582,open-meteo.com
2025-08-08,Arua,West Nile,3.0579963,30.894438,1211.0,23.0,17.1,6.8,6.8,7.0,97,75,19.3,22759.32,2.37,4.43,2026-06-14T10:34:32.462662,open-meteo.com
2025-08-09,Arua,West Nile,3.0579963,30.894438,1211.0,24.6,17.2,0.8,0.8,7.0,98,63,13.3,36913.92,3.34,-2.54,2026-06-14T10:34:32.462706,open-meteo.com
2025-08-10,Arua,West Nile,3.0579963,30.894438,1211.0,25.5,16.3,8.3,8.3,2.0,98,61,17.6,36000.0,4.25,4.050000000000001,2026-06-14T10:34:32.462747,open-meteo.com
2025-08-11,Arua,West Nile,3.0579963,30.894438,1211.0,24.7,16.5,11.3,11.3,12.0,95,61,11.3,39687.21,3.38,7.920000000000001,2026-06-14T10:34:32.462787,open-meteo.com
2025-08-12,Arua,West Nile,3.0579963,30.894438,1211.0,25.8,16.4,5.8,5.8,10.0,98,65,11.8,38996.77,3.78,2.02,2026-06-14T10:34:32.462827,open-meteo.com
2025-08-13,Arua,West Nile,3.0579963,30.894438,1211.0,25.1,17.2,2.2,2.2,10.0,99,63,12.4,36585.84,4.02,-1.8199999999999994,2026-06-14T10:34:32.462868,open-meteo.com
2025-08-14,Arua,West Nile,3.0579963,30.894438,1211.0,25.5,17.0,6.1,6.1,10.0,98,65,11.6,38589.02,4.0,2.0999999999999996,2026-06-14T10:34:32.462937,open-meteo.com
2025-08-15,Arua,West Nile,3.0579963,30.894438,1211.0,25.6,16.8,16.2,16.2,6.0,98,62,18.0,39006.59,3.47,12.729999999999999,2026-06-14T10:34:32.462980,open-meteo.com
2025-08-16,Arua,West Nile,3.0579963,30.894438,1211.0,24.4,17.2,4.1,4.1,5.0,95,63,26.6,41284.08,3.71,0.3899999999999997,2026-06-14T10:34:32.463021,open-meteo.com
2025-08-17,Arua,West Nile,3.0579963,30.894438,1211.0,24.2,16.8,1.9,1.9,6.0,97,69,22.9,31520.45,2.86,-0.96,2026-06-14T10:34:32.463062,open-meteo.com
2025-08-18,Arua,West Nile,3.0579963,30.894438,1211.0,24.9,16.9,16.1,16.1,10.0,97,63,15.5,32251.04,3.24,12.860000000000001,2026-06-14T10:34:32.463115,open-meteo.com
2025-08-19,Arua,West Nile,3.0579963,30.894438,1211.0,24.0,16.8,2.1,2.1,7.0,95,64,17.4,26091.21,2.9,-0.7999999999999998,2026-06-14T10:34:32.463156,open-meteo.com
2025-08-20,Arua,West Nile,3.0579963,30.894438,1211.0,25.5,17.2,0.3,0.3,2.0,95,56,14.5,31777.42,3.98,-3.68,2026-06-14T10:34:32.463197,open-meteo.com
2025-08-21,Arua,West Nile,3.0579963,30.894438,1211.0,23.8,17.6,6.6,6.6,9.0,95,66,14.6,25006.68,2.8,3.8,2026-06-14T10:34:32.463237,open-meteo.com
2025-08-22,Arua,West Nile,3.0579963,30.894438,1211.0,26.4,16.4,2.6,2.6,6.0,95,51,16.7,37550.73,4.04,-1.44,2026-06-14T10:34:32.463278,open-meteo.com
2025-08-23,Arua,West Nile,3.0579963,30.894438,1211.0,25.1,17.5,1.0,1.0,4.0,98,64,18.4,21252.32,2.85,-1.85,2026-06-14T10:34:32.463318,open-meteo.com
2025-08-24,Arua,West Nile,3.0579963,30.894438,1211.0,25.3,17.2,1.0,1.0,9.0,95,58,15.4,42662.16,4.02,-3.0199999999999996,2026-06-14T10:34:32.463359,open-meteo.com
2025-08-25,Arua,West Nile,3.0579963,30.894438,1211.0,24.1,16.5,10.4,10.4,12.0,99,69,16.6,39642.15,3.11,7.290000000000001,2026-06-14T10:34:32.463399,open-meteo.com
2025-08-26,Arua,West Nile,3.0579963,30.894438,1211.0,25.8,16.4,2.4,2.4,9.0,100,56,11.5,35743.61,4.12,-1.7200000000000002,2026-06-14T10:34:32.463440,open-meteo.com
2025-08-27,Arua,West Nile,3.0579963,30.894438,1211.0,26.2,16.5,2.7,2.7,4.0,96,54,6.7,33907.38,3.62,-0.9199999999999999,2026-06-14T10:34:32.463480,open-meteo.com
2025-08-28,Arua,West Nile,3.0579963,30.894438,1211.0,26.9,15.8,7.3,7.3,5.0,98,52,14.4,43172.19,4.64,2.66,2026-06-14T10:34:32.463542,open-meteo.com
2025-08-29,Arua,West Nile,3.0579963,30.894438,1211.0,26.6,17.5,0.5,0.5,4.0,88,51,11.8,43149.33,4.77,-4.27,2026-06-14T10:34:32.463584,open-meteo.com
2025-08-30,Arua,West Nile,3.0579963,30.894438,1211.0,26.4,16.9,1.7,1.7,3.0,96,51,12.4,42503.27,4.56,-2.8599999999999994,2026-06-14T10:34:32.463627,open-meteo.com
2025-08-31,Arua,West Nile,3.0579963,30.894438,1211.0,26.0,17.5,8.9,8.9,10.0,97,56,18.1,42940.92,4.38,4.5200000000000005,2026-06-14T10:34:32.463667,open-meteo.com
2025-09-01,Arua,West Nile,3.0579963,30.894438,1211.0,24.5,17.0,0.0,0.0,0.0,86,59,13.4,29717.01,2.91,-2.91,2026-06-14T10:34:32.463709,open-meteo.com
2025-09-02,Arua,West Nile,3.0579963,30.894438,1211.0,25.8,17.4,2.2,2.2,5.0,94,60,13.5,41714.05,3.89,-1.69,2026-06-14T10:34:32.463749,open-meteo.com
2025-09-03,Arua,West Nile,3.0579963,30.894438,1211.0,26.4,17.1,5.5,5.5,8.0,98,54,11.5,38700.16,4.4,1.0999999999999996,2026-06-14T10:34:32.463790,open-meteo.com
2025-09-04,Arua,West Nile,3.0579963,30.894438,1211.0,27.8,17.7,0.9,0.9,5.0,90,47,12.9,43009.46,4.92,-4.02,2026-06-14T10:34:32.463830,open-meteo.com
2025-09-05,Arua,West Nile,3.0579963,30.894438,1211.0,27.2,16.6,2.1,2.1,6.0,98,52,10.8,42985.35,4.37,-2.27,2026-06-14T10:34:32.463871,open-meteo.com
2025-09-06,Arua,West Nile,3.0579963,30.894438,1211.0,25.5,16.8,15.3,15.3,10.0,96,63,15.1,30598.16,3.52,11.780000000000001,2026-06-14T10:34:32.463965,open-meteo.com
2025-09-07,Arua,West Nile,3.0579963,30.894438,1211.0,26.8,16.4,3.3,3.3,7.0,98,57,9.7,42935.49,4.67,-1.37,2026-06-14T10:34:32.464053,open-meteo.com
2025-09-08,Arua,West Nile,3.0579963,30.894438,1211.0,26.7,17.0,11.2,11.2,11.0,95,60,14.7,38254.94,4.3,6.8999999999999995,2026-06-14T10:34:32.464129,open-meteo.com
2025-09-09,Arua,West Nile,3.0579963,30.894438,1211.0,27.0,17.6,2.3,2.3,8.0,96,54,19.1,42883.87,4.52,-2.2199999999999998,2026-06-14T10:34:32.464204,open-meteo.com
2025-09-10,Arua,West Nile,3.0579963,30.894438,1211.0,25.9,17.0,10.1,10.1,10.0,96,59,13.2,42857.55,3.94,6.16,2026-06-14T10:34:32.464279,open-meteo.com
2025-09-11,Arua,West Nile,3.0579963,30.894438,1211.0,27.0,17.1,3.2,3.2,6.0,96,54,14.4,42830.97,4.8,-1.5999999999999996,2026-06-14T10:34:32.464367,open-meteo.com
2025-09-12,Arua,West Nile,3.0579963,30.894438,1211.0,26.0,17.5,0.3,0.3,2.0,94,59,15.3,25038.66,3.32,-3.02,2026-06-14T10:34:32.464433,open-meteo.com
2025-09-13,Arua,West Nile,3.0579963,30.894438,1211.0,26.1,16.5,5.4,5.4,8.0,97,55,16.0,36206.73,3.56,1.8400000000000003,2026-06-14T10:34:32.464499,open-meteo.com
2025-09-14,Arua,West Nile,3.0579963,30.894438,1211.0,26.6,15.9,0.1,0.1,1.0,99,54,10.0,42750.29,5.05,-4.95,2026-06-14T10:34:32.464565,open-meteo.com
2025-09-15,Arua,West Nile,3.0579963,30.894438,1211.0,25.8,17.3,10.1,10.1,5.0,93,56,17.2,42480.03,4.14,5.96,2026-06-14T10:34:32.464639,open-meteo.com
2025-09-16,Arua,West Nile,3.0579963,30.894438,1211.0,26.8,16.6,7.4,7.4,10.0,100,54,14.5,29931.48,3.93,3.47,2026-06-14T10:34:32.464709,open-meteo.com
2025-09-17,Arua,West Nile,3.0579963,30.894438,1211.0,27.4,15.9,0.0,0.0,0.0,97,52,8.7,42669.46,5.1,-5.1,2026-06-14T10:34:32.464796,open-meteo.com
2025-09-18,Arua,West Nile,3.0579963,30.894438,1211.0,28.0,18.9,2.7,2.7,5.0,87,55,13.8,39432.09,4.43,-1.7299999999999995,2026-06-14T10:34:32.464875,open-meteo.com
2025-09-19,Arua,West Nile,3.0579963,30.894438,1211.0,26.9,18.4,1.5,1.5,8.0,100,57,16.1,36475.76,4.12,-2.62,2026-06-14T10:34:32.464987,open-meteo.com
2025-09-20,Arua,West Nile,3.0579963,30.894438,1211.0,26.3,17.2,3.2,3.2,12.0,99,56,13.7,39266.56,3.75,-0.5499999999999998,2026-06-14T10:34:32.465061,open-meteo.com
2025-09-21,Arua,West Nile,3.0579963,30.894438,1211.0,26.5,17.4,0.2,0.2,2.0,97,48,11.5,42564.31,4.48,-4.28,2026-06-14T10:34:32.465136,open-meteo.com
2025-09-22,Arua,West Nile,3.0579963,30.894438,1211.0,27.2,17.1,1.3,1.3,3.0,93,52,15.1,42538.89,4.87,-3.5700000000000003,2026-06-14T10:34:32.465214,open-meteo.com
2025-09-23,Arua,West Nile,3.0579963,30.894438,1211.0,27.5,16.4,1.1,1.1,8.0,97,51,16.1,42513.94,4.76,-3.6599999999999997,2026-06-14T10:34:32.465288,open-meteo.com
2025-09-24,Arua,West Nile,3.0579963,30.894438,1211.0,25.2,17.9,14.4,14.4,11.0,98,64,14.3,33237.85,3.16,11.24,2026-06-14T10:34:32.465363,open-meteo.com
2025-09-25,Arua,West Nile,3.0579963,30.894438,1211.0,27.0,17.1,8.0,8.0,5.0,99,52,16.0,38708.52,4.14,3.8600000000000003,2026-06-14T10:34:32.465430,open-meteo.com
2025-09-26,Arua,West Nile,3.0579963,30.894438,1211.0,26.1,17.2,0.3,0.3,2.0,98,59,15.3,42439.59,4.09,-3.79,2026-06-14T10:34:32.465538,open-meteo.com
2025-09-27,Arua,West Nile,3.0579963,30.894438,1211.0,27.3,17.0,16.7,16.7,8.0,95,54,14.6,39359.16,4.56,12.14,2026-06-14T10:34:32.465676,open-meteo.com
2025-09-28,Arua,West Nile,3.0579963,30.894438,1211.0,27.1,17.8,0.2,0.2,2.0,90,55,9.0,42389.41,4.94,-4.74,2026-06-14T10:34:32.465747,open-meteo.com
2025-09-29,Arua,West Nile,3.0579963,30.894438,1211.0,27.7,17.5,0.7,0.7,1.0,98,48,14.6,42364.31,4.97,-4.27,2026-06-14T10:34:32.465815,open-meteo.com
2025-09-30,Arua,West Nile,3.0579963,30.894438,1211.0,29.0,18.0,4.8,4.8,8.0,97,46,14.6,40998.1,4.84,-0.040000000000000036,2026-06-14T10:34:32.465999,open-meteo.com
2025-10-01,Arua,West Nile,3.0579963,30.894438,1211.0,26.0,17.8,2.5,2.5,6.0,98,58,20.8,35928.21,4.04,-1.54,2026-06-14T10:34:32.466089,open-meteo.com
2025-10-02,Arua,West Nile,3.0579963,30.894438,1211.0,25.8,18.0,0.5,0.5,3.0,95,60,17.6,42289.74,4.11,-3.6100000000000003,2026-06-14T10:34:32.466168,open-meteo.com
2025-10-03,Arua,West Nile,3.0579963,30.894438,1211.0,25.2,17.7,3.3,3.3,10.0,97,60,17.4,20750.66,2.82,0.48,2026-06-14T10:34:32.466260,open-meteo.com
2025-10-04,Arua,West Nile,3.0579963,30.894438,1211.0,26.1,17.6,12.8,12.8,8.0,98,59,14.4,39600.0,4.21,8.59,2026-06-14T10:34:32.466348,open-meteo.com
2025-10-05,Arua,West Nile,3.0579963,30.894438,1211.0,26.3,16.6,2.9,2.9,5.0,95,58,12.3,37940.1,4.23,-1.3300000000000005,2026-06-14T10:34:32.466449,open-meteo.com
2025-10-06,Arua,West Nile,3.0579963,30.894438,1211.0,24.9,16.8,14.9,14.9,9.0,98,63,12.6,28248.88,3.08,11.82,2026-06-14T10:34:32.466566,open-meteo.com
2025-10-07,Arua,West Nile,3.0579963,30.894438,1211.0,26.0,17.1,6.9,6.9,6.0,98,60,17.2,42017.25,4.64,2.2600000000000007,2026-06-14T10:34:32.466661,open-meteo.com
2025-10-08,Arua,West Nile,3.0579963,30.894438,1211.0,26.1,17.5,4.6,4.6,8.0,98,57,13.5,41104.43,4.63,-0.03000000000000025,2026-06-14T10:34:32.466738,open-meteo.com
2025-10-09,Arua,West Nile,3.0579963,30.894438,1211.0,25.6,17.4,3.6,3.6,9.0,96,59,13.9,42127.85,4.26,-0.6599999999999997,2026-06-14T10:34:32.466843,open-meteo.com
2025-10-10,Arua,West Nile,3.0579963,30.894438,1211.0,27.2,17.2,0.0,0.0,0.0,96,52,17.0,42107.01,5.12,-5.12,2026-06-14T10:34:32.466982,open-meteo.com
2025-10-11,Arua,West Nile,3.0579963,30.894438,1211.0,27.2,18.2,1.4,1.4,2.0,83,50,15.2,42086.93,4.61,-3.2100000000000004,2026-06-14T10:34:32.467064,open-meteo.com
2025-10-12,Arua,West Nile,3.0579963,30.894438,1211.0,28.1,18.2,3.1,3.1,5.0,95,46,16.4,39600.0,4.52,-1.4199999999999995,2026-06-14T10:34:32.467176,open-meteo.com
2025-10-13,Arua,West Nile,3.0579963,30.894438,1211.0,28.2,17.6,0.5,0.5,2.0,95,47,15.5,41863.02,4.6,-4.1,2026-06-14T10:34:32.467310,open-meteo.com
2025-10-14,Arua,West Nile,3.0579963,30.894438,1211.0,27.5,18.2,0.2,0.2,2.0,92,50,16.9,41642.21,4.63,-4.43,2026-06-14T10:34:32.467406,open-meteo.com
2025-10-15,Arua,West Nile,3.0579963,30.894438,1211.0,27.1,17.6,1.1,1.1,8.0,92,49,15.5,42014.47,4.63,-3.53,2026-06-14T10:34:32.467481,open-meteo.com
2025-10-16,Arua,West Nile,3.0579963,30.894438,1211.0,26.6,17.6,4.2,4.2,7.0,92,55,13.0,35896.68,3.74,0.45999999999999996,2026-06-14T10:34:32.467571,open-meteo.com
2025-10-17,Arua,West Nile,3.0579963,30.894438,1211.0,25.5,18.0,0.4,0.4,4.0,92,57,12.9,41443.82,4.31,-3.9099999999999997,2026-06-14T10:34:32.467696,open-meteo.com
2025-10-18,Arua,West Nile,3.0579963,30.894438,1211.0,27.1,18.0,8.6,8.6,11.0,97,55,13.7,41455.11,4.62,3.9799999999999995,2026-06-14T10:34:32.467787,open-meteo.com
2025-10-19,Arua,West Nile,3.0579963,30.894438,1211.0,26.6,18.5,8.3,8.3,9.0,99,59,13.3,27265.7,3.76,4.540000000000001,2026-06-14T10:34:32.467919,open-meteo.com
2025-10-20,Arua,West Nile,3.0579963,30.894438,1211.0,24.8,17.5,14.5,14.5,13.0,99,63,18.9,27784.11,3.27,11.23,2026-06-14T10:34:32.467979,open-meteo.com
2025-10-21,Arua,West Nile,3.0579963,30.894438,1211.0,25.7,17.4,16.8,16.8,11.0,96,69,9.4,18449.2,2.77,14.030000000000001,2026-06-14T10:34:32.468024,open-meteo.com
2025-10-22,Arua,West Nile,3.0579963,30.894438,1211.0,26.1,17.8,1.3,1.3,5.0,96,55,6.9,34218.75,4.05,-2.75,2026-06-14T10:34:32.468065,open-meteo.com
2025-10-23,Arua,West Nile,3.0579963,30.894438,1211.0,25.8,18.2,3.4,3.4,8.0,99,57,14.1,27332.55,3.86,-0.45999999999999996,2026-06-14T10:34:32.468106,open-meteo.com
2025-10-24,Arua,West Nile,3.0579963,30.894438,1211.0,27.0,17.6,0.6,0.6,2.0,94,56,13.8,41754.97,4.62,-4.0200000000000005,2026-06-14T10:34:32.468147,open-meteo.com
2025-10-25,Arua,West Nile,3.0579963,30.894438,1211.0,26.9,18.0,2.1,2.1,8.0,97,56,20.7,40587.04,4.56,-2.4599999999999995,2026-06-14T10:34:32.468189,open-meteo.com
2025-10-26,Arua,West Nile,3.0579963,30.894438,1211.0,26.8,17.8,1.9,1.9,9.0,94,59,11.6,39600.0,4.24,-2.3400000000000003,2026-06-14T10:34:32.468230,open-meteo.com
2025-10-27,Arua,West Nile,3.0579963,30.894438,1211.0,26.9,18.1,0.4,0.4,4.0,92,57,9.5,40839.83,3.81,-3.41,2026-06-14T10:34:32.468287,open-meteo.com
2025-10-28,Arua,West Nile,3.0579963,30.894438,1211.0,27.2,17.3,0.1,0.1,1.0,100,59,13.1,40374.69,4.49,-4.390000000000001,2026-06-14T10:34:32.468329,open-meteo.com
2025-10-29,Arua,West Nile,3.0579963,30.894438,1211.0,26.4,18.0,8.1,8.1,14.0,98,61,14.9,37254.29,4.35,3.75,2026-06-14T10:34:32.468370,open-meteo.com
2025-10-30,Arua,West Nile,3.0579963,30.894438,1211.0,24.8,18.2,6.5,6.5,12.0,97,64,13.3,22781.36,3.15,3.35,2026-06-14T10:34:32.468411,open-meteo.com
2025-10-31,Arua,West Nile,3.0579963,30.894438,1211.0,25.2,18.2,12.4,12.4,12.0,99,67,8.7,23774.93,3.27,9.13,2026-06-14T10:34:32.468452,open-meteo.com
2025-11-01,Arua,West Nile,3.0579963,30.894438,1211.0,22.4,18.0,7.0,7.0,14.0,100,74,8.2,11463.61,1.78,5.22,2026-06-14T10:34:32.468494,open-meteo.com
2025-11-02,Arua,West Nile,3.0579963,30.894438,1211.0,25.0,18.1,0.4,0.4,3.0,95,61,15.1,28196.85,3.28,-2.88,2026-06-14T10:34:32.468535,open-meteo.com
2025-11-03,Arua,West Nile,3.0579963,30.894438,1211.0,25.8,17.1,1.6,1.6,6.0,99,63,16.5,35823.95,3.62,-2.02,2026-06-14T10:34:32.468576,open-meteo.com
2025-11-04,Arua,West Nile,3.0579963,30.894438,1211.0,25.5,18.0,0.7,0.7,4.0,100,63,15.0,41130.76,4.09,-3.3899999999999997,2026-06-14T10:34:32.468619,open-meteo.com
2025-11-05,Arua,West Nile,3.0579963,30.894438,1211.0,26.9,18.0,4.7,4.7,8.0,95,54,20.0,41135.66,4.29,0.41000000000000014,2026-06-14T10:34:32.468660,open-meteo.com
2025-11-06,Arua,West Nile,3.0579963,30.894438,1211.0,27.0,16.8,1.8,1.8,7.0,96,56,14.2,40660.79,4.16,-2.3600000000000003,2026-06-14T10:34:32.468711,open-meteo.com
2025-11-07,Arua,West Nile,3.0579963,30.894438,1211.0,27.3,18.4,0.1,0.1,1.0,88,52,12.1,40904.27,4.59,-4.49,2026-06-14T10:34:32.468752,open-meteo.com
2025-11-08,Arua,West Nile,3.0579963,30.894438,1211.0,27.0,18.2,3.0,3.0,4.0,96,55,15.5,37064.47,4.26,-1.2599999999999998,2026-06-14T10:34:32.468819,open-meteo.com
2025-11-09,Arua,West Nile,3.0579963,30.894438,1211.0,25.8,17.4,13.9,13.9,9.0,99,57,17.1,38077.35,4.07,9.83,2026-06-14T10:34:32.468936,open-meteo.com
2025-11-10,Arua,West Nile,3.0579963,30.894438,1211.0,26.4,16.9,0.2,0.2,2.0,96,58,15.5,40430.95,4.39,-4.1899999999999995,2026-06-14T10:34:32.469015,open-meteo.com
2025-11-11,Arua,West Nile,3.0579963,30.894438,1211.0,26.8,17.0,0.7,0.7,2.0,94,52,14.1,40190.87,4.51,-3.8099999999999996,2026-06-14T10:34:32.469077,open-meteo.com
2025-11-12,Arua,West Nile,3.0579963,30.894438,1211.0,26.9,18.0,0.1,0.1,1.0,92,50,16.5,40433.48,4.62,-4.5200000000000005,2026-06-14T10:34:32.469174,open-meteo.com
2025-11-13,Arua,West Nile,3.0579963,30.894438,1211.0,28.0,18.1,0.2,0.2,1.0,77,47,18.5,40676.43,4.9,-4.7,2026-06-14T10:34:32.469257,open-meteo.com
2025-11-14,Arua,West Nile,3.0579963,30.894438,1211.0,27.5,18.5,1.8,1.8,7.0,87,50,15.2,39949.02,4.55,-2.75,2026-06-14T10:34:32.469347,open-meteo.com
2025-11-15,Arua,West Nile,3.0579963,30.894438,1211.0,26.7,18.2,0.3,0.3,2.0,91,48,15.5,41406.4,4.73,-4.430000000000001,2026-06-14T10:34:32.469423,open-meteo.com
2025-11-16,Arua,West Nile,3.0579963,30.894438,1211.0,26.7,18.0,0.3,0.3,2.0,80,46,13.2,40920.41,4.63,-4.33,2026-06-14T10:34:32.469526,open-meteo.com
2025-11-17,Arua,West Nile,3.0579963,30.894438,1211.0,26.8,17.0,0.0,0.0,0.0,87,45,15.4,41163.9,4.92,-4.92,2026-06-14T10:34:32.469624,open-meteo.com
2025-11-18,Arua,West Nile,3.0579963,30.894438,1211.0,27.9,18.1,0.0,0.0,0.0,78,45,22.3,40919.32,5.14,-5.14,2026-06-14T10:34:32.469717,open-meteo.com
2025-11-19,Arua,West Nile,3.0579963,30.894438,1211.0,28.3,18.9,0.0,0.0,0.0,76,45,14.3,40184.56,5.01,-5.01,2026-06-14T10:34:32.469804,open-meteo.com
2025-11-20,Arua,West Nile,3.0579963,30.894438,1211.0,28.1,17.6,3.2,3.2,3.0,94,45,16.5,40426.69,4.58,-1.38,2026-06-14T10:34:32.469910,open-meteo.com
2025-11-21,Arua,West Nile,3.0579963,30.894438,1211.0,28.0,18.9,0.0,0.0,0.0,71,44,18.6,40423.84,5.11,-5.11,2026-06-14T10:34:32.469959,open-meteo.com
2025-11-22,Arua,West Nile,3.0579963,30.894438,1211.0,27.8,17.8,0.0,0.0,0.0,77,36,23.5,40911.61,5.21,-5.21,2026-06-14T10:34:32.470001,open-meteo.com
2025-11-23,Arua,West Nile,3.0579963,30.894438,1211.0,28.8,16.8,0.0,0.0,0.0,77,31,22.9,41154.34,5.72,-5.72,2026-06-14T10:34:32.470042,open-meteo.com
2025-11-24,Arua,West Nile,3.0579963,30.894438,1211.0,29.1,18.0,0.0,0.0,0.0,68,32,18.4,41150.88,5.26,-5.26,2026-06-14T10:34:32.470082,open-meteo.com
2025-11-25,Arua,West Nile,3.0579963,30.894438,1211.0,29.0,18.5,0.1,0.1,1.0,71,37,24.0,41146.82,5.42,-5.32,2026-06-14T10:34:32.470122,open-meteo.com
2025-11-26,Arua,West Nile,3.0579963,30.894438,1211.0,28.6,19.0,0.2,0.2,2.0,83,38,22.8,41389.02,5.23,-5.03,2026-06-14T10:34:32.470177,open-meteo.com
2025-11-27,Arua,West Nile,3.0579963,30.894438,1211.0,29.8,18.2,0.0,0.0,0.0,86,32,23.2,41136.92,5.57,-5.57,2026-06-14T10:34:32.470219,open-meteo.com
2025-11-28,Arua,West Nile,3.0579963,30.894438,1211.0,30.2,19.1,0.0,0.0,0.0,68,28,20.6,40883.67,5.56,-5.56,2026-06-14T10:34:32.470260,open-meteo.com
2025-11-29,Arua,West Nile,3.0579963,30.894438,1211.0,29.2,19.2,0.0,0.0,0.0,65,33,20.8,39726.6,5.43,-5.43,2026-06-14T10:34:32.470300,open-meteo.com
2025-11-30,Arua,West Nile,3.0579963,30.894438,1211.0,30.5,19.3,0.0,0.0,0.0,58,28,19.6,40621.91,5.89,-5.89,2026-06-14T10:34:32.470341,open-meteo.com
2025-12-01,Arua,West Nile,3.0579963,30.894438,1211.0,30.7,18.5,0.0,0.0,0.0,78,25,22.7,41607.59,6.07,-6.07,2026-06-14T10:34:32.470381,open-meteo.com
2025-12-02,Arua,West Nile,3.0579963,30.894438,1211.0,31.1,19.3,0.0,0.0,0.0,51,20,20.2,41103.12,6.13,-6.13,2026-06-14T10:34:32.470422,open-meteo.com
2025-12-03,Arua,West Nile,3.0579963,30.894438,1211.0,31.1,18.8,0.0,0.0,0.0,46,22,18.6,40597.16,5.92,-5.92,2026-06-14T10:34:32.470462,open-meteo.com
2025-12-04,Arua,West Nile,3.0579963,30.894438,1211.0,30.8,17.9,0.0,0.0,0.0,51,25,19.9,39600.0,5.93,-5.93,2026-06-14T10:34:32.470505,open-meteo.com
2025-12-05,Arua,West Nile,3.0579963,30.894438,1211.0,30.6,18.7,0.0,0.0,0.0,75,26,19.2,41825.85,5.28,-5.28,2026-06-14T10:34:32.470546,open-meteo.com
2025-12-06,Arua,West Nile,3.0579963,30.894438,1211.0,30.4,17.3,0.0,0.0,0.0,84,25,25.0,42066.98,5.86,-5.86,2026-06-14T10:34:32.470613,open-meteo.com
2025-12-07,Arua,West Nile,3.0579963,30.894438,1211.0,31.5,20.0,0.1,0.1,1.0,77,23,26.9,41558.48,5.99,-5.890000000000001,2026-06-14T10:34:32.470666,open-meteo.com
2025-12-08,Arua,West Nile,3.0579963,30.894438,1211.0,30.3,19.0,0.0,0.0,0.0,76,25,22.4,41549.02,5.94,-5.94,2026-06-14T10:34:32.470708,open-meteo.com
2025-12-09,Arua,West Nile,3.0579963,30.894438,1211.0,31.7,19.0,0.0,0.0,0.0,77,24,17.2,40788.34,6.03,-6.03,2026-06-14T10:34:32.470749,open-meteo.com
2025-12-10,Arua,West Nile,3.0579963,30.894438,1211.0,29.1,17.9,0.3,0.3,2.0,91,33,19.6,38350.46,4.76,-4.46,2026-06-14T10:34:32.470818,open-meteo.com
2025-12-11,Arua,West Nile,3.0579963,30.894438,1211.0,31.2,19.0,0.0,0.0,0.0,73,26,18.8,41268.16,5.94,-5.94,2026-06-14T10:34:32.470933,open-meteo.com
2025-12-12,Arua,West Nile,3.0579963,30.894438,1211.0,28.5,19.1,15.6,15.6,7.0,80,39,16.8,41759.03,4.86,10.739999999999998,2026-06-14T10:34:32.470979,open-meteo.com
2025-12-13,Arua,West Nile,3.0579963,30.894438,1211.0,27.4,18.5,0.3,0.3,3.0,78,40,14.8,41246.34,4.32,-4.0200000000000005,2026-06-14T10:34:32.471020,open-meteo.com
2025-12-14,Arua,West Nile,3.0579963,30.894438,1211.0,27.8,18.1,0.3,0.3,3.0,91,46,18.0,40983.58,4.65,-4.3500000000000005,2026-06-14T10:34:32.471061,open-meteo.com
2025-12-15,Arua,West Nile,3.0579963,30.894438,1211.0,28.2,18.9,0.8,0.8,4.0,83,42,18.0,41222.36,4.72,-3.92,2026-06-14T10:34:32.471102,open-meteo.com
2025-12-16,Arua,West Nile,3.0579963,30.894438,1211.0,28.8,18.1,0.6,0.6,4.0,92,41,12.2,41712.09,4.82,-4.220000000000001,2026-06-14T10:34:32.471157,open-meteo.com
2025-12-17,Arua,West Nile,3.0579963,30.894438,1211.0,27.9,18.6,0.0,0.0,0.0,69,29,12.1,42440.64,4.85,-4.85,2026-06-14T10:34:32.471199,open-meteo.com
2025-12-18,Arua,West Nile,3.0579963,30.894438,1211.0,29.1,18.0,0.0,0.0,0.0,68,30,14.5,41182.31,5.13,-5.13,2026-06-14T10:34:32.471239,open-meteo.com
2025-12-19,Arua,West Nile,3.0579963,30.894438,1211.0,29.2,18.0,0.0,0.0,0.0,69,35,17.2,41671.05,5.39,-5.39,2026-06-14T10:34:32.471279,open-meteo.com
2025-12-20,Arua,West Nile,3.0579963,30.894438,1211.0,29.6,18.0,0.0,0.0,0.0,77,36,16.4,41656.5,5.24,-5.24,2026-06-14T10:34:32.471320,open-meteo.com
2025-12-21,Arua,West Nile,3.0579963,30.894438,1211.0,28.6,19.1,0.3,0.3,3.0,72,43,18.6,42144.73,4.66,-4.36,2026-06-14T10:34:32.471361,open-meteo.com
2025-12-22,Arua,West Nile,3.0579963,30.894438,1211.0,28.6,18.1,0.5,0.5,4.0,91,45,15.5,41526.88,4.48,-3.9800000000000004,2026-06-14T10:34:32.471401,open-meteo.com
2025-12-23,Arua,West Nile,3.0579963,30.894438,1211.0,28.9,18.0,0.3,0.3,3.0,87,43,18.1,42069.1,4.78,-4.48,2026-06-14T10:34:32.471443,open-meteo.com
2025-12-24,Arua,West Nile,3.0579963,30.894438,1211.0,29.0,18.8,0.0,0.0,0.0,78,37,20.1,41016.42,5.1,-5.1,2026-06-14T10:34:32.471483,open-meteo.com
2025-12-25,Arua,West Nile,3.0579963,30.894438,1211.0,28.9,18.0,2.0,2.0,9.0,88,40,18.8,41724.9,4.81,-2.8099999999999996,2026-06-14T10:34:32.471524,open-meteo.com
2025-12-26,Arua,West Nile,3.0579963,30.894438,1211.0,29.8,18.5,0.0,0.0,0.0,87,32,14.9,41161.7,4.77,-4.77,2026-06-14T10:34:32.471576,open-meteo.com
2025-12-27,Arua,West Nile,3.0579963,30.894438,1211.0,31.4,18.8,0.2,0.2,2.0,80,27,17.8,40744.55,5.47,-5.27,2026-06-14T10:34:32.471617,open-meteo.com
2025-12-28,Arua,West Nile,3.0579963,30.894438,1211.0,29.0,21.0,0.0,0.0,0.0,64,31,18.6,32647.2,5.19,-5.19,2026-06-14T10:34:32.471658,open-meteo.com
2025-12-29,Arua,West Nile,3.0579963,30.894438,1211.0,27.4,19.6,0.3,0.3,2.0,84,42,16.9,36000.0,4.03,-3.7300000000000004,2026-06-14T10:34:32.471698,open-meteo.com
2025-12-30,Arua,West Nile,3.0579963,30.894438,1211.0,28.0,18.5,0.0,0.0,0.0,83,34,16.5,26039.08,3.85,-3.85,2026-06-14T10:34:32.471739,open-meteo.com
2025-12-31,Arua,West Nile,3.0579963,30.894438,1211.0,27.4,17.8,0.0,0.0,0.0,71,26,14.5,39738.18,4.79,-4.79,2026-06-14T10:34:32.471780,open-meteo.com
2026-01-01,Arua,West Nile,3.0579963,30.894438,1211.0,29.8,17.1,0.0,0.0,0.0,48,24,22.3,37257.33,5.69,-5.69,2026-06-14T10:34:32.471822,open-meteo.com
2026-01-02,Arua,West Nile,3.0579963,30.894438,1211.0,30.9,18.5,0.0,0.0,0.0,63,28,18.4,41874.83,5.45,-5.45,2026-06-14T10:34:32.471863,open-meteo.com
2026-01-03,Arua,West Nile,3.0579963,30.894438,1211.0,29.8,18.9,0.0,0.0,0.0,72,30,19.6,42594.32,5.63,-5.63,2026-06-14T10:34:32.471955,open-meteo.com
2026-01-04,Arua,West Nile,3.0579963,30.894438,1211.0,30.2,19.9,0.0,0.0,0.0,59,29,19.5,42597.41,6.2,-6.2,2026-06-14T10:34:32.472060,open-meteo.com
2026-01-05,Arua,West Nile,3.0579963,30.894438,1211.0,30.1,18.3,0.0,0.0,0.0,54,30,17.8,42600.7,6.38,-6.38,2026-06-14T10:34:32.472122,open-meteo.com
2026-01-06,Arua,West Nile,3.0579963,30.894438,1211.0,31.3,19.2,0.0,0.0,0.0,55,24,15.4,42604.21,5.71,-5.71,2026-06-14T10:34:32.472200,open-meteo.com
2026-01-07,Arua,West Nile,3.0579963,30.894438,1211.0,31.9,18.8,0.0,0.0,0.0,54,21,16.0,42607.93,6.02,-6.02,2026-06-14T10:34:32.472243,open-meteo.com
2026-01-08,Arua,West Nile,3.0579963,30.894438,1211.0,31.5,18.8,0.0,0.0,0.0,41,18,16.8,42126.17,6.65,-6.65,2026-06-14T10:34:32.472284,open-meteo.com
2026-01-09,Arua,West Nile,3.0579963,30.894438,1211.0,31.5,19.1,0.0,0.0,0.0,52,20,17.5,38528.66,5.52,-5.52,2026-06-14T10:34:32.472324,open-meteo.com
2026-01-10,Arua,West Nile,3.0579963,30.894438,1211.0,31.6,18.3,0.0,0.0,0.0,50,22,15.5,36976.98,6.04,-6.04,2026-06-14T10:34:32.472405,open-meteo.com
2026-01-11,Arua,West Nile,3.0579963,30.894438,1211.0,31.0,18.2,0.0,0.0,0.0,50,24,14.6,28210.66,5.39,-5.39,2026-06-14T10:34:32.472486,open-meteo.com
2026-01-12,Arua,West Nile,3.0579963,30.894438,1211.0,30.8,18.2,0.0,0.0,0.0,71,25,19.8,40406.69,5.8,-5.8,2026-06-14T10:34:32.472554,open-meteo.com
2026-01-13,Arua,West Nile,3.0579963,30.894438,1211.0,31.6,18.5,0.0,0.0,0.0,53,20,17.3,42614.45,5.96,-5.96,2026-06-14T10:34:32.472597,open-meteo.com
2026-01-14,Arua,West Nile,3.0579963,30.894438,1211.0,31.3,20.2,0.0,0.0,0.0,55,20,19.1,42594.13,6.55,-6.55,2026-06-14T10:34:32.472638,open-meteo.com
2026-01-15,Arua,West Nile,3.0579963,30.894438,1211.0,31.3,19.6,0.0,0.0,0.0,49,18,19.5,42574.55,6.81,-6.81,2026-06-14T10:34:32.472694,open-meteo.com
2026-01-16,Arua,West Nile,3.0579963,30.894438,1211.0,31.5,19.2,0.0,0.0,0.0,47,21,18.5,40180.52,6.48,-6.48,2026-06-14T10:34:32.472736,open-meteo.com
2026-01-17,Arua,West Nile,3.0579963,30.894438,1211.0,31.1,18.5,0.0,0.0,0.0,66,22,20.3,42537.87,6.9,-6.9,2026-06-14T10:34:32.472777,open-meteo.com
2026-01-18,Arua,West Nile,3.0579963,30.894438,1211.0,32.3,20.6,0.0,0.0,0.0,42,21,18.9,41934.22,6.74,-6.74,2026-06-14T10:34:32.472818,open-meteo.com
2026-01-19,Arua,West Nile,3.0579963,30.894438,1211.0,30.8,20.2,0.0,0.0,0.0,70,33,19.8,42504.88,6.28,-6.28,2026-06-14T10:34:32.472859,open-meteo.com
2026-01-20,Arua,West Nile,3.0579963,30.894438,1211.0,31.4,18.5,0.4,0.4,3.0,79,25,21.8,42489.93,5.81,-5.409999999999999,2026-06-14T10:34:32.472936,open-meteo.com
2026-01-21,Arua,West Nile,3.0579963,30.894438,1211.0,34.2,20.8,0.0,0.0,0.0,53,17,25.8,42476.05,6.69,-6.69,2026-06-14T10:34:32.472981,open-meteo.com
2026-01-22,Arua,West Nile,3.0579963,30.894438,1211.0,33.6,21.8,0.0,0.0,0.0,40,14,24.6,38863.34,6.89,-6.89,2026-06-14T10:34:32.473022,open-meteo.com
2026-01-23,Arua,West Nile,3.0579963,30.894438,1211.0,32.0,17.0,0.0,0.0,0.0,85,20,21.7,42451.56,6.24,-6.24,2026-06-14T10:34:32.473063,open-meteo.com
2026-01-24,Arua,West Nile,3.0579963,30.894438,1211.0,33.4,18.5,0.0,0.0,0.0,51,14,18.0,42440.62,6.65,-6.65,2026-06-14T10:34:32.473103,open-meteo.com
2026-01-25,Arua,West Nile,3.0579963,30.894438,1211.0,34.5,21.4,0.0,0.0,0.0,42,16,15.4,38753.16,6.7,-6.7,2026-06-14T10:34:32.473154,open-meteo.com
2026-01-26,Arua,West Nile,3.0579963,30.894438,1211.0,33.0,19.4,0.0,0.0,0.0,63,21,19.5,35754.79,5.94,-5.94,2026-06-14T10:34:32.473196,open-meteo.com
2026-01-27,Arua,West Nile,3.0579963,30.894438,1211.0,32.2,22.5,0.0,0.0,0.0,44,20,16.0,36558.52,5.74,-5.74,2026-06-14T10:34:32.473246,open-meteo.com
2026-01-28,Arua,West Nile,3.0579963,30.894438,1211.0,29.2,20.5,3.2,3.2,8.0,90,37,14.8,24564.06,4.05,-0.8499999999999996,2026-06-14T10:34:32.473288,open-meteo.com
2026-01-29,Arua,West Nile,3.0579963,30.894438,1211.0,30.6,19.9,0.0,0.0,0.0,72,34,18.0,40867.2,5.44,-5.44,2026-06-14T10:34:32.473329,open-meteo.com
2026-01-30,Arua,West Nile,3.0579963,30.894438,1211.0,31.6,21.0,0.0,0.0,0.0,69,27,11.1,41350.02,5.34,-5.34,2026-06-14T10:34:32.473372,open-meteo.com
2026-01-31,Arua,West Nile,3.0579963,30.894438,1211.0,30.4,19.1,0.0,0.0,0.0,73,28,19.7,42072.55,5.99,-5.99,2026-06-14T10:34:32.473413,open-meteo.com
2026-02-01,Arua,West Nile,3.0579963,30.894438,1211.0,30.5,19.1,0.1,0.1,1.0,79,30,24.2,34647.7,5.27,-5.17,2026-06-14T10:34:32.473453,open-meteo.com
2026-02-02,Arua,West Nile,3.0579963,30.894438,1211.0,29.9,18.6,0.0,0.0,0.0,86,31,15.5,41823.55,5.28,-5.28,2026-06-14T10:34:32.473496,open-meteo.com
2026-02-03,Arua,West Nile,3.0579963,30.894438,1211.0,31.0,19.0,0.0,0.0,0.0,80,28,19.2,42375.84,6.19,-6.19,2026-06-14T10:34:32.473537,open-meteo.com
2026-02-04,Arua,West Nile,3.0579963,30.894438,1211.0,32.0,19.8,0.0,0.0,0.0,56,28,18.2,42373.73,6.01,-6.01,2026-06-14T10:34:32.473587,open-meteo.com
2026-02-05,Arua,West Nile,3.0579963,30.894438,1211.0,31.5,19.7,1.8,1.8,3.0,70,29,19.6,40059.18,5.38,-3.58,2026-06-14T10:34:32.473629,open-meteo.com
2026-02-06,Arua,West Nile,3.0579963,30.894438,1211.0,31.2,18.5,1.2,1.2,2.0,72,30,20.7,42043.91,5.45,-4.25,2026-06-14T10:34:32.473669,open-meteo.com
2026-02-07,Arua,West Nile,3.0579963,30.894438,1211.0,29.0,20.0,2.3,2.3,5.0,72,35,21.0,41320.96,4.63,-2.33,2026-06-14T10:34:32.473710,open-meteo.com
2026-02-08,Arua,West Nile,3.0579963,30.894438,1211.0,30.5,19.6,0.7,0.7,3.0,79,36,17.2,38988.82,5.22,-4.52,2026-06-14T10:34:32.473750,open-meteo.com
2026-02-09,Arua,West Nile,3.0579963,30.894438,1211.0,30.1,18.4,9.6,9.6,6.0,85,34,21.0,29869.74,4.66,4.9399999999999995,2026-06-14T10:34:32.473790,open-meteo.com
2026-02-10,Arua,West Nile,3.0579963,30.894438,1211.0,27.9,17.1,7.9,7.9,8.0,95,45,15.6,40590.7,4.74,3.16,2026-06-14T10:34:32.473831,open-meteo.com
2026-02-11,Arua,West Nile,3.0579963,30.894438,1211.0,29.2,17.3,0.2,0.2,1.0,90,38,17.3,42380.77,5.27,-5.069999999999999,2026-06-14T10:34:32.473871,open-meteo.com
2026-02-12,Arua,West Nile,3.0579963,30.894438,1211.0,29.8,18.1,4.4,4.4,3.0,94,32,17.6,42241.06,5.42,-1.0199999999999996,2026-06-14T10:34:32.473927,open-meteo.com
2026-02-13,Arua,West Nile,3.0579963,30.894438,1211.0,30.1,19.9,0.9,0.9,3.0,67,34,17.9,40337.26,5.29,-4.39,2026-06-14T10:34:32.473969,open-meteo.com
2026-02-14,Arua,West Nile,3.0579963,30.894438,1211.0,28.6,18.7,1.4,1.4,4.0,87,39,20.5,40331.16,5.04,-3.64,2026-06-14T10:34:32.474020,open-meteo.com
2026-02-15,Arua,West Nile,3.0579963,30.894438,1211.0,29.0,18.6,1.1,1.1,4.0,89,38,19.4,40484.01,4.94,-3.8400000000000003,2026-06-14T10:34:32.474061,open-meteo.com
2026-02-16,Arua,West Nile,3.0579963,30.894438,1211.0,29.0,19.4,0.0,0.0,0.0,80,38,16.6,33674.34,4.07,-4.07,2026-06-14T10:34:32.474102,open-meteo.com
2026-02-17,Arua,West Nile,3.0579963,30.894438,1211.0,31.0,19.7,2.4,2.4,1.0,72,33,14.6,25499.14,4.2,-1.8000000000000003,2026-06-14T10:34:32.474152,open-meteo.com
2026-02-18,Arua,West Nile,3.0579963,30.894438,1211.0,27.4,18.5,16.7,16.7,10.0,94,47,19.3,37408.86,4.23,12.469999999999999,2026-06-14T10:34:32.474194,open-meteo.com
2026-02-19,Arua,West Nile,3.0579963,30.894438,1211.0,25.8,18.2,1.3,1.3,5.0,94,54,18.7,28662.25,3.72,-2.42,2026-06-14T10:34:32.474235,open-meteo.com
2026-02-20,Arua,West Nile,3.0579963,30.894438,1211.0,29.0,18.5,0.0,0.0,0.0,91,41,14.2,39600.0,5.12,-5.12,2026-06-14T10:34:32.474276,open-meteo.com
2026-02-21,Arua,West Nile,3.0579963,30.894438,1211.0,27.9,18.0,7.3,7.3,11.0,92,46,11.7,38541.79,4.23,3.0699999999999994,2026-06-14T10:34:32.474317,open-meteo.com
2026-02-22,Arua,West Nile,3.0579963,30.894438,1211.0,29.5,19.0,0.1,0.1,1.0,79,30,20.9,27289.43,5.15,-5.050000000000001,2026-06-14T10:34:32.474358,open-meteo.com
2026-02-23,Arua,West Nile,3.0579963,30.894438,1211.0,29.9,19.0,0.0,0.0,0.0,82,23,16.5,36763.53,5.68,-5.68,2026-06-14T10:34:32.474399,open-meteo.com
2026-02-24,Arua,West Nile,3.0579963,30.894438,1211.0,30.2,18.4,0.0,0.0,0.0,49,18,13.5,42503.67,6.67,-6.67,2026-06-14T10:34:32.474450,open-meteo.com
2026-02-25,Arua,West Nile,3.0579963,30.894438,1211.0,30.5,17.6,0.0,0.0,0.0,36,20,15.8,42517.78,6.59,-6.59,2026-06-14T10:34:32.474492,open-meteo.com
2026-02-26,Arua,West Nile,3.0579963,30.894438,1211.0,30.8,18.2,0.0,0.0,0.0,44,19,17.9,42532.32,6.85,-6.85,2026-06-14T10:34:32.474535,open-meteo.com
2026-02-27,Arua,West Nile,3.0579963,30.894438,1211.0,30.2,17.6,0.0,0.0,0.0,54,28,13.0,41491.43,5.33,-5.33,2026-06-14T10:34:32.474576,open-meteo.com
2026-02-28,Arua,West Nile,3.0579963,30.894438,1211.0,31.2,21.1,0.0,0.0,0.0,62,23,15.5,24321.41,5.04,-5.04,2026-06-14T10:34:32.474617,open-meteo.com
2026-03-01,Arua,West Nile,3.0579963,30.894438,1211.0,28.9,20.8,1.7,1.7,5.0,76,32,14.9,24000.76,4.3,-2.5999999999999996,2026-06-14T10:34:32.474658,open-meteo.com
2026-03-02,Arua,West Nile,3.0579963,30.894438,1211.0,28.9,19.5,1.9,1.9,7.0,82,44,13.2,37123.09,4.69,-2.7900000000000005,2026-06-14T10:34:32.474699,open-meteo.com
2026-03-03,Arua,West Nile,3.0579963,30.894438,1211.0,26.5,18.1,5.6,5.6,7.0,95,47,15.6,30635.37,3.82,1.7799999999999998,2026-06-14T10:34:32.474740,open-meteo.com
2026-03-04,Arua,West Nile,3.0579963,30.894438,1211.0,30.3,19.7,0.5,0.5,3.0,77,31,11.3,41217.76,5.04,-4.54,2026-06-14T10:34:32.474780,open-meteo.com
2026-03-05,Arua,West Nile,3.0579963,30.894438,1211.0,30.5,19.0,0.0,0.0,0.0,84,22,12.6,34392.04,5.41,-5.41,2026-06-14T10:34:32.474820,open-meteo.com
2026-03-06,Arua,West Nile,3.0579963,30.894438,1211.0,29.9,19.1,0.0,0.0,0.0,73,30,16.6,32130.02,4.23,-4.23,2026-06-14T10:34:32.474871,open-meteo.com
2026-03-07,Arua,West Nile,3.0579963,30.894438,1211.0,31.3,19.9,0.5,0.5,3.0,80,24,17.1,40935.04,6.16,-5.66,2026-06-14T10:34:32.474930,open-meteo.com
2026-03-08,Arua,West Nile,3.0579963,30.894438,1211.0,31.5,20.0,0.2,0.2,2.0,64,30,16.7,42701.23,5.81,-5.609999999999999,2026-06-14T10:34:32.474971,open-meteo.com
2026-03-09,Arua,West Nile,3.0579963,30.894438,1211.0,31.5,21.0,0.7,0.7,1.0,73,33,17.7,42721.44,6.32,-5.62,2026-06-14T10:34:32.475011,open-meteo.com
2026-03-10,Arua,West Nile,3.0579963,30.894438,1211.0,30.2,19.6,6.7,6.7,11.0,93,37,15.7,34891.53,5.04,1.6600000000000001,2026-06-14T10:34:32.475052,open-meteo.com
2026-03-11,Arua,West Nile,3.0579963,30.894438,1211.0,30.0,20.1,1.3,1.3,5.0,79,40,18.6,39600.0,5.16,-3.8600000000000003,2026-06-14T10:34:32.475093,open-meteo.com
2026-03-12,Arua,West Nile,3.0579963,30.894438,1211.0,29.6,19.5,1.0,1.0,7.0,80,39,14.4,42627.25,5.12,-4.12,2026-06-14T10:34:32.475133,open-meteo.com
2026-03-13,Arua,West Nile,3.0579963,30.894438,1211.0,29.1,19.2,6.6,6.6,8.0,91,41,16.9,32110.14,4.44,2.1599999999999993,2026-06-14T10:34:32.475173,open-meteo.com
2026-03-14,Arua,West Nile,3.0579963,30.894438,1211.0,31.1,20.6,0.6,0.6,3.0,86,33,20.5,30564.38,5.32,-4.720000000000001,2026-06-14T10:34:32.475213,open-meteo.com
2026-03-15,Arua,West Nile,3.0579963,30.894438,1211.0,30.2,20.1,6.4,6.4,7.0,91,39,24.1,40512.96,5.41,0.9900000000000002,2026-06-14T10:34:32.475254,open-meteo.com
2026-03-16,Arua,West Nile,3.0579963,30.894438,1211.0,29.9,19.6,0.3,0.3,2.0,84,36,18.9,42873.69,5.51,-5.21,2026-06-14T10:34:32.475304,open-meteo.com
2026-03-17,Arua,West Nile,3.0579963,30.894438,1211.0,29.5,19.6,0.7,0.7,2.0,88,38,19.0,42896.24,5.1,-4.3999999999999995,2026-06-14T10:34:32.475346,open-meteo.com
2026-03-18,Arua,West Nile,3.0579963,30.894438,1211.0,28.2,18.7,6.6,6.6,8.0,93,46,25.6,33527.98,4.56,2.04,2026-06-14T10:34:32.475386,open-meteo.com
2026-03-19,Arua,West Nile,3.0579963,30.894438,1211.0,28.0,18.5,8.1,8.1,15.0,94,48,14.2,33024.11,4.08,4.02,2026-06-14T10:34:32.475426,open-meteo.com
2026-03-20,Arua,West Nile,3.0579963,30.894438,1211.0,28.9,19.0,10.9,10.9,5.0,86,45,13.6,41724.28,4.41,6.49,2026-06-14T10:34:32.475476,open-meteo.com
2026-03-21,Arua,West Nile,3.0579963,30.894438,1211.0,28.7,18.1,3.7,3.7,1.0,95,47,18.3,36770.5,4.53,-0.8300000000000001,2026-06-14T10:34:32.475519,open-meteo.com
2026-03-22,Arua,West Nile,3.0579963,30.894438,1211.0,27.0,18.4,15.3,15.3,15.0,96,51,15.6,32449.31,3.37,11.93,2026-06-14T10:34:32.475559,open-meteo.com
2026-03-23,Arua,West Nile,3.0579963,30.894438,1211.0,28.5,18.6,6.3,6.3,6.0,94,51,18.6,43029.79,4.82,1.4799999999999995,2026-06-14T10:34:32.475600,open-meteo.com
2026-03-24,Arua,West Nile,3.0579963,30.894438,1211.0,25.8,18.0,6.0,6.0,12.0,97,59,20.2,36273.18,3.8,2.2,2026-06-14T10:34:32.475651,open-meteo.com
2026-03-25,Arua,West Nile,3.0579963,30.894438,1211.0,25.9,18.2,15.1,15.1,14.0,96,61,11.6,31628.37,3.76,11.34,2026-06-14T10:34:32.475691,open-meteo.com
2026-03-26,Arua,West Nile,3.0579963,30.894438,1211.0,27.3,18.1,1.9,1.9,7.0,97,51,17.8,42238.34,4.6,-2.6999999999999997,2026-06-14T10:34:32.475742,open-meteo.com
2026-03-27,Arua,West Nile,3.0579963,30.894438,1211.0,27.5,18.0,3.1,3.1,8.0,93,52,14.7,42228.27,4.84,-1.7399999999999998,2026-06-14T10:34:32.475783,open-meteo.com
2026-03-28,Arua,West Nile,3.0579963,30.894438,1211.0,26.4,18.4,5.4,5.4,9.0,98,56,17.7,33783.09,4.39,1.0100000000000007,2026-06-14T10:34:32.475824,open-meteo.com
2026-03-29,Arua,West Nile,3.0579963,30.894438,1211.0,28.0,17.9,0.0,0.0,0.0,90,46,18.1,43166.31,5.23,-5.23,2026-06-14T10:34:32.475865,open-meteo.com
2026-03-30,Arua,West Nile,3.0579963,30.894438,1211.0,28.7,19.7,0.6,0.6,2.0,80,47,20.5,43189.77,5.11,-4.510000000000001,2026-06-14T10:34:32.475953,open-meteo.com
2026-03-31,Arua,West Nile,3.0579963,30.894438,1211.0,27.3,18.9,4.6,4.6,10.0,95,51,15.2,39381.3,4.2,0.39999999999999947,2026-06-14T10:34:32.475996,open-meteo.com
2026-04-01,Arua,West Nile,3.0579963,30.894438,1211.0,27.0,18.1,0.6,0.6,2.0,100,53,17.4,43200.0,4.63,-4.03,2026-06-14T10:34:32.476036,open-meteo.com
2026-04-02,Arua,West Nile,3.0579963,30.894438,1211.0,28.8,19.3,0.0,0.0,0.0,90,46,20.3,43200.0,5.47,-5.47,2026-06-14T10:34:32.476077,open-meteo.com
2026-04-03,Arua,West Nile,3.0579963,30.894438,1211.0,29.4,19.4,2.0,2.0,3.0,75,41,16.1,43200.0,5.56,-3.5599999999999996,2026-06-14T10:34:32.476118,open-meteo.com
2026-04-04,Arua,West Nile,3.0579963,30.894438,1211.0,28.1,18.1,1.9,1.9,5.0,96,50,16.2,39753.05,4.7,-2.8000000000000003,2026-06-14T10:34:32.476159,open-meteo.com
2026-04-05,Arua,West Nile,3.0579963,30.894438,1211.0,27.2,18.5,14.3,14.3,19.0,91,51,15.6,31335.76,3.88,10.420000000000002,2026-06-14T10:34:32.476210,open-meteo.com
2026-04-06,Arua,West Nile,3.0579963,30.894438,1211.0,27.4,17.1,6.7,6.7,5.0,97,51,14.5,43200.0,5.26,1.4400000000000004,2026-06-14T10:34:32.476252,open-meteo.com
2026-04-07,Arua,West Nile,3.0579963,30.894438,1211.0,26.5,17.9,1.5,1.5,6.0,97,54,17.4,43196.6,4.82,-3.3200000000000003,2026-06-14T10:34:32.476292,open-meteo.com
2026-04-08,Arua,West Nile,3.0579963,30.894438,1211.0,27.9,18.4,0.3,0.3,3.0,85,54,17.5,43184.82,4.78,-4.48,2026-06-14T10:34:32.476333,open-meteo.com
2026-04-09,Arua,West Nile,3.0579963,30.894438,1211.0,29.1,20.0,0.5,0.5,2.0,91,47,21.2,43173.48,5.38,-4.88,2026-06-14T10:34:32.476373,open-meteo.com
2026-04-10,Arua,West Nile,3.0579963,30.894438,1211.0,28.6,18.7,0.6,0.6,2.0,84,49,23.4,40381.57,5.33,-4.73,2026-06-14T10:34:32.476414,open-meteo.com
2026-04-11,Arua,West Nile,3.0579963,30.894438,1211.0,29.0,18.5,1.2,1.2,5.0,88,49,20.5,43152.34,5.18,-3.9799999999999995,2026-06-14T10:34:32.476454,open-meteo.com
2026-04-12,Arua,West Nile,3.0579963,30.894438,1211.0,29.5,18.9,0.5,0.5,2.0,93,45,16.8,43142.53,5.34,-4.84,2026-06-14T10:34:32.476495,open-meteo.com
2026-04-13,Arua,West Nile,3.0579963,30.894438,1211.0,29.0,19.5,0.3,0.3,2.0,81,45,21.4,43132.82,5.42,-5.12,2026-06-14T10:34:32.476534,open-meteo.com
2026-04-14,Arua,West Nile,3.0579963,30.894438,1211.0,29.5,19.5,0.2,0.2,2.0,91,43,28.5,43123.25,5.75,-5.55,2026-06-14T10:34:32.476575,open-meteo.com
2026-04-15,Arua,West Nile,3.0579963,30.894438,1211.0,29.8,19.0,0.1,0.1,1.0,93,43,22.9,43113.82,5.67,-5.57,2026-06-14T10:34:32.476625,open-meteo.com
2026-04-16,Arua,West Nile,3.0579963,30.894438,1211.0,28.5,18.9,1.2,1.2,7.0,93,47,17.2,43104.57,5.22,-4.02,2026-06-14T10:34:32.476666,open-meteo.com
2026-04-17,Arua,West Nile,3.0579963,30.894438,1211.0,27.2,19.0,2.4,2.4,5.0,98,54,18.8,28800.0,3.93,-1.5300000000000002,2026-06-14T10:34:32.476706,open-meteo.com
2026-04-18,Arua,West Nile,3.0579963,30.894438,1211.0,28.5,19.4,0.5,0.5,2.0,97,50,26.6,35357.55,5.0,-4.5,2026-06-14T10:34:32.476747,open-meteo.com
2026-04-19,Arua,West Nile,3.0579963,30.894438,1211.0,29.1,19.6,1.1,1.1,3.0,94,47,25.9,43078.21,5.36,-4.26,2026-06-14T10:34:32.476796,open-meteo.com
2026-04-20,Arua,West Nile,3.0579963,30.894438,1211.0,30.4,19.2,0.5,0.5,1.0,100,40,20.1,43069.99,5.67,-5.17,2026-06-14T10:34:32.476836,open-meteo.com
2026-04-21,Arua,West Nile,3.0579963,30.894438,1211.0,30.3,19.9,3.0,3.0,7.0,91,44,24.3,43062.1,5.31,-2.3099999999999996,2026-06-14T10:34:32.476899,open-meteo.com
2026-04-22,Arua,West Nile,3.0579963,30.894438,1211.0,30.9,19.5,0.2,0.2,2.0,96,40,19.3,43054.58,5.77,-5.569999999999999,2026-06-14T10:34:32.476953,open-meteo.com
2026-04-23,Arua,West Nile,3.0579963,30.894438,1211.0,29.2,20.0,3.9,3.9,8.0,85,45,22.1,39723.05,4.9,-1.0000000000000004,2026-06-14T10:34:32.476994,open-meteo.com
2026-04-24,Arua,West Nile,3.0579963,30.894438,1211.0,30.1,18.8,1.2,1.2,6.0,99,42,16.3,31108.08,4.18,-2.9799999999999995,2026-06-14T10:34:32.477035,open-meteo.com
2026-04-25,Arua,West Nile,3.0579963,30.894438,1211.0,25.4,19.1,7.8,7.8,12.0,98,57,10.6,21025.21,2.7,5.1,2026-06-14T10:34:32.477090,open-meteo.com
2026-04-26,Arua,West Nile,3.0579963,30.894438,1211.0,27.4,17.8,7.7,7.7,6.0,96,47,17.9,34151.01,4.37,3.33,2026-06-14T10:34:32.477132,open-meteo.com
2026-04-27,Arua,West Nile,3.0579963,30.894438,1211.0,27.2,19.0,15.6,15.6,11.0,98,57,14.9,32400.0,3.87,11.73,2026-06-14T10:34:32.477173,open-meteo.com
2026-04-28,Arua,West Nile,3.0579963,30.894438,1211.0,27.0,17.2,10.2,10.2,8.0,98,58,14.6,36962.09,4.42,5.779999999999999,2026-06-14T10:34:32.477213,open-meteo.com
2026-04-29,Arua,West Nile,3.0579963,30.894438,1211.0,26.4,18.0,2.3,2.3,6.0,95,58,18.2,43014.68,4.18,-1.88,2026-06-14T10:34:32.477254,open-meteo.com
2026-04-30,Arua,West Nile,3.0579963,30.894438,1211.0,27.7,18.2,0.3,0.3,2.0,99,51,16.5,41024.38,4.74,-4.44,2026-06-14T10:34:32.477295,open-meteo.com
2026-05-01,Arua,West Nile,3.0579963,30.894438,1211.0,26.1,19.0,19.3,19.3,8.0,98,62,18.1,25836.72,3.44,15.860000000000001,2026-06-14T10:34:32.477335,open-meteo.com
2026-05-02,Arua,West Nile,3.0579963,30.894438,1211.0,27.6,18.1,0.6,0.6,3.0,97,51,16.1,38909.34,4.44,-3.8400000000000003,2026-06-14T10:34:32.477376,open-meteo.com
2026-05-03,Arua,West Nile,3.0579963,30.894438,1211.0,28.6,18.8,0.1,0.1,1.0,99,43,19.2,41910.25,5.29,-5.19,2026-06-14T10:34:32.477417,open-meteo.com
2026-05-04,Arua,West Nile,3.0579963,30.894438,1211.0,29.7,20.0,0.1,0.1,1.0,80,45,21.5,39403.09,5.49,-5.390000000000001,2026-06-14T10:34:32.477458,open-meteo.com
2026-05-05,Arua,West Nile,3.0579963,30.894438,1211.0,28.1,19.7,13.5,13.5,8.0,91,56,15.8,26380.64,3.21,10.29,2026-06-14T10:34:32.477508,open-meteo.com
2026-05-06,Arua,West Nile,3.0579963,30.894438,1211.0,28.0,18.7,0.1,0.1,1.0,92,51,18.4,37229.78,4.73,-4.630000000000001,2026-06-14T10:34:32.477549,open-meteo.com
2026-05-07,Arua,West Nile,3.0579963,30.894438,1211.0,27.0,19.0,2.0,2.0,3.0,94,58,16.2,37646.57,4.09,-2.09,2026-06-14T10:34:32.477589,open-meteo.com
2026-05-08,Arua,West Nile,3.0579963,30.894438,1211.0,28.1,18.3,2.5,2.5,6.0,94,49,15.4,38881.06,4.81,-2.3099999999999996,2026-06-14T10:34:32.477667,open-meteo.com
2026-05-09,Arua,West Nile,3.0579963,30.894438,1211.0,26.8,18.7,11.7,11.7,11.0,95,60,17.6,28228.56,2.89,8.809999999999999,2026-06-14T10:34:32.477718,open-meteo.com
2026-05-10,Arua,West Nile,3.0579963,30.894438,1211.0,27.0,17.8,1.4,1.4,5.0,100,58,12.8,40444.25,4.5,-3.1,2026-06-14T10:34:32.477759,open-meteo.com
2026-05-11,Arua,West Nile,3.0579963,30.894438,1211.0,25.8,19.2,0.6,0.6,4.0,94,53,10.4,25974.37,3.11,-2.51,2026-06-14T10:34:32.477800,open-meteo.com
2026-05-12,Arua,West Nile,3.0579963,30.894438,1211.0,27.6,18.5,0.6,0.6,3.0,100,51,13.5,43010.8,4.56,-3.9599999999999995,2026-06-14T10:34:32.477840,open-meteo.com
2026-05-13,Arua,West Nile,3.0579963,30.894438,1211.0,28.9,18.2,12.2,12.2,10.0,94,49,13.5,41625.85,4.33,7.869999999999999,2026-06-14T10:34:32.477908,open-meteo.com
2026-05-14,Arua,West Nile,3.0579963,30.894438,1211.0,28.1,18.4,1.5,1.5,5.0,96,51,17.4,43017.31,4.65,-3.1500000000000004,2026-06-14T10:34:32.477970,open-meteo.com
2026-05-15,Arua,West Nile,3.0579963,30.894438,1211.0,29.1,18.8,0.6,0.6,5.0,100,43,17.6,35600.71,4.67,-4.07,2026-06-14T10:34:32.478023,open-meteo.com
2026-05-16,Arua,West Nile,3.0579963,30.894438,1211.0,29.0,18.9,5.4,5.4,6.0,95,43,17.5,40570.94,4.69,0.71,2026-06-14T10:34:32.478066,open-meteo.com
2026-05-17,Arua,West Nile,3.0579963,30.894438,1211.0,28.0,18.0,6.0,6.0,8.0,100,54,13.7,39600.0,4.39,1.6100000000000003,2026-06-14T10:34:32.478107,open-meteo.com
2026-05-18,Arua,West Nile,3.0579963,30.894438,1211.0,27.4,18.8,5.1,5.1,11.0,96,54,15.1,39585.55,4.41,0.6899999999999995,2026-06-14T10:34:32.478147,open-meteo.com
2026-05-19,Arua,West Nile,3.0579963,30.894438,1211.0,28.6,18.8,5.2,5.2,9.0,97,51,17.5,40574.21,4.55,0.6500000000000004,2026-06-14T10:34:32.478188,open-meteo.com
2026-05-20,Arua,West Nile,3.0579963,30.894438,1211.0,28.9,18.1,1.9,1.9,8.0,95,46,18.3,43027.72,4.66,-2.7600000000000002,2026-06-14T10:34:32.478229,open-meteo.com
2026-05-21,Arua,West Nile,3.0579963,30.894438,1211.0,27.5,17.7,2.5,2.5,9.0,98,48,22.9,43053.21,4.44,-1.9400000000000004,2026-06-14T10:34:32.478269,open-meteo.com
2026-05-22,Arua,West Nile,3.0579963,30.894438,1211.0,29.4,19.2,0.2,0.2,2.0,85,48,17.2,43059.99,5.08,-4.88,2026-06-14T10:34:32.478309,open-meteo.com
2026-05-23,Arua,West Nile,3.0579963,30.894438,1211.0,27.5,18.9,1.1,1.1,6.0,95,52,14.2,43067.45,4.68,-3.5799999999999996,2026-06-14T10:34:32.478349,open-meteo.com
2026-05-24,Arua,West Nile,3.0579963,30.894438,1211.0,29.5,18.9,0.4,0.4,3.0,92,43,21.0,43075.55,5.46,-5.06,2026-06-14T10:34:32.478390,open-meteo.com
2026-05-25,Arua,West Nile,3.0579963,30.894438,1211.0,31.0,20.1,0.0,0.0,0.0,85,35,24.1,43084.27,5.83,-5.83,2026-06-14T10:34:32.478441,open-meteo.com
2026-05-26,Arua,West Nile,3.0579963,30.894438,1211.0,31.2,19.5,0.9,0.9,4.0,89,34,18.5,43093.54,5.87,-4.97,2026-06-14T10:34:32.478483,open-meteo.com
2026-05-27,Arua,West Nile,3.0579963,30.894438,1211.0,29.8,18.9,0.1,0.1,1.0,94,40,20.5,43103.33,4.89,-4.79,2026-06-14T10:34:32.478536,open-meteo.com
2026-05-28,Arua,West Nile,3.0579963,30.894438,1211.0,29.7,19.0,0.1,0.1,1.0,96,41,22.3,43113.59,5.65,-5.550000000000001,2026-06-14T10:34:32.478577,open-meteo.com
2026-05-29,Arua,West Nile,3.0579963,30.894438,1211.0,29.3,19.5,1.3,1.3,9.0,85,39,19.8,42300.79,5.35,-4.05,2026-06-14T10:34:32.478617,open-meteo.com
2026-05-30,Arua,West Nile,3.0579963,30.894438,1211.0,30.3,20.2,0.4,0.4,4.0,79,35,20.6,43135.29,5.67,-5.27,2026-06-14T10:34:32.478657,open-meteo.com
2026-05-31,Arua,West Nile,3.0579963,30.894438,1211.0,30.5,20.2,1.0,1.0,4.0,79,35,16.9,43146.65,5.55,-4.55,2026-06-14T10:34:32.478697,open-meteo.com
2026-06-01,Arua,West Nile,3.0579963,30.894438,1211.0,31.0,19.1,1.3,1.3,6.0,95,36,19.4,43158.29,5.27,-3.9699999999999998,2026-06-14T10:34:32.478744,open-meteo.com
2026-06-02,Arua,West Nile,3.0579963,30.894438,1211.0,28.5,19.0,4.1,4.1,8.0,96,45,16.6,43170.14,4.88,-0.7800000000000002,2026-06-14T10:34:32.478772,open-meteo.com
2026-06-03,Arua,West Nile,3.0579963,30.894438,1211.0,28.5,19.2,0.5,0.5,5.0,99,44,17.9,40559.48,4.92,-4.42,2026-06-14T10:34:32.478799,open-meteo.com
2026-06-04,Arua,West Nile,3.0579963,30.894438,1211.0,30.1,19.8,0.3,0.3,3.0,88,39,17.3,43194.36,5.27,-4.97,2026-06-14T10:34:32.478832,open-meteo.com
2026-06-05,Arua,West Nile,3.0579963,30.894438,1211.0,28.7,19.7,6.9,6.9,7.0,88,43,16.1,42524.97,4.59,2.3100000000000005,2026-06-14T10:34:32.478859,open-meteo.com
2026-06-06,Arua,West Nile,3.0579963,30.894438,1211.0,29.0,18.8,0.7,0.7,5.0,91,44,13.1,43200.0,4.58,-3.88,2026-06-14T10:34:32.478898,open-meteo.com
2026-06-07,Arua,West Nile,3.0579963,30.894438,1211.0,28.8,18.9,1.6,1.6,7.0,93,39,16.5,43200.0,4.89,-3.2899999999999996,2026-06-14T10:34:32.478926,open-meteo.com
2026-06-08,Arua,West Nile,3.0579963,30.894438,1211.0,29.3,20.1,2.0,2.0,10.0,81,47,20.8,41952.42,4.81,-2.8099999999999996,2026-06-14T10:34:32.478953,open-meteo.com
2026-06-09,Arua,West Nile,3.0579963,30.894438,1211.0,30.0,20.4,1.0,1.0,4.0,81,43,20.2,43200.0,4.94,-3.9400000000000004,2026-06-14T10:34:32.478980,open-meteo.com
2026-06-10,Arua,West Nile,3.0579963,30.894438,1211.0,30.0,20.3,1.1,1.1,3.0,76,38,19.2,43200.0,5.23,-4.130000000000001,2026-06-14T10:34:32.479007,open-meteo.com
2026-06-11,Arua,West Nile,3.0579963,30.894438,1211.0,30.3,19.5,0.2,0.2,2.0,84,32,17.8,43200.0,5.5,-5.3,2026-06-14T10:34:32.479033,open-meteo.com
2026-06-12,Arua,West Nile,3.0579963,30.894438,1211.0,30.9,20.0,0.0,0.0,0.0,73,31,19.2,43200.0,5.95,-5.95,2026-06-14T10:34:32.479060,open-meteo.com
2026-06-13,Arua,West Nile,3.0579963,30.894438,1211.0,29.5,19.4,2.3,2.3,9.0,73,38,15.5,43200.0,5.24,-2.9400000000000004,2026-06-14T10:34:32.479087,open-meteo.com
2026-06-14,Arua,West Nile,3.0579963,30.894438,1211.0,31.1,19.7,0.0,0.0,0.0,84,33,19.3,43200.0,5.82,-5.82,2026-06-14T10:34:32.479121,open-meteo.com
